ticker,event_date,capm_alpha,capm_beta,capm_car_1,capm_car_5,capm_car_30,capm_car_60
AA,2015-04-13,,,,,,
AA,2016-02-11,-0.0017638888075709224,1.1194524491206979,0.016272698523580584,0.01869791111373008,0.2225766455309955,0.24881489510235602
AA,2016-04-28,-0.0009425282405266585,1.4170951017216102,0.010044158847738512,-0.08062896883173856,-0.14171503493168747,-0.05547452030770579
AA,2016-07-21,0.0002917231776918218,1.4459415275272027,-0.005379940272482282,0.007142566547441519,-0.05106365113344324,-0.16762304488677596
AAL,2019-06-05,-0.0014397084554390609,1.5011685058708542,0.023355725585907563,0.033970428482663184,0.0954316597251513,-0.0663669678038476
AAOI,2016-06-20,-0.0015229043146779459,1.70936940449918,0.010816037465951632,0.0008339887520565012,0.15542014709149654,0.8791370691915182
AAOI,2024-03-19,0.010668494285424638,2.5228391624816435,0.05304552067797517,0.01705970897574581,-0.5204718140690858,-0.9937507214225334
AAP,2016-09-06,-0.0005784650218384096,0.9770846943429885,0.019059555825974506,-0.020374922584549766,-0.06732676296991633,0.10439689369757868
AAP,2017-06-05,-0.0005207308916700658,0.9246896366336979,-0.04300044671845496,-0.04309647857922701,-0.29932916088827927,-0.30442817215063633
AAP,2023-06-13,-0.0015465740154760326,0.8553059507162449,0.04532620885230766,0.03161266066044345,0.0996732848337418,0.049843724221099284
ABBV,2019-06-28,-0.0006781007617208472,0.9083203688707655,0.03664463461818452,0.006365498603055811,-0.033082113752971945,0.0828509198008705
ABCB,2017-06-02,0.0010595929117749633,1.332650894690586,-0.005560824920280696,0.10782731643128719,0.01680885520490972,-0.0641052689122251
ABCB,2020-03-17,-0.0003585075906119376,1.3079479145937438,-0.053150693172966224,0.007196374457965685,0.02084128837221639,-0.08604557475914665
ABCB,2023-05-24,-0.0012260875898350142,1.0113896386266605,-0.016424531192458507,-0.01952515771893215,0.03698065273340641,0.24432156659286913
ABCL,2020-12-17,,,,,,
ABCL,2021-12-07,,,,,,
ABCL,2022-06-08,-0.004498882950963298,1.4697260856897159,0.1305541705081336,0.3342779913601197,0.4749711515186451,0.7293800562693518
ABR,2020-03-17,0.0006289113180594306,0.5802518267522436,-0.4180778496158214,-0.4903166626570934,0.07523769978832963,0.309169400915158
ABR,2023-11-29,-5.532555707915466e-05,1.228020552256331,0.03088509820998655,0.09190345083168622,0.15099089051964953,-0.01644596547028006
ABSI,2021-07-28,,,,,,
ABSI,2022-02-10,,,,,,
ACCO,2018-11-02,-0.0007072103704053606,0.9368980786878165,-0.005350287857227645,-0.022453240142479392,-0.12150933079530671,0.11142237411293617
ACDC,2024-05-28,-0.0018767914920659178,1.076433340875761,0.028343606182280906,-0.03134021295799094,-0.12371226812917266,-0.2849048963775277
ACHR,2024-12-13,-0.004374651114406423,1.6915425812411844,0.22922680401192858,0.36157251760495634,,
ACI,2020-08-17,,,,,,
ACI,2021-06-04,,,,,,
ACIC,2023-09-21,0.015586232139732958,0.22200724867341934,-0.026782002612840083,-0.05882179976224999,-0.436761772081,-0.7263936583415667
ACLS,2024-03-11,-0.0020273589913945285,2.352664244731636,-0.01938287695200777,-0.015152844440337135,-0.050988332862989816,0.1604860695682101
ACLX,2022-02-10,,,,,,
ACNB,2015-03-30,,,,,,
ACNB,2015-06-26,0.0003791272255557605,0.10662769135002953,0.0006775591437184064,0.027325970801691402,0.01429336795206613,0.024157255740948978
ACNB,2015-09-21,0.0005305301796024702,0.10601386531492096,0.0008163706537882114,0.02937635883975865,0.018383570723753063,0.007486847193709257
ACNB,2015-12-18,0.00036964877724223534,0.09420173582366519,0.00044117618280671914,0.005374231083653377,0.019177892968540645,0.023851256778827483
ACNB,2016-03-31,0.0004719007247404603,0.05167149983121194,-0.013217996855607197,0.009339524523757938,-0.004052310095774649,0.06329876932983539
ACNB,2016-06-21,0.0005365964518991694,0.08884971258893194,0.028516899525847867,0.05199559213496999,0.046324299873580624,0.1113421597128058
ACNB,2016-09-21,0.0011236434226369334,0.3507475558184873,0.008479910267842328,-0.017436714402984516,-0.023725219389639327,0.10234369515035927
ACNB,2016-12-21,0.00114695141067028,0.48188575121521854,-0.009348765896978592,-0.04769328874972026,-0.1442330225956462,-0.16985171848634167
ACNB,2017-03-24,0.0009135164078544646,0.7337171359932774,-0.012412971040626095,-0.027754493462497205,0.01946958209928732,-0.08398550584938147
ACNB,2017-06-21,0.000702331606760953,0.7775703339011754,0.0008574609417242243,0.02514796435250337,-0.0549285301461083,-0.12575712927633614
ACNB,2017-09-12,-0.00011044330534099081,0.7303298772425518,-0.011795768521233811,0.022495157786419747,0.012293395514824676,0.06257094748135908
ACNB,2017-12-21,-0.0011472410266741356,0.8588026105900693,0.00591593798932879,-0.0038974478514094447,-0.05304447412594971,0.05919029463233289
ACNB,2018-03-21,-0.0006301436988501178,0.9052388965008967,-0.0012532152238270973,0.016123451334610416,0.07147657136686189,0.08154582655449244
ACNB,2018-06-21,0.00019622831898144407,0.6240740270691414,0.10848962198123537,0.07402373889096775,0.037116311447947005,0.17255538939523662
ACNB,2018-12-20,0.0014242086679231859,0.752530121405765,0.03280893839865161,-0.031522201108795625,-0.2031555346481949,-0.2634923556427193
ACNB,2019-03-21,0.0011479741720124164,0.5400470567667505,-0.03179129945373994,-0.015232025647989814,0.004714678887351879,-0.05916431188479441
ACNB,2019-06-20,0.0008689499244970769,0.6211759313377279,-0.0013976410625829768,-0.022188055088430213,-0.022254600043351946,-0.10326812285331227
ACNB,2019-09-19,-7.927901784041273e-05,0.6278912399115615,0.027217033152990452,-0.019100082627324228,0.0028786653986053105,0.00878546029206967
ACNB,2019-12-20,-0.0011398066472516988,0.6545365796002561,-0.0002051766144493686,0.0007417909273137215,-0.006200124667741558,-0.025028712783783436
ACNB,2020-03-20,-0.0004072166549109909,0.9568314778544537,0.09278378250689356,0.02709362778253574,-0.02984542435067228,-0.02520905185815081
ACNB,2020-06-19,-0.001327683628350631,1.7055069851142932,-0.002216268981364424,0.056109406881841205,-0.15490676725653957,-0.15649775263499766
ACNB,2020-09-30,-0.002169607173681231,1.7932254883665233,-0.057350098185764316,-0.0022333956529553313,0.038444114902185814,0.13231442225397674
ACNB,2020-12-30,-0.0013991766725386745,1.7518396364459143,-0.024018739937625808,0.02484244328674602,-0.0010360096287978203,0.15243605413172012
ACNB,2021-04-01,-0.0024682046998584202,1.6284091951058886,-0.033282875391433875,-0.05101014301913606,-0.029851504572860576,0.0002763562913070342
ACNB,2021-06-21,-0.00014770978183813082,1.0002046457013771,-0.00585211706834368,-0.004738829975847505,-0.0330149988309316,-0.05255791551428686
ACNB,2021-09-21,0.0004901571666178063,0.9921462778312659,-0.0038669045639614296,0.016003386274469643,-0.05881450488443626,-0.034387638915165095
ACNB,2021-12-21,-2.8819194095732918e-05,0.6577962469174085,0.005658305307682122,0.04635435895460162,0.11823564469075071,0.17082117358105697
ACNB,2022-03-18,0.00028635297151339916,0.4507014235826021,0.004454503442580827,0.022485179856390813,0.034561364141472414,0.013879534116477328
ACNB,2022-07-01,0.0007481691974482863,0.3077860774800081,0.047060511551944045,0.03433939961450036,0.14287998154044768,0.016538829172631078
ACNB,2022-09-20,0.001309035237349672,0.2563010460685678,-0.00011894080717194397,-0.04629900777311795,0.06723211660895134,0.09714995923679406
ACNB,2022-12-20,0.0015202948946169042,0.39195804866601125,0.042010229786053316,0.013804034809990418,-0.055191101184588164,-0.27997143155931176
ACNB,2023-03-21,0.0011615456713453614,0.5185420593441004,-0.0024595826429378645,0.007134299400551294,-0.17327226363495132,-0.058803491037865085
ACNB,2023-06-21,-0.0010502787197169397,0.7343497463828035,0.030972687431936215,0.036019512539609694,0.11838137699553838,0.12571143987400632
ACNB,2023-09-20,1.2060382086736065e-05,0.8484397602333666,-0.010091897780000626,-0.009012216198743761,0.06430543567931851,0.2705260682624284
ACRS,2015-10-30,,,,,,
ACRS,2018-04-09,-0.002638863576894083,1.0924969769385136,0.03640995155220805,0.06259021941076844,0.17938901502532473,0.3053400019819403
ACT,2021-09-20,,,,,,
ADC,2015-06-29,0.00011819859375839261,0.5969661606954119,-0.0005206354124699256,0.02494987143131793,0.03552399902432636,0.06194157976750895
ADC,2017-05-17,0.0006551378782938656,0.42429365178563877,0.014538581972559719,0.01657502097800911,0.014693315361270888,0.04240049256795568
ADC,2019-07-16,0.0011775359711185239,0.2999140121912949,-0.013069505951340658,0.008464481864932615,0.09383773584055073,0.07310317726085058
ADC,2019-12-19,0.0010861525386828687,0.28019780263032623,-0.008559447507994327,0.006023993521003674,0.06521312779785278,-0.27186007003793705
ADC,2020-04-06,0.0007165230025100685,0.19296599576555248,0.03762531965588517,0.11987529325695169,0.031942920950619416,0.11878190359291517
ADC,2021-03-04,-0.0015350036037612754,1.0466288503055745,0.02230871692823845,0.022533107686530683,0.04215299216810299,0.1117524625897143
ADC,2021-10-08,-0.00013492787293693432,0.6222600732268853,-0.0051930945889199645,0.006469116022796175,-0.014286201034344992,0.008496508596184667
ADC,2023-05-30,6.75259662978885e-05,0.4594466929113273,0.0044674240319496,0.007161861876004445,-0.012389988384120913,-0.05286974003646253
ADC,2023-08-16,-0.0007350820263185062,0.458383050774726,0.003792198845606363,0.016382861034208145,-0.06384000179273859,-0.010593463106407023
ADC,2024-01-11,-0.0012087304244788014,0.5740882059025351,0.008506347485364645,-0.021967989152494496,-0.09253620768722759,-0.026417760904907234
ADC,2024-03-15,-0.000931095052188753,0.6683380047787639,0.014407139064251184,0.006525476799912919,0.08873115825460834,0.1284469423309411
ADM,2015-11-30,-0.0005101755982144143,1.0059988110316158,0.002181941304796771,-0.02023092228400831,0.03062765314935086,0.07199280154962219
ADMA,2015-03-23,,,,,,
ADMA,2015-12-22,-0.0006554969625331805,0.3215569965030072,-0.0062765394292892095,-0.047914810955169126,-0.3721736236336005,-0.2659714589968656
ADMA,2016-05-05,-0.0006131779702507425,0.446221460740702,-0.07293604404095694,-0.11686652655070467,0.08198662341682297,0.04492546761261407
ADPT,2019-07-03,,,,,,
ADT,2023-05-08,0.00044559948781995335,1.0955867218131146,0.053389748333630076,0.04790336378112417,-0.0025521113922177645,-0.010854875966176167
ADTN,2022-09-06,0.0015811473491693377,0.972399120552815,-0.11801324841238979,-0.18608780729894306,-0.13374150317065606,-0.2114506138571878
AES,2015-11-13,-0.0009900696241730456,0.9476090820186918,0.006424682925713486,-0.020196474374219647,0.0044920116120910816,0.10865263069626194
AES,2017-11-14,-0.0004505900066147072,0.7196136411789489,0.010790819013770787,-0.019513929486357565,-0.0201246136787702,-0.029013289592079945
AES,2020-03-23,0.00016265241464662888,0.6594321452303501,0.023342738098422244,0.05013272182461155,-0.0250257147207191,-0.032649235418977594
AES,2023-08-16,-0.0007353583451321773,1.0958989381529622,0.02108622676100237,0.022200564086975686,-0.1298154358863397,-0.04845026583403942
AES,2024-04-15,-0.0032228490801862737,1.4025239906698665,-0.02984534341415135,0.042352104543806966,0.28979500178601963,0.19632416413859674
AESI,2023-03-15,,,,,,
AFRM,2021-01-28,,,,,,
AGIO,2019-11-15,-0.003186737333377405,1.4228738872609061,0.05088912886488485,0.10175179251412445,0.37785688104806964,0.5042851901571738
AGM,2020-06-12,2.526952401982547e-05,1.0098470136700204,0.051708311661680995,0.027773785707276816,-0.12409970064886112,-0.005346273582720386
AGO,2020-04-02,-0.00049639726123288,0.8548913928691478,-0.09735156345393536,0.22763166203726054,-0.036552224527783894,-0.052772650838881115
AGYS,2015-03-12,,,,,,
AGYS,2020-03-23,0.0020416014115326297,0.6814020347727887,0.03351711124112837,0.009066077329156631,0.08685226091071951,0.11667015130116937
AHCO,2022-03-15,-0.003242118709428813,1.0885866953664607,0.03771314660404866,0.05398794541819463,-0.03352572207809551,0.43727545169489995
AHCO,2022-06-21,-0.0030742901412096476,1.1381005373396795,0.01803283700109745,0.05662193372685963,0.3239363474297742,0.24094330756638924
AHH,2019-06-20,0.0005024481563536106,0.5123966580739772,-0.002758490225548192,-0.042310292495877644,-0.001315866685873305,0.024760785698478085
AHH,2020-03-19,0.0007760846344996399,0.3940338428474341,-0.014415589803824541,0.17565739098868718,0.09323786576930762,0.09789176693143214
AHH,2024-04-17,-0.0013252890878265756,1.0770451596040223,0.027082656258572157,0.050122865766203034,0.10682232087492297,0.12210867825475533
AHH,2024-07-11,-0.0009399602520678572,1.000342613918088,0.06394018092017764,0.07175515739793577,0.11403265983480826,0.038121129135958075
AHH,2024-10-07,2.25345294010191e-05,0.8065399027321308,0.003308595890597863,-0.01412539430257716,0.00019761898092823457,
AI,2017-11-06,,,,,,
AIN,2024-11-05,-0.001459755173213148,1.2295167788733887,0.093272102931788,0.10174120447363885,0.11723550196827895,
ALAB,2024-03-22,,,,,,
ALB,2015-02-12,,,,,,
ALB,2023-05-15,5.286180429083215e-06,1.3510448829559185,0.0544359360972671,0.031040466110270882,0.02999381472028588,-0.11863240829213989
ALCO,2016-03-07,-0.0010976294486177399,0.7465023341747266,-0.028556047260701697,-0.05725412044676651,0.045404444297688654,0.17586775643292935
ALDX,2019-10-02,-0.003671012252619355,1.50367093470861,0.09559450064426339,0.06484221905935789,0.2392334316291132,0.44671109212270704
ALEX,2015-09-02,-0.0005310115826709013,1.3096337324261824,0.009990157101854628,0.015191235112235248,0.048461386267885716,0.03488838186059492
ALEX,2020-03-17,-0.000629446494353906,0.7144744073511679,-0.09894725499996387,0.06157374827602355,0.24135851772336744,0.1968532913728501
ALGN,2019-08-14,-0.001487265229102626,1.7613655733279652,0.008497115644853987,-0.021723427810958276,-0.0026837983744371526,0.35946811616191243
ALGN,2022-11-03,-0.0031673159405118793,1.6337702147350386,0.010499388300307968,0.032868303755360914,0.1722014151536812,0.5147503626354516
ALLO,2018-10-17,,,,,,
ALLY,2016-05-05,-0.0008589398961791127,0.8870706114168065,0.013389465707502268,-0.00472715575965982,-0.011202774960520762,0.06025892903584941
ALMS,2024-08-27,,,,,,
ALRS,2019-09-18,-0.0011254094869567303,0.02901338758944272,0.008180810268745571,0.009705778856586567,0.033872445067673985,0.1100887664142874
ALRS,2023-03-20,-0.0011093082244895936,0.7878288871219359,0.019876594770045202,-0.013388033952488037,-0.16647345366188407,0.08801342667600837
AMCR,2020-03-18,-0.00013362230748959337,0.7093304583684309,0.22311186585408804,0.24803436142194976,0.2979940155478321,0.3796760463649968
AMG,2020-09-15,-0.0013627398345476573,1.4205848450165937,0.029169057121326624,0.01973077878304986,0.19469802910948733,0.37218240017419685
AMH,2016-12-02,0.0012065420867606656,0.856319391328104,0.027364696026402617,0.003772191401068781,-0.04253677154616553,-0.005151589453916614
AMH,2018-05-29,-0.0007465934199975525,0.5277187946475044,0.019336820857459525,0.05758591997177962,0.15460120210634962,0.1695336089326231
AMH,2018-11-13,-0.0003472910509751303,0.47577881759142443,-0.002471054692514063,-0.01616499690980694,0.022081965676967723,0.118887426953315
AMH,2020-03-19,0.0006564638873307962,0.38011975260886954,-0.13047538900826605,-0.058762867917164806,-0.03046249888719885,0.09457220855655038
AMH,2022-05-19,0.00024419919039217106,0.6677606910005751,0.0014727986156155603,-0.007748560887726387,-0.016122401827910283,-0.017950501695956876
AMLX,2022-03-17,,,,,,
AMN,2024-03-07,-0.0010778507273955977,0.606050580935324,0.04406569142566771,-0.014749542432450587,0.03553880030887459,0.017758180889979904
AMR,2021-03-19,,,,,,
AMRC,2015-06-10,-7.269009799613151e-05,1.223109807441108,0.025728915265373745,0.016935377055284154,-0.049236064067057154,-0.14551483293920983
AMRC,2015-11-19,-0.0006053402857735214,1.1982699505032424,0.0008823240218359099,0.015756784306194583,-0.021241354722949142,-0.20274863693610198
AMRX,2019-05-16,-0.00031068254934739164,1.2197021867186402,-0.018842667540576556,-0.031525021410241404,-0.20498484431159947,-0.9917137909882174
AMSF,2017-06-01,1.4631256021641268e-05,0.9476920092083477,0.02670093898558299,0.022735664285537888,0.05099902223753162,0.032817497816588076
AMTB,2018-12-27,,,,,,
AMTB,2021-05-14,0.00017553309200682156,1.9800794872908958,0.05361462408214851,0.05734480611096376,-0.0880859898753572,-0.05932940814785913
AMTB,2022-05-25,0.0008054374754942193,0.7346873852497262,0.0010501335946947327,0.003459371297351018,-0.01956102717798432,-0.12204243900403193
AMTB,2022-08-04,0.0016106403717918193,0.6656104466972512,0.030017485159236346,0.059886061671901955,-0.012592873882373033,0.0717875504907391
AMTB,2023-05-04,-0.0006391698862403887,0.7334333747163023,0.009206284588233455,-0.0282683503608208,0.1466364369512948,0.1638334468200861
AMWD,2022-04-04,-0.0030723184993581005,1.3040567930046392,0.01827208128908288,0.014082633113403107,0.28801948638131913,0.3545648714578915
AMWD,2022-06-24,-0.0019566002416717353,1.1385125809933343,0.05928941419400721,0.10056207617748197,0.13112470665517142,0.24499451152091428
ANAB,2017-02-01,,,,,,
ANDE,2019-11-12,-0.0020834707419848707,1.141756100969565,0.04269015884752346,0.0438864464751581,0.1452043565415488,0.12955901744363463
ANDE,2020-05-22,-0.0014432245935032172,0.8252122821071927,0.030146557418819424,0.03670810849654026,0.08720513644070294,0.37709976123530614
ANF,2015-03-25,,,,,,
ANF,2015-06-29,-0.0030927546535318025,0.7506801479467295,-0.07036089990802585,-0.06359946100396868,-0.04429894822867301,0.1964286293110766
ANF,2020-03-16,-0.0023592725369356,1.5073443792949706,-0.07558550315564835,-0.008136887360029287,0.029530158751566796,0.0572203932125015
ANGI,2015-03-18,,,,,,
ANGI,2015-05-18,,,,,,
ANGO,2017-07-25,-0.0009411918825679504,1.192771546892879,-0.015311817795910603,-0.02183096463584594,0.07022302895422142,0.06466679243512789
ANGO,2024-10-10,-0.0005748170748910675,1.2174798554465092,0.048203855625696776,0.035732301876711475,0.13189007434465586,
ANIP,2021-12-22,0.002028132865199966,1.0789972741780063,0.03841794540061019,-0.06380761176896925,-0.24732413040364584,-0.6295006097543477
ANIP,2022-03-23,0.0011055358859299446,1.0589757667599706,0.013124210248135629,0.020419630027123277,0.08637477777923999,0.0514292752890264
ANNX,2020-07-30,,,,,,
ANRO,2024-02-08,,,,,,
APA,2015-08-31,-0.0034390823563431035,1.2857669119125146,0.017473631536566652,-0.004106894000942878,0.10065304837013347,0.3007616699715427
APA,2017-08-24,-0.0009371726298410755,1.3136834273515943,-0.002601974484724272,-0.045073578933047344,0.09061839305026703,0.02364697595387329
APA,2019-06-03,-0.0004653280301506574,1.2470174659985644,0.06240994927748168,0.04650060969047104,-0.12148436320563072,-0.21779772918612128
APD,2015-08-26,-7.855019363392591e-05,1.1933599991345605,-0.032316815989923,-0.020995477023940886,-0.060175936979603044,-0.08489261300659788
APLE,2015-08-31,,,,,,
APLE,2016-09-15,7.423370814243075e-05,0.6789456608467009,0.00012152429708990782,0.011526250047253911,-0.025441446731217954,0.046261720164610054
APLE,2017-03-17,-3.696609762843133e-05,0.6891151071087426,-0.003731181472652434,-0.012057310087147164,0.00030834016601976287,0.016502710794391664
APLE,2017-08-29,-0.0004342465521679941,0.7821716257792314,0.009754744737843673,0.02877626435928662,0.05575077686674351,0.08241716504997391
APLE,2018-03-16,-0.00035843256410690664,0.78232921049026,0.016780329444734378,0.015889711504639067,0.076335811030079,0.09665100489799452
APLE,2018-12-10,-0.0006870760157102394,0.48548626067162437,-0.006638227392461738,-0.013703933284341389,0.006918883623477382,0.08051968167695572
APLE,2019-03-11,-0.00010841505113825571,0.5089884881156131,0.0025961480905705267,-0.0055849127045447585,-0.013313029765455626,-0.02638448363747761
APLE,2020-03-12,-0.0005086162574588729,0.6243007533973098,-0.1064564024583524,-0.49045543568161487,-0.0642113921144993,0.41081671789749497
APLE,2020-09-14,-0.0023127762571736976,1.504213395398523,0.076629685369853,-0.027212540988205414,0.08991019064174827,0.25529930473701656
APLE,2021-08-24,0.0005909818782357583,1.2459370957529174,0.009362582079264542,0.005861280142921215,0.1191831937435227,-0.0010248348625130567
APLE,2022-06-14,0.0005030176340791443,0.9444543021801248,0.035616185491673905,-0.013260907019650435,0.02467651851619524,-0.007743250378268375
APLE,2023-06-02,-0.00019319149935018414,1.0476578675093926,0.01745653978103482,0.030432797611634373,-0.02275204116911255,-0.009942647009797901
APLE,2024-05-23,-0.00037511692542749586,1.0050683626977222,-0.004602398435715077,0.004671939584463443,-0.06833326573182147,-0.04650037116063338
APLS,2017-11-15,,,,,,
APO,2015-05-28,,,,,,
APO,2017-08-15,0.001347197357669256,1.2059000034168512,0.010947468720867378,0.007260995344892258,-0.034497633548032106,-0.07896022868014725
APO,2021-05-26,-0.0012095293659845012,1.221033056238558,0.021312430600185672,0.02198968165560268,0.06411084793147162,0.006274266848167174
APP,2021-05-19,,,,,,
APPS,2021-08-19,0.002695393258076369,2.1294342434757514,-0.04910800148981004,-0.019476361725069915,0.3172697632734015,0.09530887992028703
APPS,2023-09-19,-0.002833600214756911,3.477413820087724,0.03149094115765372,0.04428127702056218,-0.034682396282261496,0.03668527822051287
AQST,2018-12-11,,,,,,
AR,2019-05-31,-0.003907849525548892,1.4456714399349313,0.05381291286561449,-0.03267763713595483,-0.23050650245906026,-0.5132366525455029
ARDX,2015-06-12,,,,,,
ARDX,2016-07-20,-0.002183622243766919,1.8313763469574749,0.08665297232606224,0.1173381416019693,0.09104552822045676,0.5168789674117336
ARES,2015-12-16,3.280889354507845e-05,0.3310590038221394,0.02369851035785639,0.048964470675913654,-0.09694462448351465,0.1311355646725228
ARHS,2021-12-16,,,,,,
ARHS,2022-06-02,,,,,,
ARI,2015-03-13,,,,,,
ARIS,2021-10-28,-0.0017911444035449576,1.422929685762808,-0.057827591836361665,-0.07575150893313036,-0.06671852477102003,0.19514207754573687
ARMK,2015-02-25,,,,,,
ARMK,2020-03-23,0.0009587664400644457,0.8269027008780484,-0.08311256193058349,-0.022513777439988236,0.10183316351023508,0.02707357060308753
AROW,2023-11-07,-0.003231902291217693,0.8503855949524011,-0.008806615504272036,0.05512631881531944,0.23297978852206444,0.11471054262648821
ARR,2016-05-04,0.00023000498308558043,0.7520782965359318,0.006384645170687415,0.018550760310997366,-0.022996254924052717,0.036094663726630415
ARR,2016-12-28,0.0005412925408698674,0.8219553217229686,0.018819271700334223,0.021128462240104704,-0.01913737922518001,-0.0038113642723654317
ARR,2017-03-21,0.00023302271977460056,0.5719806182672237,0.015502762006568136,0.0381231486845412,0.13963729647583678,0.19724194928284483
ARR,2017-10-30,0.0007612167595639368,0.45334594961962915,-0.015139955439147958,-0.05906984662738378,-0.004348894654955457,-0.10765455254901724
ARR,2018-03-09,0.00045092234592224856,0.6042978254475341,0.007086771562067851,0.016792983005189867,0.027582944864936045,0.018618976077598416
ARR,2019-05-23,-0.0003541047355888079,0.2878086783731592,0.012456740286426569,-0.01926329149864474,0.053236742027611604,-0.002617946474582713
ARR,2020-04-06,0.0003623957658946913,0.47881336624905335,0.19874041130064,0.29737254323259027,0.17155571527772906,0.34244829353964606
ARRY,2020-10-19,,,,,,
ASB,2015-06-02,-0.00013101646976439011,1.1260255042506762,0.0342583054620844,0.07892357382692038,0.08334225423164295,0.04045985098863379
ASB,2016-09-09,-0.00045374463783349035,1.369373496490671,0.01514338513165379,-0.0020675230743800723,0.01675777162737162,0.1760482261040961
ASB,2020-06-11,-0.0015108436786106948,1.1908201392123918,0.016270012540104933,-0.008122743875594297,-0.04739067846597143,-0.04477283694326459
ASGN,2018-11-20,-2.3143925003062714e-05,1.115383853257188,0.034475550915495576,0.016099463543776196,-0.09604082653578529,-0.04918901350710684
ASIX,2019-12-12,-0.0011989486573038485,1.6157158723580118,0.02687393882314116,0.05908005239001912,-0.0919216211205559,-0.38581561180839863
ASIX,2020-03-16,-0.0031372074218886793,1.8265502823989916,0.3535393818686146,0.448957284516058,0.06662685763011149,0.288559012301999
ASLE,2023-08-21,-0.0011548883583392896,0.9110190072110473,0.0977481273401469,0.12690995336141575,0.20356943443378545,0.19699568132963904
ASLE,2024-03-18,-0.003631912982293287,1.4015455251865336,-0.028546193660344443,0.00223224909608067,0.08809891348173396,0.05264625588385319
ASLE,2024-06-18,-0.003656937210208334,1.553504229922945,0.006452247422566705,-0.008931771747634912,0.11145652141644148,-0.05642493223970799
ATAI,2021-06-24,,,,,,
ATEC,2021-11-30,-0.00016781331335876935,1.3610712933173983,0.031778586533485156,0.08381578537437798,0.12755728371634617,0.1198018437873574
ATEC,2022-06-13,-0.0008467783844512902,1.5756127029095723,0.0022106880480284655,-0.08959930303059296,0.033166994421693116,0.10932090177489401
ATEC,2024-08-26,-0.002830721425860421,1.960647014615982,0.10645937740199066,0.22835131392197106,0.002138338529105374,0.6922780851308366
ATEX,2021-03-08,-0.0014965588261319953,1.1892207898851244,0.01329806137262306,0.051690841334045744,0.045431649157234424,0.13075583850034422
ATEX,2021-08-19,0.000993992283250472,0.8434753987165943,0.018559463473224548,0.0034303246943672185,0.10883522009520752,-0.005908614696550438
ATGE,2021-03-03,0.000503853657005357,0.816280138316322,0.011291152023847686,0.01341303001052074,-0.030339285124684333,-0.12079640573857453
ATGE,2021-12-03,0.00030721697241703526,0.9552560425488049,0.058230895100776676,0.026948035818590663,0.023731090607324742,-0.15248918757461638
ATGE,2022-02-23,-0.0018137438293483615,0.9349752327322616,-0.008381608906032166,0.11929192337529589,0.37993899920975366,0.6607194768101818
ATI,2015-10-29,-0.002109046809048239,1.5138223493780023,0.01961161673986425,-0.011503267857057298,0.022276831460597175,-0.2010063979231657
ATI,2019-08-15,-0.00018947486598482744,1.467489163560386,-0.019220584999745535,0.00912832767575909,0.11208580406595774,0.20732993964123542
ATNI,2023-11-22,-0.001482233296080656,0.40130420929484933,0.015700532477127528,-0.007015001707052777,0.2632811669534754,0.21816356370518208
ATRO,2022-09-19,-0.00046190235755725484,0.8349684084084298,0.048555721437219625,0.04722949964997085,0.12177334338978474,0.2692402551817298
AUB,2022-11-15,0.0003993854218740962,0.7576984226069473,-0.005741501945973656,0.014617307011593087,0.03062837667969534,0.06792147349795113
AUPH,2021-05-13,-0.0017506853708191762,0.7085632186585398,0.042471367754334244,0.12687141398390495,0.27077435792305526,0.46172098261405575
AVAH,2021-12-17,,,,,,
AVBP,2024-02-01,,,,,,
AVDL,2017-09-25,-0.002212190843904676,0.8470469008218826,0.009102301668286473,0.11568305501836595,0.04987384777677516,-0.05576920635201055
AVDL,2018-06-27,-0.0018681327912395444,0.522923801992714,-0.01459643720540068,0.023234567167379885,-0.1345013561386729,-0.23072659751343585
AVDL,2019-12-05,0.004039198863463779,0.4936985949001085,0.05324744377747275,0.19002885644587625,0.21386922026990648,0.39813581147166577
AVDL,2020-09-01,0.007841993466740842,0.8038746721026426,-0.07690331663083418,-0.2441905554135114,-0.5228343599541602,-0.44480312069398636
AVDL,2023-08-14,0.00480647330576758,1.386761599525633,-0.0559707573888363,-0.07602304927915324,-0.3461218829625988,-0.5793023693060537
AVDL,2024-12-16,0.0005954501390813028,0.20942094699907784,0.03245240529936409,-0.02267526965074512,,
AVIR,2020-11-04,,,,,,
AVNS,2018-11-29,0.0009530112464239671,0.7971527913590704,0.0378474038885481,0.035518425780898956,-0.02547708733252595,-0.032047948190217446
AVNW,2024-12-02,-0.0018623559585565956,0.7784842611954801,0.06221350446357817,0.12313515165993616,,
AVO,2020-10-16,,,,,,
AVTR,2021-05-07,0.001064160055243738,0.9753857183731262,-0.016824010651868955,0.019248828514964653,0.08170609546858665,0.08467064145321133
AXGN,2016-10-14,0.003037560607428079,0.6027001998271871,-0.006587125350526762,0.005232060435595368,-0.1377784054814542,-0.04477450773430706
AXGN,2019-08-15,-0.0024907164308846227,1.594667280740595,0.009719526549400108,0.08894190636967836,-0.18260463783537645,0.07490004578925445
AXGN,2023-09-08,-0.001259340428210239,1.1511797166539077,-0.01961263897299851,-0.0703900688646926,-0.26518833496435346,0.3222322160910391
AXL,2018-12-03,-0.0006939856710396008,1.3414104926961712,0.012948624064908244,-0.032672215990921544,0.21038900264917632,0.2942776556711504
AXON,2017-04-19,0.00046829159992959636,1.0799140774337348,0.02755861198922143,0.052282130350706287,0.02976891940884297,0.03581819413486637
AXON,2021-12-17,0.000730146303278015,1.2313113646485834,0.08549745986200902,0.08999932928479065,0.03173069017149836,-0.05201214118400008
AXS,2020-03-17,0.0004782928255202799,0.39485708300351713,-0.009116532031664713,0.08059523564604462,-0.014537189023859656,0.004861143275186226
AXS,2024-05-30,0.0007544057150761606,0.215000246375193,0.04104664991649143,0.010544360381732143,-0.024577791903997934,0.028521898895765445
AXSM,2019-06-12,0.011258204696187324,1.4142852993608999,0.07257721148339352,0.0887005364124267,-0.16669786137724596,-0.51814091684589
AXSM,2021-11-23,-0.0027094537730673555,1.2998157872776352,0.030061349123335877,-0.03696508645733755,-0.008906652589901181,0.09627893489628486
AXTA,2023-09-14,-6.664738035753162e-05,1.4275324486263332,0.02766488053486134,0.03437114677017772,0.07182868093180357,0.16721868334456808
AZTA,2024-11-19,-0.0021590179605312856,1.298489182230903,0.10392806895835724,0.11521570062757842,,
AZZ,2015-03-04,,,,,,
AZZ,2015-10-05,0.0007427697725089861,1.2003518591957858,0.05930951607258797,0.024338928685443767,0.09130816424014065,0.06057075071731992
AZZ,2016-03-09,0.000884867914231119,0.9489574204969257,-0.0332273564744414,-0.010737502395973219,-0.058546616342431065,-0.03665687360835625
AZZ,2016-09-08,0.0003983302497014585,1.2457864016810698,-0.005529950793868973,-0.02180626334796589,-0.16319740858330203,-0.03333898933408622
AZZ,2022-10-17,-0.0004475338019997286,0.7421879622221413,0.08372390057582386,0.03522820476268775,0.10763158484015986,0.26720724456694345
AZZ,2024-07-12,0.0023783318730594893,1.1542860165340387,0.009606281861402033,0.03462771260133837,-0.05196752276257175,-0.14963227484623984
B,2018-03-12,-0.000495853100303383,-0.29977152684756136,0.029026786592603094,0.032118831772424236,0.1274309679241666,0.12871081022603623
B,2019-03-12,0.00032691943606726645,-0.027134913652650566,0.012491749798788233,-0.027302528362293386,-0.03155123815165985,0.018370222823300756
B,2022-11-08,-0.0008712356256492101,0.22713730044534847,0.0599199617004756,0.09274394828737385,0.22751492026389591,0.29503420295604665
B,2023-11-09,-0.00040334965867410176,0.6534583569267451,-0.000953574082462513,0.0297748273229122,0.1492160623171655,-0.059440908794301126
BAH,2017-08-14,1.6663325802866134e-05,1.0030906813728695,0.0033701559940199177,0.024632837749041604,0.08605365258864951,0.05571351667846309
BALY,2021-11-09,,,,,,
BALY,2023-11-13,,,,,,
BANC,2021-05-12,0.0014566382047816139,1.6453873443574636,0.027064693969725242,0.01089291874022478,-0.08525085740469485,-0.16653945528145309
BAND,2022-03-10,-0.0037324081323235106,0.9774428222944874,-0.01932635027324732,0.039652583733451485,0.07592353971161822,0.10557751512473858
BANF,2020-03-18,-0.0002034146085262125,1.0988609523740354,0.09834239010664272,0.022311687858031774,0.062166660185603406,0.0442373949776077
BANF,2023-05-09,0.0002077740035811801,0.593390035883438,0.039049109352705655,0.06452437102031053,0.20383218155552743,0.28812699992899354
BATL,2021-09-15,6.62774050625043e-05,1.2418338150171588,-0.029061639592608858,0.12863572552955066,0.22480143015971277,0.22354371512824894
BATL,2022-06-13,0.002588131045803455,0.18498891979090623,-0.048548315392379755,-0.26860892921273904,-0.25711018320922785,-0.07108700242677539
BBBY,2021-02-11,0.010614106175376174,1.163868650533419,0.030943306561423124,-0.055796646698483485,-0.7257179089342801,-0.9435006820014272
BBBY,2021-04-21,0.01025897274082096,1.1193455732231596,-0.005759376249228232,-0.010838476910484654,0.012707081958568588,-0.422083436732455
BBBY,2021-11-09,0.0019325899887498242,1.4350158955303838,-0.07604175553600695,0.019008728802605665,-0.569318463644745,-0.761154498347486
BBBY,2022-01-19,0.0006564766039735382,1.882195926334831,-0.01244591946968027,-0.06630708672937835,0.25262094860896256,-0.06332620806852339
BBIO,2019-07-03,,,,,,
BBSI,2015-05-15,,,,,,
BCML,2020-06-10,-0.0023650624472231776,0.8056733359118122,-0.1023681467427084,-0.0863093685250744,-0.15993756207116566,-0.13648926893908792
BCO,2018-02-15,0.0012466934132606907,1.0182339772973568,0.0005082578628791447,-0.013137049548473521,-0.04858683745320988,-0.09891669049446183
BCO,2020-05-18,-0.0017245817756016996,1.2149223843629036,-0.005036692049438296,0.08722075322426881,0.1832495950723468,0.23763613499417344
BCRX,2024-05-31,-0.0032399619818435084,1.423719715341278,0.02669249887516771,-0.04878132076577142,0.15046394726188336,0.3438447363195137
BCYC,2019-06-03,,,,,,
BDC,2018-11-16,-0.0016534703228106718,1.51189204878179,0.026996468285221866,0.01827823518976936,-0.06141960808502378,0.11486524068889298
BETR,2016-03-15,,,,,,
BFS,2023-05-22,-0.0008041089146206017,0.9953462014390104,0.029002231258369524,-0.01906307649491486,0.015803857491663267,0.08618137574428804
BFST,2018-06-18,,,,,,
BFST,2020-03-17,-0.0006443711485019706,1.0614113786374313,-0.048572575633193386,-0.08174706865238082,0.1657581463562734,0.16958419759959653
BFST,2020-11-06,-0.0022037937908994036,1.3983565739872947,0.10682573008853964,0.11639567819606694,0.20446534892560259,0.23667874589062257
BFST,2023-06-02,-0.0013912823465457302,0.7524410078441148,0.007332142544190949,0.0790068196925049,0.08346786505482429,0.3985332922563676
BFST,2024-02-23,-0.00044464191175249334,1.589734427175395,0.00795000010739446,-0.004723553732123104,-0.048034309650220416,-0.04975108646503371
BG,2018-11-19,0.0003571085919615418,0.37141816846103065,0.005936048113565864,0.0033434205643925246,-0.042623437028762576,-0.11921235886560613
BG,2019-05-28,-0.0013081796980610493,0.5883214636206814,0.03692902696384373,0.0936608518031497,0.1313688153218524,0.15190028247273873
BG,2020-03-13,-0.00039865950624139493,0.7781305949699547,-0.04150303837664189,-0.05141857210947737,0.018904755663467686,0.051768880840872875
BGS,2024-05-14,-0.0010169274617988424,0.8818354012819103,0.04328692346037736,0.10493237085902572,-0.047334068192450215,0.038298667327718895
BGS,2024-11-18,-0.00046473340338596954,0.6933169939983885,0.0195954572387022,0.06746211139363781,,
BHB,2017-12-11,-0.0009485125009886169,1.7102631214111181,-0.018145140635041274,0.06859857512376269,-0.08246390645913454,0.052657408619300905
BHB,2018-11-28,-0.000728473353102311,0.7842471616276641,0.06960421870684898,-0.011853069664577413,0.039003191771708245,0.1063983781516376
BHB,2019-08-27,-0.0006010840880724377,0.7272226841483219,-0.0133230497575968,-0.01790971242374782,0.12732379352051149,0.16593657703077352
BHB,2020-05-13,-0.0008860788018551242,1.3396976950418187,-0.009567994236913901,0.02681032347178293,0.28676016176554453,0.105109745205853
BHB,2024-03-19,-0.0009789362350513305,1.136260247443208,0.030674229240567015,0.01822854237175122,0.11642663554121876,0.06606500873916275
BHB,2024-06-18,-0.0002329732565702702,0.760900268321205,-0.005402908476846779,-0.011778942753803135,0.19557253180188783,0.20880279421327833
BHE,2021-08-23,0.00030111705293400445,1.1272868391241249,0.003961065895115462,0.027369632119499016,0.07324334423520558,-0.058031541508212346
BHF,2019-08-27,-0.0005822971851962912,1.6109356408339066,-0.02086343967715264,-0.034804327264869137,-0.0019392739422432297,0.043564088856826486
BHF,2020-03-13,-0.0013929790481170467,2.1369208857458535,-0.0009724130258419172,-0.013371451921556275,-0.0041148003151775005,0.2876507976284775
BHRB,2023-09-15,-0.0003537880858305662,0.21072614142304974,0.008823048420648766,-0.020325844909820905,-0.07778592361341137,0.15318467397993485
BHRB,2024-02-21,-0.001129191225394415,0.6000189739267988,-0.01613758391692668,-0.024529714178956316,-0.002451874715576983,-0.025451133054934322
BHRB,2024-05-24,-0.002970200850340383,1.2061575107660096,0.10700173314968912,0.04515373811902172,0.017818783414320197,0.3950524264106015
BHRB,2024-12-16,-0.0002452587316654726,1.2271505108743739,0.004560669858677535,-0.05825473898828147,,
BHVN,2017-05-11,,,,,,
BHVN,2019-06-28,,,,,,
BHVN,2022-11-01,,,,,,
BHVN,2023-10-10,0.0017960218131020727,1.8218547367624647,0.0910560351644717,0.09550407765206556,0.05323527645673122,0.3125565269634242
BHVN,2024-05-15,0.0052932045607991685,1.5283084778134033,0.006283721903786989,-0.02821514439796513,-0.28052857633242045,-0.3294850852586778
BHVN,2024-10-03,0.0010833993665575548,1.7289725053895337,-0.021632732061201875,0.04795770763698261,-0.08027998506300237,-0.38956700586937526
BILL,2024-08-28,-0.00395682400026521,1.3368353509634927,0.04471921121531012,0.1015659230831865,0.13526594580610496,0.7176895822364152
BIOA,2015-05-08,,,,,,
BIOA,2024-10-03,,,,,,
BKD,2016-03-04,-0.00347249167054704,0.9132795773587782,0.058107331684441585,0.05229172178480569,0.268842348504348,0.35053797430328004
BKD,2016-11-07,-0.0011969953389059159,1.5963580619738515,-0.013694608622159727,-0.06345654158991897,-0.049933684361434846,0.14544892319807545
BKD,2018-03-08,-0.0014733101933396336,0.7153272929365456,-0.024993519161633598,-0.029489290006085543,-0.040272423749724715,0.1803302065978373
BKD,2019-03-06,0.0008026909791077339,1.0213794017471942,0.02730594645065793,0.053709514036051134,-0.08342279207613967,-0.07266476035112274
BKH,2020-08-27,-0.0014453835381685793,1.2386846391977246,0.034309684263148135,0.0478580437228501,0.10479522872095076,0.19935007745268596
BKV,2024-10-01,,,,,,
BMRC,2023-05-24,-0.0019085049707332415,0.6293149865838769,-0.04236688845939333,-0.07891223950578666,-0.014099291534698362,0.1733188431854433
BNL,2020-09-21,,,,,,
BNL,2023-03-20,-0.0003377526786237407,0.7961524957920192,-0.005376624814674425,-0.005607706664916287,-0.05078720878611813,-0.07205910777842513
BNL,2024-02-27,-0.0007199593993943216,1.0170233023783617,0.01219012328200856,0.010176351833620305,0.03378241341520444,0.08089208268903904
BOC,2023-06-01,-0.00014375946982778012,1.0867460931681814,0.020469654245080952,0.049322715010867185,-0.06597557752088795,-0.146102012959964
BOC,2024-06-17,-0.001554728591385738,0.9491498837123166,0.017755586995501567,0.0037700148234961935,0.10572927722768483,0.11877368423541437
BOH,2023-05-16,-0.0015714890139367243,0.8717666384184553,0.11448552434692813,0.17372171696362143,0.23685701469573095,0.5666766283214613
BOKF,2020-05-14,-0.0018447334255627416,1.4002669504143737,0.007105076332706125,0.13934821512733006,0.2633670216425065,0.32667009017543086
BOKF,2023-05-18,-0.00011406359889803407,0.758702066319126,-0.02020235540286852,0.017592697834380996,-0.02633902199008625,0.007526511897218825
BOW,2024-05-29,,,,,,
BRBS,2020-06-16,-0.0008542844087219743,0.19611798327234556,0.03780463605078024,0.00038487075007381105,0.02732009882244309,-0.05647503823159421
BRBS,2020-11-19,-0.001385808002315232,0.1890582547057906,0.008754213911277571,0.05204228133809694,0.25012546494464727,0.3906770286573409
BRBS,2022-03-03,0.0012488946059267144,0.4718735208162743,-0.01645234507591464,-0.03338181697547847,-0.12902118418802375,-0.0794527691790142
BRBS,2022-11-09,-0.000935266273677645,0.5112925059418106,0.023887222878582574,0.0006768775249189913,-0.00213805444895278,0.006656482236113027
BRBS,2023-05-25,-0.0015483251049588534,0.5835544394099461,-0.03066449778874467,-0.028796904876655614,-0.014218702719974285,-0.09171782834117795
BRO,2022-05-20,0.0012478124199678032,1.0264114848912018,0.0007890066395478405,0.018628587027312994,0.07338895777834081,0.04558673894032772
BRSP,2021-08-18,0.0007702528136025432,1.4575480872608277,0.030298868445521016,0.050140785483093316,0.04442983282413138,-0.05092281863859451
BRSP,2022-05-09,0.00021210480090738491,0.9249585238650668,0.06848287049076066,0.07133182488065196,0.0772740775165435,0.09368053474063887
BRX,2017-05-18,-0.0007731501057695591,0.4442356938638328,0.03972991565997404,0.03924736231962363,0.016428562069320495,0.15775049724205692
BRX,2018-03-13,-0.0010802663633850405,0.2993403282318096,-0.016786511154140003,-0.029226341317300564,-0.046470765959207995,0.13999671572688435
BRX,2018-05-24,-0.000989923085505482,0.5264424982044449,0.004340374790646582,0.042486642357169216,0.16738220084565936,0.2525716433712218
BRZE,2021-11-23,,,,,,
BRZE,2022-04-12,,,,,,
BRZE,2022-10-05,,,,,,
BSM,2015-05-08,,,,,,
BSM,2015-11-24,,,,,,
BSM,2017-03-08,0.0013213140997570159,0.7776320878517378,-0.0003190050234479578,-0.011365486486074688,-0.07498506394101564,-0.14074641324954812
BSM,2018-12-10,-0.0001884829063553609,0.5594211707467258,-0.009198634511199087,-0.01384279477374681,-0.0147096264164685,0.0482332229837552
BSRR,2017-05-26,0.0013865629154344227,1.1395670661344492,-0.03888054421815427,-0.0663339159011094,-0.09684063009991951,-0.08596723461838775
BSRR,2018-03-14,-0.0009276759593019042,1.3753494428525987,0.00763247857458523,0.02362918405916712,0.08705714682999362,0.09527635510591316
BSRR,2021-02-26,-0.000313238502536702,1.4679298479353924,0.0189409134210134,0.08911351779985566,0.021253452346110417,0.009135296440573336
BSVN,2020-03-16,0.00036268306936075524,0.8401698205133514,-0.2507507991608675,-0.02565795474891129,-0.07805791349018318,0.28771916184481877
BTSG,2024-03-18,,,,,,
BTU,2017-05-25,,,,,,
BUSE,2019-05-24,-0.0010838688988901563,0.6786857835233544,0.01976976583290167,0.012828325344980598,0.047157186627199796,0.05444298829090018
BUSE,2020-03-17,-0.0006140908966479774,0.9866021788035453,-0.08582365336962292,-0.008133595304179349,0.06930657296351939,-0.024236166345788804
BUSE,2023-01-31,-1.8075912322505718e-05,0.6329598897855515,0.033977883206765036,0.05452404884772791,-0.07624097247166733,-0.248165180301835
BUSE,2023-08-24,-0.000558299946919464,0.8358860134815752,0.00886301481045765,-0.007960618110075814,0.002526893917644841,0.10672272000893086
BUSE,2024-01-30,-0.00027030788809042657,1.180831546672725,-0.03512122123289957,-0.09457556289467291,-0.11210328444927936,-0.07223597370366748
BUSE,2024-04-30,0.00012443095127538927,1.1105183410401651,0.035816719859025514,0.021781305268875326,-0.07095546012143403,0.16295639617842
BUSE,2024-07-29,-0.00029726607907477816,0.9008289755199405,-0.016538368463360986,-0.09514192144160047,-0.07547577092799247,-0.16311848494124528
BUSE,2024-10-28,0.0003688634708631154,0.9642527879327505,0.02048690470137356,0.006462046955285379,0.05708106843407439,
BV,2015-09-09,,,,,,
BVS,2021-04-05,,,,,,
BW,2016-08-15,-0.0008863941296376724,0.45824659148709174,0.0456504763126213,0.02447440090791717,0.026329533854651466,-0.13982103748293376
BW,2021-02-12,0.0011394898097481134,1.5132607204356587,-0.05445169673578504,-0.1350036382462994,0.0875760048369765,-0.07060644294653703
BW,2022-03-14,-0.0006526772398134183,1.8157729872764363,0.06615232035126059,-0.03174569500405829,-0.04178278320825224,0.08390139624863868
BW,2022-05-16,-1.2488508135048714e-06,1.6427391923267898,0.06972409158427181,0.043319890193297905,0.03353730783869086,0.20260223766822885
BW,2023-03-28,0.0005466201387133466,1.4456751023057184,0.02859368702678419,-0.03816484477871377,-0.019611787191074308,-0.023820549300500978
BW,2023-06-07,0.00012691601322829514,1.4586108811957395,0.0405483626340058,0.08866906822993136,-0.10443920748542265,-0.07252019882771275
BWB,2018-03-19,,,,,,
BWB,2021-08-17,0.0014459790727080135,0.6958772844088852,0.004221165602319983,0.03569545865751171,0.10319476996309591,0.10486513375968763
BWFG,2016-03-02,0.0003959619684834365,0.07830226542194943,-0.0034819195222523447,-0.009964756046621325,0.0033916995403506234,0.08005890532142264
BWFG,2016-06-07,0.000779424291883164,0.10142080068121224,0.013873464961544476,-0.030627518774038347,0.039839292549955316,0.0053405236646498705
BWFG,2018-05-24,-0.0004546262641092297,0.7024584531100305,0.002414890421537251,0.010253555744694224,0.046305815154767435,0.019245591468615937
BWFG,2020-07-14,-0.002727380764618108,1.0549488274669276,0.018327471402265004,0.02731291638520386,0.05040203227517969,0.0948153186678069
BWFG,2020-11-03,-0.002698960368894411,1.03122394834624,-0.1181044064913371,-0.03302138286074856,0.1337328473302189,0.1814602428127272
BWFG,2021-01-06,-0.00193789460831204,0.9922445207042581,0.03744542177456596,0.01958623353051109,0.23976580899812477,0.4281335711920638
BWFG,2021-04-14,0.0019111563532826093,0.8062261825127045,0.01150355436739946,-0.007990895628519694,-0.031089479422927124,-0.13487816357935167
BWFG,2021-08-30,0.0022513648211747676,0.6055973566218125,-0.020034562076941875,-0.04023931270116554,-0.07197595198120472,-0.12236243806919195
BWFG,2021-11-30,0.001758776038974146,0.6245255994400297,0.00590029187888896,-0.008510861477085994,0.028891052775763287,0.05160142822507978
BWFG,2022-03-01,0.0008651300549253008,0.5456317183916756,-0.00899536861382822,0.0007961986865229059,-0.07507347130938632,-0.023602518209104847
BWFG,2022-05-31,0.0007412317457424818,0.34703037594176545,0.022680322178841354,-0.025166717976292295,-0.14040399243618518,-0.12333658966822575
BWFG,2022-09-23,0.0008218638307969504,0.28397339262901583,-0.009986755697807053,-0.02929169022245874,-0.0030878115328282114,-0.09074411137260141
BWFG,2022-11-28,0.00019797094388623036,0.35303582299454767,-0.01500877207971855,-0.044969364192790705,-0.03739625684892202,-0.01259875756889537
BWFG,2023-03-03,-0.00039009417386506596,0.39872638007531247,-0.027907251042539872,-0.09186606566097225,-0.25469841466546883,-0.2323172732156669
BWFG,2023-06-02,-0.001678446172592938,0.5536503599762674,0.02133816342522382,0.07754800875496795,0.139318002895168,0.22463864414746246
BWFG,2023-08-31,-0.0011436045081381484,0.7301759272695831,0.00669702104154612,0.013042293789037183,-0.006481953566997293,0.10948393809606405
BWFG,2023-12-15,-0.0008855454243500596,0.9575542803280521,0.013692071034004612,0.02626553522188965,-0.04420986275383646,-0.16066054466524418
BWFG,2024-03-11,-0.0006125387500616796,1.1323557537177786,-0.002522034941356957,-0.008166747172049444,0.01689732472064086,-0.03652731149037721
BWFG,2024-06-12,-0.0008219217145652265,0.9285403430850568,0.03430248118877051,0.013342679827504257,0.15673644559660188,0.2670348726940796
BWFG,2024-08-28,-0.0006998063971338768,0.86748003485239,0.061976986228497066,0.04213980949848156,0.04531829571611644,0.15412266551438325
BWFG,2024-11-26,-0.0003845802167035285,0.9549349006440122,-0.03165064329472557,-0.06236782575626285,,
BXC,2017-11-21,0.0009423745340135055,0.4383719110312506,-0.007572393850671084,-0.009452041099803805,0.03780669062217787,0.5465889334878056
BXC,2018-03-16,0.002719876108080398,0.8139700699277407,0.0652463284927392,-0.08051419472430865,0.11700814363357606,0.09544909600596568
BXC,2018-11-14,0.006229744808166577,1.065770320450829,0.015405945353842512,0.016155917221755422,-0.03370915319023571,-0.0835135124749948
BXC,2019-11-13,0.0014136597010415768,1.228734937342903,-0.04876273654703206,-0.08021135739320287,-0.1490442083240778,-0.22645191764307632
BXMT,2015-04-20,,,,,,
BXMT,2022-06-23,0.00011389723723725744,0.6969662860422339,0.002164053177982298,-0.0012587731648346255,0.022987535186591915,0.021943374404877484
BXMT,2024-08-08,-0.0017405350127131457,1.4681934320697145,-0.030588862304694472,-0.06933773013378833,0.047361212637045104,0.035607382108319756
BY,2017-07-06,,,,,,
BY,2021-06-03,0.0011281473420272083,1.1433146340773603,-0.019439238213000757,-0.03061177201469981,-0.05747826736893723,-0.02365791739963485
BY,2022-05-23,0.00030323484040385414,0.7468520507244804,0.018165471336402696,0.005703110335268293,0.004059288022575432,-0.07422494806158034
BY,2022-09-06,0.00048604925669892796,0.6092915909931724,-0.01309533509747012,-0.00787024180947212,0.0248104189828425,0.0022129901060226895
BY,2023-03-13,-0.0003961951827216416,0.6639826050513179,-0.0845736987209108,-0.06814453153740645,-0.15801302434386363,-0.1274375713778278
BY,2023-08-23,-0.0011608237330369582,0.9634946650845231,0.021481328564225844,0.001717026450625679,0.013293959636209433,0.05604866341150508
BY,2023-12-01,-0.0008130652165540637,1.1817867357975749,0.07342757849622825,0.08755357029793505,0.08600586905049212,-0.028864007498493188
BY,2024-03-04,-0.001430251746903524,1.4292712216693253,0.036511002782798244,0.029694302567610745,0.034881740118470075,0.1485178344456246
BYND,2019-05-08,,,,,,
BZH,2015-02-10,,,,,,
BZH,2016-02-09,-0.0013674938632942764,1.4624296055229509,0.10009105529167843,0.055813017574987814,0.17180991961585468,0.10819998417754158
BZH,2016-05-13,-0.0028361016045983043,1.975044318463931,0.011595545767771824,0.03530092023416132,0.09478179041405285,0.39269814445090906
C,2020-09-04,-0.001380123178459707,1.70914304898565,0.05504006699626631,-0.023498203904826744,-0.12488121317553239,0.07982094697684773
CABO,2018-11-16,0.0008645508223029604,0.7244539008112125,0.01704459214646933,0.010793674612670834,-0.01612260075341742,0.008082981461900373
CAC,2015-11-10,0.0002959710836484397,0.6930845016285138,0.004463224897180953,0.03197380743257488,0.03846006662388437,-0.0669267489900795
CAC,2016-02-25,0.0006764934915091476,0.5045139867758138,-0.0019278219108718776,0.02655136824482034,0.01740544899111729,0.029112174557400436
CAC,2017-03-29,0.0013398164947116275,0.9202252606022688,0.035597258295883796,-0.026093266731888227,-0.04546622495150369,-0.13151558481841527
CAC,2018-03-19,-0.0007239969158346855,1.2127355647909366,-0.0026000644840205207,0.012432938059028967,0.04497291544394984,0.021668638033976662
CAC,2019-03-18,-0.0003207100301818335,0.7370144986370092,-0.021414012947922043,-0.05920582749313939,0.0058998421125487565,0.01452816126114011
CAC,2020-03-13,-0.0001113025660069846,0.965476896721127,0.021177353486133893,0.16280585894924166,-0.09822518279730506,0.03780855863755572
CAC,2021-03-22,-0.0009994436575903613,1.065249878965491,-0.030920138728066676,-0.014571135885794576,-0.02509031944051058,-0.008044845824591838
CAC,2021-06-22,0.0007908464807286296,0.8761108426240781,0.005115990512500555,-0.012579746920232511,-0.12759962598338873,-0.13021879925092117
CAC,2021-09-22,0.0011116844098571729,0.9615524979260026,0.01634675823073989,0.06384990161007974,-0.0032032685468238627,-0.09467602909565238
CAC,2021-12-22,0.0008478907097686804,0.8919131514523109,0.017162402820247055,0.0025231241274685477,0.07057669864646421,0.038643902311259616
CAC,2022-03-22,3.2622343080198737e-06,0.7660794500663227,-0.008110602602191682,-0.027949867324779037,-0.043641055632681114,0.05195898442690304
CAC,2022-06-22,2.0012048895679227e-05,0.47857554599191543,-0.011604384201464327,-0.03897979772543249,-0.05356002241258297,0.0006812585099508243
CADE,2018-11-13,-0.00029954565574685825,0.938306197179275,0.002217994522938283,0.053166581313566996,-0.0024307037942035876,0.09004546104283895
CADE,2019-03-19,-0.00044105156976627786,0.8141560274108556,-0.04912330717712038,-0.06742884163309303,-0.012641368020032313,-0.04849174723112669
CADE,2019-06-19,-0.0007309251196476465,0.8488047412733858,-0.015252002400062106,-0.014918001640597605,0.02362298829416718,0.07896320160665418
CADE,2019-09-17,-0.0007731325950506212,0.9003706604914488,-0.004564230787967751,-0.014586611442094605,0.059862187721295694,0.05133604055317557
CADE,2019-12-20,-6.258366249285511e-05,1.0465010762408147,-0.021150163470265507,-0.0377048268186262,-0.13586146820975809,-0.01829675262167499
CADE,2020-03-16,-0.0008973307631392931,1.2003118429827966,0.10972149888183227,0.1171465557098129,0.04205106453751031,0.07133469542663579
CADE,2020-06-17,-0.0011110081861288217,1.2007061623030497,-0.021183087055606616,-0.06055246181896104,-0.08860432431654752,-0.12882708516450095
CADE,2020-09-17,-0.0015485897952817393,1.3327916656467402,0.012175278157889435,-0.04493016223356644,0.19867784457150597,0.3115757876378807
CADE,2020-12-17,-0.0014864716108415545,1.2750569740773119,-0.020673804049111386,-0.01467871050044441,0.01503105027671886,0.19465489249286738
CADL,2021-08-04,,,,,,
CAG,2018-10-12,6.089502057521469e-05,0.5791523111029557,0.028656928462027373,0.024545068139015636,-0.04920063740000406,-0.4317278105397381
CAKE,2019-03-12,-2.272273862887372e-08,0.5012125716191467,-0.008220660613263847,-0.02218623694523303,0.02989340866990637,-0.036800369227473685
CALX,2019-06-03,-0.00015005258034909579,1.0478405982744476,-0.004953471441168884,-0.033853364798540266,0.05681995242474863,-0.05574554971516363
CALX,2019-08-27,-0.00011713661073097526,1.073559499873489,0.01576319459644266,-0.03279705512155536,0.06836595260313966,0.18943896472594599
CAPL,2015-06-22,0.0011587962787372996,0.3676606021428237,-0.01815679961692921,-0.05526743619390041,-0.09374103973512692,-0.2724484518493091
CAPL,2015-09-25,-0.0015026919455064698,0.47262565512692406,0.009540748299403821,0.0551773193927105,0.1684873764215709,0.15261352973278314
CAPL,2017-09-11,0.00035848221247495953,0.4963803330087982,-0.008788569703044312,0.010335795412472367,-0.07800448345513383,-0.1554643865442107
CAPL,2023-05-30,0.00038143072961634465,0.4992335212487963,-0.0134245800933139,0.03174438325067169,-0.004924914325036207,0.046961980466432664
CARE,2021-02-02,-0.0028832945204916166,1.6328399798635391,-0.0017609647976154072,0.0782843912839846,0.3385305635391953,0.251017752316401
CARE,2021-06-01,0.0016213886103265654,1.2568724380019987,-0.009900844008884593,-0.0987182930605634,-0.40464635214155764,-0.42301033908232993
CARE,2021-09-14,0.0012913440935164646,1.1448275819044458,-0.007131554665970916,0.009490494589704941,0.009550523132458046,-0.061955476344013535
CARE,2021-12-14,0.001244014271972002,1.0770675204347302,0.031808720492839976,0.027555009355832095,0.10368741603336842,0.15267996528495112
CARE,2022-06-14,0.0006582202555709175,0.7501500505508653,-0.019258380956321295,-0.01693170167645406,-0.06289198344208577,0.1342240980513257
CARE,2022-10-14,0.0010068474201945163,0.6653997030435677,0.0014288194590032846,-0.02462208098447807,-0.007333118343057152,-0.15396769110904568
CARE,2023-02-15,0.0006352399912246604,0.6272620758065469,0.005337410037911483,0.014728349854060794,-0.21532281508088738,-0.2718137592286471
CARE,2023-05-02,-0.0003977674845934999,0.7280914015819714,-0.0028065069611875534,0.021114313595169826,0.14132757726609702,0.0935982329794131
CARE,2023-07-17,-0.00016785576486401166,0.7578549163562618,0.03980514989355101,0.08505509392149456,-0.040999495152208146,-0.19854982909679744
CARS,2019-08-13,-0.0015447104590969119,1.0528656997739152,-0.0034671018646577206,-0.035667519310003795,0.0014873467379794524,0.3221995689194856
CART,2016-10-17,,,,,,
CART,2017-11-13,,,,,,
CART,2018-05-16,,,,,,
CART,2023-09-25,,,,,,
CASH,2018-12-10,-0.0010442521572027277,0.6716346525318656,-0.005597742391096366,-0.0012470364639650885,0.09799051634002862,0.00926302889590696
CASH,2022-08-10,-0.00025075380735544936,1.145755035518108,0.016015771256196836,0.02325959821526686,0.050823521097103995,0.28961092166076285
CASH,2023-03-17,0.00015863656434483787,1.0693949710341835,-0.07362997852788776,-0.08665838666509956,-0.09129747687230136,-0.010249399359319481
CAVA,2023-06-22,,,,,,
CBAN,2017-05-02,0.0017905568644271152,0.24737348385859056,-0.018013045227744152,-0.022385927893958196,-0.07360845385366076,-0.1053796465237542
CBAN,2017-07-11,0.0014928165072714487,0.479110061413875,-0.0062302365985937155,0.010317218075034966,-0.020398001369288005,-0.0815391674029101
CBAN,2017-10-05,0.0012752312886280866,0.5169037001769254,-0.006481859711586916,-0.05636940519116371,-0.02530562529901114,-0.05335142233572593
CBAN,2018-01-05,0.00011490112107613568,0.044061813134143445,0.0008475289575984625,-0.01390410892518211,-0.03857423302159214,0.1458506820131633
CBAN,2018-04-30,0.00109540834962295,-0.03244854891063832,0.022091570284351048,0.006685259838967041,-0.04855019938278948,0.019708605440060555
CBAN,2018-11-16,0.0013353936108598896,0.3118604730878201,-0.007030560079511152,-0.0016542398803267135,-0.1476428898777576,-0.13488775754394092
CBAN,2019-06-11,0.0007333220203547574,-0.146197624207844,0.010195026687260907,-0.009672140487348735,-0.03911569982322425,-0.10649078266449932
CBAN,2019-08-23,5.1181542253228766e-05,-0.11405185877257908,0.035815374396001,0.01497474677107926,-0.01622710725124334,0.0040910990661927795
CBAN,2019-11-29,-3.1205300581592186e-05,0.09204698662479602,-0.014852306182011263,-0.019869379878131872,-0.06425175637365191,-0.0833623312067797
CBAN,2020-03-17,-0.0006995053281967112,0.3688277777498731,0.05122830495401043,0.10291880718972721,0.18728521747079857,0.14284292950595828
CBAN,2020-06-03,-0.002010263844120921,0.6981375382033805,0.16138417473259997,0.1419828231257398,0.025401301052216725,0.07646365772334876
CBAN,2020-08-11,-0.0009704657478094355,0.9651424163993794,0.06721193660148479,0.01953474372428111,-0.05753296623285602,0.2080175983389835
CBAN,2021-03-04,-0.0002089938808026397,1.0580887735242819,0.037458431208160614,0.013142215533461302,-0.03873526909049729,0.16686090350425267
CBAN,2021-05-18,0.0005348691774921738,1.1983948393928794,-0.004278030715919598,0.03747629435221782,-0.03179036358578177,-0.07502377270478837
CBAN,2021-09-10,0.002006571214787863,0.5747511517986417,0.0024088895168827193,-0.06263367107472484,-0.019148952182904296,-0.13745467605767075
CBAN,2022-02-28,0.0014107475688647274,0.04776369738028877,-0.020494540616499565,-0.013575547919010666,-0.07795912899862478,-0.20261681155402808
CBAN,2022-07-28,-0.0002918121926072089,0.2400217498566311,0.023012498731260527,0.016190953897241477,0.019938325711950318,0.02100429483012605
CBAN,2023-05-24,-0.002267622729603501,0.49611643955857887,-0.006860859702222288,0.00010893608918539867,0.0471132704087319,0.2274345989204629
CBAN,2023-12-06,-0.0016044686992756965,0.7242272859229425,0.017512262647518807,0.06739506672484828,0.15402772075184,0.04537180707657752
CBAN,2024-02-26,-0.0005289617311618552,0.9111560935339521,0.006318643666311467,-0.004534756652876724,-0.026361856723986173,0.06121311247434891
CBU,2023-03-21,-0.00032529515544141063,0.6531445167907881,-0.014827765366965333,-0.015606853998327777,-0.11757141963285246,-0.07978617850768248
CBZ,2015-03-16,,,,,,
CC,2015-09-16,,,,,,
CC,2019-06-10,-0.0014062332353918724,1.364348880453596,0.05246515912785898,0.043078047143120655,-0.1732084853905218,-0.38964975060704
CCB,2021-12-20,0.0021426363104609073,1.0466842877187865,0.04862034920774981,0.010701485072352662,-0.03729993661050358,-0.068820475755292
CCB,2023-03-14,-0.00014247625177195574,0.7295387992855759,0.10031832164231161,0.1399514385237996,-0.015810166429380136,0.14576251974625262
CCBG,2020-05-18,1.879565564312289e-05,1.25915948575385,-0.015104965204338495,0.09765890684192186,0.12301912904836011,0.03771658710058695
CCBG,2021-02-23,-0.000783508162455073,1.3081861425528425,0.023534591802350433,0.010121320349750435,-0.004918881800579875,0.011231127011499024
CCI,2016-11-15,0.0003029537270146326,0.7415643998332497,0.032538732955716916,0.026064397513819594,0.032125480258013595,0.03371650083886823
CCI,2021-03-02,-0.0007773543123694145,0.9412839286059687,-0.012635021722779157,-0.00641733771127017,0.11435961475014884,0.19070741535510627
CCNE,2016-06-09,0.00024034293187773434,0.6326077263014611,0.0053455730774278724,0.0033152132449602405,0.02119128291444213,0.1184468526748294
CCNE,2020-03-30,-0.00010575877969679343,1.094420419053674,0.06420381541344497,-0.08171512165542412,-0.2674470370908683,-0.17640699763299003
CCNE,2020-06-12,-0.00152571215222686,1.3373849906823305,0.02709280965843979,0.011399124694805704,-0.011430115345235106,-0.07658578541371536
CCNE,2020-09-11,-0.0025772400223031487,1.4609329999777707,-0.005024582970360196,0.029712336774475462,0.2996880659804029,0.35488556242043817
CCNE,2021-01-07,-0.0018943612791840442,1.3882143962113984,-0.057938965240347584,0.009427659702411176,0.04923762332911458,0.06614391168753547
CCNE,2021-09-15,0.0008203100731196401,1.067796138476483,-0.0210633216285553,-0.024759554104647627,-0.013230612988034102,0.017648602778304726
CCNE,2022-03-10,-9.127792053350423e-05,0.8373681458604587,0.02941628501597336,0.005180381441053483,0.0039658258419458196,0.0008433902893153402
CCNE,2022-09-21,0.000805379791225165,0.5419267099054411,-0.0175602926035298,-0.06295027733011097,-0.04833787158765408,-0.15085111740682067
CCNE,2023-03-16,-0.0003166811774820345,0.58980749867083,-0.0385382868746238,-0.04627936873454322,-0.1070726210596216,-0.13338897698915617
CCNE,2023-05-18,-0.0013468537566156777,0.6961475693843486,-0.022460352183612933,-0.02735642113485861,0.010448220949737902,0.09101919345951615
CCNE,2023-08-01,-0.0014271337377974034,0.8219043820574147,0.02791755038136245,0.0549398793407877,0.020669600835670682,0.08198406660679393
CDTX,2015-04-22,,,,,,
CERT,2020-12-16,,,,,,
CF,2015-11-12,-0.00038670700793946145,1.046680651191879,0.04286355582235591,-0.015317213134962822,-0.0865159233813455,-0.3616125312640015
CF,2016-03-02,-0.00241486052313055,1.0433374923485403,-0.0038630239428907864,-0.009589294911329203,-0.13681811706703828,-0.09987077966808147
CFFN,2020-08-21,-0.0012707369200352127,0.8753943602856448,0.007633031909535173,-0.023301176719013335,0.18505642519379523,0.3750236051336975
CFFN,2022-11-01,-0.0006747315308080118,0.35507662107023086,-0.021469843627311275,0.015651480921710245,0.03611247675591437,0.07018488357068112
CFFN,2023-05-24,-0.0014521615238981618,0.6749068688551076,-0.0013078476381085096,-0.005012497163928561,0.014219982493334235,0.06907140472842786
CFFN,2023-11-28,-0.00278860755118935,0.9896544212485392,0.054592588850044546,0.10665894026911796,0.19530671639394892,0.1878495704405971
CFR,2023-03-15,-2.043750928676277e-05,0.7501306311459427,-0.03396597818500865,-0.09872002738181725,-0.04282805217563248,-0.05582569016032582
CFR,2023-05-17,-0.0007112471783954843,0.7424973099321884,0.05553388174508268,0.07358462032557847,0.08923664514411409,0.05555130079531917
CGEM,2021-01-14,,,,,,
CGON,2024-01-31,,,,,,
CHCO,2018-11-19,0.00022850534809752118,0.7386720759038325,-0.0038902896020589738,-0.013491856065451006,-0.06863007065494663,-0.004981990172267626
CHCO,2022-04-27,0.0001905366306943059,0.5958285183482098,-0.003928371493167403,0.04222201304392026,0.042815031977551515,0.11762415934905973
CHCO,2023-01-31,0.0009932072161193527,0.3990677736824457,0.023626152269438618,0.04530735933449814,-0.02197408732683613,-0.09081669596771658
CHCO,2023-05-12,0.0006880098175984263,0.4531860302768683,0.03012733476208415,0.04550782225329322,0.059813045444756685,0.08910306529484731
CHCO,2024-02-29,-0.0003731997424543371,0.9431944165155486,-0.0035449765681558054,0.03224191285992187,0.002324686305234757,0.01838997855567362
CHCO,2024-08-12,2.9105403116252737e-05,0.6250298848538735,-0.010477171571285812,-0.0023141838996026754,-0.013374962522641507,0.008942726115450453
CHCT,2023-03-13,0.00043388525991860515,0.5883237171746375,0.017075970386745888,0.005730580557730628,-0.031850251589466534,-0.06613457743061732
CHCT,2024-08-14,-0.0022086209251028794,0.8731417852800367,-0.009814885679084362,0.020206859992802403,-0.015286202302792727,0.10428231828916446
CHD,2016-11-21,0.00032881967556548685,0.5925223892966119,-0.004726735966363305,-0.0073260354052958115,-0.03077913450228219,0.044433753809572936
CHD,2019-09-17,0.001107534149289799,0.42963290880827315,0.0023774128082753873,0.01757538702273443,-0.022470989081498145,-0.12307195859284736
CHDN,2018-12-27,0.0005806665567437473,0.8732594932664997,0.0038086401333325337,0.003937261431869798,0.07850835295052033,-0.04634986974315891
CHWY,2019-06-18,,,,,,
CIM,2016-03-02,-0.00045710787664674727,0.45371487645731623,0.028110717787680803,0.06042849780512674,0.11435981530452383,0.2041314886283639
CIM,2020-03-19,0.0006566891153304167,0.3878349955054569,-0.028078420519198607,0.23941132090430653,-0.159562181081678,0.15001702306314485
CINF,2022-08-05,0.0004741120056717114,0.791620473472877,0.03084211681762178,0.0617533974324333,0.07820972764867268,0.11264628349321837
CIVB,2015-09-22,0.0003282335890318712,0.22661865581305557,-0.0042105349149578275,0.007900852319836664,0.05700760559210244,0.0629589013491832
CIVB,2016-11-15,0.001651342316406984,0.3194030379484335,0.005454302515747522,-0.0064065439274244565,0.18786879927973185,0.3200939477569618
CIVB,2017-02-28,0.003070491783226678,0.3920609049449596,-0.03487293561918933,-0.0337373215028024,-0.12873831406821198,-0.28846062747146306
CIVB,2017-05-31,0.0025459412449926186,0.5802242158103679,-0.01283909749041073,-0.029432371910124086,-0.027998031370447554,-0.15696917399544666
CIVB,2018-12-17,0.00046631337661854954,0.40741877743631,-0.03666461184464184,-0.06985603371044778,0.01606147366242774,0.15000892676510552
CIVB,2023-03-24,-0.00014700200642538694,0.5386076076632651,0.005275224672152544,-0.0499282352016847,-0.18739076354766965,-0.054456705824305784
CLBK,2018-05-17,,,,,,
CLBK,2018-11-27,,,,,,
CLBK,2019-03-11,,,,,,
CLBK,2019-06-17,-0.0005431653850870168,0.5287336002346207,0.00778402247631268,0.014722444885932572,0.06410369902078106,0.0864747004382308
CLDT,2016-11-09,-0.000635726193986636,1.1237075303859698,0.06242273317940458,0.08730917585915612,0.1312576271792733,0.13314996445526586
CLDT,2018-03-06,0.00023648658593182845,0.756394886807456,0.03126983329188823,0.04093554644310595,0.05811733938151373,0.1253520841393629
CLF,2015-03-04,,,,,,
CLF,2015-05-27,,,,,,
CLF,2016-11-04,0.0049682905602651895,1.7680771098010446,0.03610650094987471,0.20235260567226349,0.198202466538359,0.09702038053948259
CLF,2017-05-04,0.003239584430905095,2.719089295480802,-0.01712112529336686,-0.030351524296000545,-0.19447062508258994,-0.06467648647454599
CLF,2019-05-23,0.0009140061041335921,1.602049662252242,-0.0027821700058284736,-0.030661940372149542,0.026224009311750174,-0.19211635457078588
CLF,2019-09-05,0.00036865093277114677,1.588337902026527,-0.005739475696870892,0.11727346480927206,-0.03223858692151366,0.02008292062224857
CLF,2019-12-09,-0.0016180932886796543,1.8900722530359404,0.06144140327535891,0.0029154563117037707,-0.13055722879455925,-0.23169025616509847
CLF,2021-12-13,0.0015465180161403766,1.8500894172523423,0.03649812703403628,-0.0019616360968955776,-0.10459015065787011,0.3956744954440245
CLF,2023-05-02,-0.0008927766495199429,1.4822538328090669,0.015551387442980482,0.012716709822759858,0.055503343244346436,0.04111122877535183
CLF,2024-06-13,-0.0006817756616699829,1.4015499680955694,-0.012881324863919411,-0.026495984729797376,0.026102027856418228,-0.28913042413669704
CLFD,2015-11-30,0.0007281090255056333,0.8578367112152834,-0.0355286600599619,-0.09865286900562692,-0.028752567944634315,0.0864627435087705
CLFD,2024-03-06,-0.005065641127329367,1.5746261181349301,0.055859086229695036,0.015110565741819744,0.15356498709737415,0.5349323917327501
CLMT,2022-08-30,0.0035708052481202394,0.8850364142897491,-0.002327460433841161,-0.030745019345172455,-0.1461565973973287,-0.24095547693785926
CLMT,2022-12-06,0.0020937589227608393,0.9279650190443819,-0.04730140585618174,-0.024608534011003824,0.1315631048908361,0.20104225634894896
CLNE,2015-03-04,,,,,,
CMG,2018-03-02,-0.0016113324243796066,1.0750445133166666,0.007270678719955716,-0.006240586234514815,0.09172460484220134,0.4427000245591672
CMP,2019-05-13,-0.0009466156869065267,1.4548834930351058,0.013479059177175734,0.012312118275769196,0.025855469056947574,0.0066268175319531275
CMP,2022-05-17,-0.00021352412366654506,0.6902704560651666,0.03701626675830953,0.009352714665913836,-0.15459559000944495,-0.02789131036807391
CMPO,2022-05-16,,,,,,
CMTG,2021-11-09,,,,,,
CMTG,2024-05-31,-0.001266173957342014,1.621610722270875,0.042247563283828345,0.019997508233338436,0.06898829999325336,0.019810116946836306
CNC,2022-05-03,0.001191570232052608,0.652947562956821,0.022918836787976002,0.0305026032625361,0.005505387049023839,0.09823675439863072
CNC,2023-02-10,0.0004307727217556933,0.5970690662205063,0.0119001222298958,0.02207732953231566,-0.09806052102641521,-0.08469309886356474
CNC,2024-12-19,-0.0008426359629537331,0.33091201032653494,-0.000666789523030788,0.017602931101060173,,
CNK,2020-03-19,-0.0012416321776220597,0.6235165623461454,0.7616649191904993,0.7933531579833722,0.9449502140475253,1.113282476038417
CNMD,2017-04-04,-0.0004982071632410768,1.2397432747788808,0.01054736699928531,0.04850181624979319,0.15743626297796592,0.15779281695355823
CNMD,2024-05-14,-0.002761079948920282,0.894906817072752,0.0143655536130655,0.02720732120164957,-0.029835775198379714,0.07889161553949499
CNNE,2018-12-06,0.00041506732940191804,0.6218905038795011,-9.045380982636905e-05,0.01245971076336634,0.06839642108399811,0.23683369614648572
CNNE,2019-12-09,0.0017923804936322534,0.8894832387086069,0.0348618714990372,0.008717087094594789,-0.01976811903433237,-0.04756686119289664
CNNE,2020-06-17,0.0006998147319658439,1.058359238883473,-0.002715503685994684,0.06853246739831799,-0.03534545248498012,-0.16282444592812925
CNO,2020-04-02,-0.00023664467401801013,1.461684582702162,-0.031826819596906114,0.06517498736953246,-0.07091751850632355,0.08245074255915996
CNOB,2015-11-13,5.266620566225148e-05,0.5512497156651297,0.0010448165026113532,0.03905161485072073,0.061232285043186174,-0.09625936840136945
CNP,2015-06-02,-0.0008486204161962535,0.9761730650947832,-0.029728372433501633,-0.027057655236631475,-0.02102865162442405,0.04047965933093336
CNP,2023-11-29,-0.000536241009975056,0.5239424923067552,0.0037668878642275767,0.025906473084911723,0.007365574430999895,-0.03292585480342305
CNR,2021-08-18,0.005010534783954298,1.383500784932498,-0.07099765954420886,-0.01696023970547393,0.0939407916093149,-0.14868121233598508
CNTA,2021-06-04,,,,,,
CNTA,2021-12-06,,,,,,
CNX,2015-11-19,-0.005263766083632652,1.2529156742278722,-0.04333807832374827,-0.06777289333337372,0.2911636820176769,0.5930471476623477
CNX,2017-02-13,0.0024760910799934664,2.513711326290149,-0.01044000180359966,-0.06757575453127612,-0.18421820632229818,-0.28249904393113984
CNX,2020-12-03,0.003104090940357482,0.6425021414638159,-0.0014514094969303587,0.16017372279648937,0.22613178406001733,0.20956095366091154
CNXC,2024-04-22,-0.003014048340695146,1.2155881279624305,0.006676800216363231,0.004801146014167663,0.1225931672410348,0.27709483966375564
COCO,2021-12-17,,,,,,
CODI,2015-12-31,0.0003216252635773484,0.4107809502560986,0.014874148070002372,0.010868306324727956,-0.050215922379106215,-0.008086729349931418
CODI,2017-01-05,0.0009564452923744688,0.5394058424538156,-0.0033835216142298376,-0.019473219788397347,-0.11472196144816033,-0.1565419131347625
CODI,2017-03-23,0.0007559325577698206,0.6081535956657701,0.00897667768692491,-0.0002976536089889575,-0.014694470883979372,-0.012858416001631711
CODI,2018-01-05,-0.000416994758965066,0.736093085795286,-0.013964073521615206,-0.017058297697227998,-0.030573073862878875,-5.0914948624405584e-06
CODI,2018-05-18,0.0001491425917868767,0.3812996159306635,0.004281561672091567,0.07789620700869263,0.10076259395845986,0.12957815018431137
CODI,2018-11-20,0.00040220000494039517,0.3241840639347413,0.010233966470198856,0.002346941124241753,-0.032998265038867686,0.062424610031382735
CODI,2020-03-20,0.0015777677940105113,0.7057839738080497,-0.0066017083625881795,0.02946225267074591,0.2798476015649938,0.12534135149825476
CODI,2021-01-05,-0.0010282180107924227,0.8693218029937609,0.05086884413676945,0.08876146473981024,0.18132121754291494,0.19810424491189513
CODI,2023-01-05,-0.0006856922922899347,0.8959204516229985,0.010062726498578,0.09016203322669733,0.13031482669154662,-0.00434511280281516
CODI,2023-10-10,0.00022186773689333451,0.8964813451129408,0.006452471713537983,0.009062101623427328,0.06250290854185118,0.11694059438675829
CODI,2024-02-01,-0.0006310034850590592,0.9827344907698664,-0.014675961906604943,-0.030452693997274734,0.03073726148422458,0.017902077557081626
CODI,2024-06-13,-0.00012152798240470757,0.9792367091560404,-0.0371174869885446,-0.062103125589684935,0.03349034585757506,-0.10280604236275954
CODI,2024-09-23,-0.0003027789705452121,1.0075637130815662,0.011813481267866773,0.016854206903016266,-0.004470032318899718,0.07808766861137577
COFS,2021-05-10,-0.0013389395927842613,0.7226626561595533,0.007160869645910589,0.05406357133982135,0.01692966144582529,0.04111235494473285
COFS,2022-12-05,-0.00010787446872257332,0.23337575077347128,0.008195710654644285,0.06101669095380703,0.16425791800170567,0.19428651496496613
COFS,2023-05-22,0.0011140418518044127,0.22250115815477656,-0.006038085491553401,-0.01790746147251553,0.029184829451682718,0.07837853847403926
COFS,2023-11-13,-0.0005683254710047833,0.3492209499345431,0.1004516271256541,0.11919687649149754,0.3567107857818309,0.19129271691084695
COFS,2024-08-13,0.00021197504642981075,1.0047260640818025,-0.013710521749029422,-0.007209677240587655,0.07209586148545297,0.20074541767850246
COLB,2018-01-08,-0.0010293153590373865,1.8702454679159919,0.002189727919202916,0.012842429179308359,0.022316944925073502,0.08447250630858136
COLB,2019-07-03,-0.0006170656806938296,0.7569692333463962,0.020474286154774785,0.007421754057094445,-0.0005391579842649128,0.08597778533715404
COLB,2020-07-06,-0.0016147344613868543,1.2483041169167415,-0.013616011000280391,0.0371547363093602,0.0895652012082696,-0.0866224161844528
COLB,2021-01-08,-0.00035507827039065094,1.2951784561759065,0.021544403419090488,0.05669977350482218,0.14122494558491788,0.012672174350626203
COLB,2022-07-01,-0.0004438997900422006,0.8870518918489187,0.009877127075855599,0.004302563867889209,0.031980074073966636,0.09179655510206837
COLB,2024-02-07,-0.001566105625228696,1.9298393360095798,-0.0027990974635217804,-0.0030942965734274998,-0.03380452894447543,0.13513246451579883
COLD,2018-04-02,,,,,,
COLL,2015-05-14,,,,,,
COMM,2018-05-16,-0.00011961387557261851,0.9179187283671193,0.023390918353585262,-0.011350132062098636,-0.009376584500891023,0.043009050942524635
COMM,2018-11-16,-0.0010699247826940806,0.792650351134477,-0.020364781864496754,-0.014996749914794062,0.011995082584930799,0.24898806774325719
COMM,2020-03-16,-0.0033024510825714636,1.851398385150152,0.03495651997220656,0.4139976837579469,0.4709784825322965,0.3383468977236288
COMM,2021-08-17,0.001849965240873668,1.3709460785699685,0.026637768806517855,0.061248265379592166,-0.09143115917205032,-0.5829082585039889
COMM,2021-11-22,-0.0009660468284048546,1.370826999442321,0.10208443420018173,0.07802333321882399,0.1900375929405208,0.19769998082940113
COMM,2022-03-15,-0.0031070731064138575,1.5136785803539858,0.0669264796524687,0.09701153934609907,-0.0347524430589603,0.45580886661522824
COMM,2022-06-07,-0.004891706101987214,1.721358688898183,0.028834416029115153,-0.00904027044985364,0.11819745127592532,0.7547266803662097
COMM,2022-09-06,-0.0013358555649814565,1.728035995088164,-0.0490512310571785,-0.06510314342574473,0.10710071455823808,-0.2768502060312479
COO,2020-07-08,-0.00046047807813420517,0.8942558461884069,0.025902912616963807,0.03138595699528142,0.03218008154085753,0.1484181198523967
COP,2016-08-15,-0.0002654663753281346,1.554341612300611,0.039765950586612545,0.03159857272528693,-0.02326788959603167,0.12489788772120976
CORZ,2024-09-16,,,,,,
COTY,2017-03-07,-0.00219088179645863,0.9765482869784257,-0.0009468929251071935,0.016841726796099007,0.03342526922160524,0.144831196425428
COTY,2017-06-28,-0.001889504306587685,1.0656301468053813,0.007860275913216953,0.013413206857974392,0.08312634861000268,-0.05966148626212249
COTY,2017-09-14,-0.0011914104284595035,0.8655929089764902,-0.01657053085516149,-0.06389782245881054,-0.10161079146592952,0.07558117619297908
COTY,2018-11-20,-0.0014920437946431633,0.48628517696455453,-0.030281512999811796,-0.07027646105113747,-0.09134037780876636,0.3600804774583709
COTY,2019-05-31,-0.0003298450735978734,0.9583451428041753,0.01716196463533297,0.056517491627596915,-0.16749814736617877,-0.350127663106942
COTY,2019-09-09,4.896255520775609e-05,0.8671200635263981,0.054804016286308085,0.07430295588032872,0.13818397946442457,0.1412900989392826
COTY,2020-12-11,-0.004439125148028671,1.4162301660106422,-0.05015542358699433,-0.0069051199858501874,0.07942364882314393,0.43182555868033856
COTY,2022-03-14,-0.0009876301322843813,1.7139626011292097,0.008946566136937492,-0.014539974188480981,0.024164398655921564,-0.021846685949850918
COTY,2023-10-10,0.0014724735430542753,1.3643867002022472,-0.06947437692798458,-0.06874263546991682,-0.06521766952901585,-0.09491533070862165
CPF,2016-08-04,0.0004008279805849289,1.032930551395909,0.01692606509469152,-0.0026371057880711897,0.018554926014143172,0.02524248800192962
CPF,2017-06-14,0.0003542274637475033,1.6612742288014815,0.011787529633253978,-0.033893758592251265,-0.07292240746841205,-0.1650572418001334
CPF,2018-06-19,-0.0005509500259253048,0.8274568278523263,0.01891459385061984,0.028250394438699037,-0.049828778042161306,-0.05936865825704477
CPF,2019-06-11,-3.2261349120341755e-05,0.6822024051239828,0.003194129694858508,-0.0013117681455139234,0.010116340234542533,-0.029759180892087643
CPF,2020-06-15,-0.0019044573040023838,1.244965387411384,0.004550978739230953,-0.06826397384380949,-0.13499002073480085,-0.09569261382240281
CPF,2021-06-01,0.0012365374184369327,1.2139223196674125,0.010777693138184271,0.017503160629449295,-0.19598504798256772,-0.23034088927980484
CPK,2016-03-08,0.0015519219055186917,0.7689538006277024,0.022346095128895044,-0.01630482608716926,-0.08251074104200018,-0.15515044538479827
CPS,2018-12-10,-0.0012496493490872253,1.0527457274896799,-0.02400446507403889,-0.017753658727197696,0.12973657311697745,-0.1304276716574111
CPS,2022-03-15,-0.0037235814535637565,1.9505749103276733,0.15061716772965844,0.07983908180897883,-0.23661748800373994,0.014261376927801751
CQP,2018-01-02,-0.00048542947901879235,0.7919668136210197,-0.003629581313510279,-0.009479717721570266,0.035545193855710956,0.036988323949011054
CQP,2020-03-25,-0.0007255762192379454,0.45360050776129424,0.043154852447454,0.1538553073262824,0.3625578515134398,0.5633791621329134
CQP,2021-01-06,0.00015276026798037703,0.7193579507754458,0.029486321492780878,0.08771429398459615,0.14216712778729362,0.14895845252280068
CQP,2021-10-04,0.00011432127772837974,0.7566990440509137,0.0012321970661454199,0.03215280842686312,-0.008748229748326513,-0.03639386113610475
CRC,2018-03-01,,,,,,
CRC,2019-05-29,,,,,,
CRC,2019-08-15,,,,,,
CRC,2021-06-15,,,,,,
CRDO,2022-02-02,,,,,,
CRGY,2022-08-17,,,,,,
CRGY,2022-11-22,,,,,,
CRGY,2023-06-16,-0.0014326645093731194,0.9641139346534747,-0.017900641708138973,-0.006356357879133169,0.12725944356610802,0.2673368961050324
CRGY,2023-09-15,-0.001637440422770992,1.2305719682732692,0.023815904290284587,-0.004809618278482149,0.17130195866564374,0.011807323844146574
CRGY,2023-12-08,0.00030834690778393746,0.9008242585790067,0.00491573579160012,0.04128465801808914,-0.056175872481015875,-0.15399483086472587
CRGY,2024-09-09,-0.0005231201088584449,0.6668514115698819,-0.041070754827687454,-0.025208437355478997,0.11573682901806975,0.3305490341574513
CRK,2022-09-23,0.004034066455320025,1.0882227254929968,-0.11549119603758634,-0.010108944179563484,-0.09034319435557496,-0.43961403549624206
CRK,2023-03-24,0.0013828149853589602,1.2175068575579122,0.062241177042892226,0.024747671189950547,-0.11116601572303414,-0.1102727468895964
CRMD,2019-04-01,0.013819324131444705,1.1035904397646092,0.07397902566914244,0.015920523900023416,-0.6642145691526695,-0.953655003578871
CRMD,2019-08-19,0.009405333562574836,1.0038684693968114,-0.0008483524498512276,-0.09705519027740298,-0.5869185305491647,-1.0433645593442509
CROX,2015-11-16,-4.844588854445077e-05,0.852896684132579,0.013010643237923648,0.09928887493354559,0.09936529895211116,0.06193040452536141
CROX,2022-03-17,0.0004091537462640965,1.7831385711066228,0.02946938844823289,-0.042955768146842335,-0.062314779651811744,-0.16352896258439226
CROX,2022-05-26,-0.0015881861748641526,2.1048801323978727,0.012769137279122315,0.1272405999616618,0.21530059059608664,0.4418161995622777
CROX,2023-08-18,0.0020073663968969498,1.5529553359868813,0.044930317168944855,0.009285148814675443,-0.0819500096897424,-0.31067419474024943
CRS,2020-03-30,-0.001511136726159413,1.6957203521726,-0.010770199494289437,-0.033983409987132146,-0.10154374541114843,0.047565414870538454
CRSP,2017-02-10,,,,,,
CRSR,2022-11-17,-0.0010376892887032207,1.550912133545717,0.036604947402015385,0.002496538872307025,-0.0883591837791241,0.13173242192757362
CRVS,2016-03-30,,,,,,
CRVS,2016-06-13,,,,,,
CRVS,2018-03-14,-0.0029680232192175107,0.9295499464623537,-0.04703219914353614,-0.0010927082067440867,0.06033421180347713,0.4109680483831665
CRWD,2019-06-18,,,,,,
CSR,2022-06-01,0.0015466288584739213,0.5804962891917455,0.018316478636328043,-0.008829675330950356,-0.021716736086888302,-0.15669666951741323
CSTL,2019-07-31,,,,,,
CSV,2017-05-04,4.147985190378283e-05,0.8675470844782667,-0.004883242153643689,-0.012244377626680378,-0.03038282675579496,-0.13987770394119806
CSV,2018-12-03,-0.0011907195267525773,0.42003917129713875,-0.020325252826118124,-0.033341844626548725,0.18911539141899555,0.3109389667931124
CSV,2020-03-31,0.0011828782461218619,0.25666023465787935,-0.06861781684833258,-0.15383472197415385,-0.18566636270450715,0.00823617109214144
CSV,2021-01-04,0.000705022936607042,0.8328484376452628,0.020140341662327716,0.04275027408137043,0.05038707281473501,0.03347164660093079
CSV,2021-03-23,0.0026326311751420023,0.836356147761775,-0.04707481500061285,-0.05987915234655279,-0.07117757662640464,-0.1826022040568955
CSV,2022-09-01,0.00011069712864720564,0.9029059999298805,0.014087027232150294,-0.025128112279248667,-0.04992317467983046,-0.34431675402370243
CSV,2023-01-03,-0.0028927797597942642,0.8815010141789156,0.059686190554208526,0.09405315399342334,0.24750536310132026,0.2129285000040975
CSX,2020-11-06,2.4093546129524702e-05,1.2002286544311707,-0.0011827679676151767,0.014246014420128378,-0.030240528671807772,-0.10039566845322255
CTBI,2023-08-04,-0.0007000354796968033,0.749767047906372,0.01663248622553878,0.004572322021541812,-0.08295735500499116,0.06842223093934499
CTBI,2024-07-23,0.00021556040576436973,0.6933028771076518,0.025262786857091407,0.04129218123030715,-0.018016208823771283,0.016181193312528843
CTGO,2024-12-16,0.0005738027365660445,1.1231979337552251,-0.02108439558672273,-0.08928100212443822,,
CTLP,2024-10-01,-0.0011905151958629795,1.383248574144343,0.07261976358332521,0.0922681078663444,0.21137061282982933,0.3044659275295352
CTMX,2015-10-16,,,,,,
CTO,2015-06-17,0.0006674832038656419,0.8014340234489034,0.014498659914247805,0.038541017081163975,0.004974347120188054,-0.07076459393407783
CTO,2015-09-16,0.0003872446274387954,0.7630623913408285,0.002126870372096898,-0.012682909216681137,-0.07719033359145264,-0.0350498619081354
CTO,2017-03-16,0.00013068696790416933,0.7890709712403948,0.021874992040723514,0.01193787423552933,0.04247885698969727,0.049670105649898634
CTO,2019-03-07,-0.00017828361522151433,0.6910324467025344,-9.505529050360915e-05,-0.02860467551271952,0.027304053607262978,0.03581079809349056
CTO,2019-12-13,0.0004383481086513339,0.5560275759700705,-0.014792913831023073,-0.06138718325526682,0.01145576515775441,-0.1451036758373656
CTO,2021-08-23,0.0017856783744348954,0.8018382722435252,-0.013361341725307185,-0.004378163170699023,-0.026178596960178824,-0.08158879530773265
CTO,2023-03-14,4.839069058259924e-06,0.565102093709547,0.017568544280419943,0.015042101510294652,0.0028786688889604686,0.007526344044304464
CTOS,2021-04-05,0.004661608319939286,0.7079347145242575,-0.004326986560767014,0.004758075213019733,-0.12071827368365239,-0.2963957802786257
CTOS,2022-05-18,-0.0006523465773617907,1.1993836912406768,-0.030570651491248484,-0.053949913272137766,-0.12048555336838054,0.1327447326355261
CTRI,2024-04-22,,,,,,
CTRN,2021-12-23,0.0012042104944126398,1.7417243011120027,0.014290822417006913,0.214489807641023,-0.42880320412239503,-0.6844179888960773
CTRN,2024-09-11,-0.001266019939890354,1.1314926222881891,0.08344566478169063,0.18489195296930325,0.2785473751140442,0.5527685878208112
CTVA,2019-11-19,,,,,,
CTVA,2020-08-12,-0.00042854914740085906,1.1296927136678259,-0.0022288500486898205,0.05814795447010074,0.07952539451009857,0.21069163277912772
CTVA,2021-01-19,0.0012585054034416128,1.0804522836135395,-0.027995066195390363,-0.1310954488478447,-0.012181333300289192,-0.09710116868433269
CTVA,2023-11-29,-0.0013068904235998347,0.667777951201389,-0.0026335734041450227,-0.017604660408148204,0.02594083564101152,0.22101202957639166
CUB,2016-03-01,,,,,,
CUB,2019-06-11,,,,,,
CUB,2019-12-06,,,,,,
CUB,2020-05-18,,,,,,
CUBI,2022-05-11,0.0016320513703314415,1.7736263479182988,-0.006354896547317039,0.00925531123392375,-0.12974435732059295,-0.22812159334233628
CUBI,2023-03-14,-0.0026353898640237763,1.4639916142577556,0.136521632394836,0.10397662520256282,0.08054452382123094,0.6137776092678753
CUZ,2015-09-14,-0.0009301189847766893,0.8776997050244522,0.005946412191069048,0.00884881911820105,0.04582172455205022,-0.0069391225684781585
CVBF,2023-03-15,0.000337678733506826,0.4560160784041002,0.005325549472668965,-0.07484254454785037,-0.2670330564218187,-0.3009644681738126
CVBF,2024-02-06,-0.0015119448585798648,1.635928141152146,0.005857632514237604,0.001990764160963124,-0.020225577974130785,0.07801480841916025
CVNA,2017-07-28,,,,,,
CVNA,2022-05-26,-0.004012301304258451,2.4349431356777287,-0.007431117052932951,-0.1777458733217396,0.01736131806548038,0.5460548728756055
CVNA,2022-11-23,-0.005404007293776171,3.2421292627127305,0.16674779815049276,0.1706692378300324,0.06472668910247323,1.2376676195266672
CVS,2019-03-11,0.0001143605903414276,0.8501238060117587,0.01647405820335052,0.040819742110937376,-0.04844850347047169,-0.016216532510435373
CW,2018-01-09,9.560193675590004e-05,1.3328506412427465,0.006416207128702881,0.03740355982733329,0.10890424828744566,0.14495359757090448
CW,2023-07-11,0.0006545340264801565,0.7634963207099629,0.01613424431367943,-0.010627436786902617,0.08485869445465749,0.027573792935410596
CW,2024-01-05,0.0006048978084434206,0.7437414201229392,-0.02032795920455258,0.0056703991556893065,0.014083738329226332,0.05333328884364047
CW,2024-07-05,0.0014524800121346138,0.6189361431061954,-0.005847264447804709,0.008489450237762245,0.05894491395362391,0.08269185854614003
CWAN,2021-09-30,,,,,,
CWAN,2022-06-13,,,,,,
CWBC,2015-11-18,0.0007668815557480581,0.24154591251659205,-0.04031710675717912,-0.03145924563186534,0.07138202504873309,0.07170869207415267
CWBC,2016-03-11,0.00026481216745452427,0.19649060414360692,-0.012870116743595629,-0.028103135898759055,0.09426649594859811,0.15985614946293442
CWBC,2016-09-15,0.0012667335406468748,0.21430089193538135,0.014134490607060885,0.020471877590333032,-0.09781080189248169,0.16385164865420443
CWBC,2016-12-19,0.0009225504717814642,0.39951903646675735,-0.0036795925961031683,0.0014674298581630755,0.007053308123824434,-0.0828790830733942
CWBC,2019-06-14,-0.000253548175753952,0.32779855985679734,-0.005158193412972082,0.015620505067083432,0.03524060716964997,0.07036663891798856
CWBC,2019-08-26,-6.347911665982199e-05,0.3764884060901973,0.004857192531020946,0.011179678635850478,0.055339293312356076,0.0799472876782311
CWBC,2020-05-21,-0.0014661033059981017,1.4787577563450922,0.006827762327449518,0.03921848472278513,0.014153754827415863,-0.19017529184472542
CWBC,2020-09-03,-0.0013330069462170785,1.6042113594931642,0.07594925594812363,0.07796197292999749,0.20386254826731223,0.24871844418524047
CWBC,2021-03-11,-0.0017093144810893658,1.7915708540479862,-0.03076186150781092,-0.07155903816763667,-0.11844660508297544,0.0032309094187915575
CWBC,2021-11-19,0.0011939849254411915,0.8416451603903425,-0.002709779937209331,-0.004551744579106372,-0.010383631059413458,0.050183399970128384
CWBC,2022-09-07,-0.0006890481437397538,0.5141265647167365,-0.008852109170680602,0.021025570371191606,0.04881043905898059,0.1580861921224439
CWBC,2023-06-06,-0.0004113292177558068,0.4659021132864,0.035293239583954195,-0.00075169183116406,0.09747815080554484,-0.030476909867699346
CWBC,2024-06-11,0.0002490159073493271,0.8424871088713145,0.0035942897221586272,-0.028305221154560304,0.17256371504791296,0.15441680761711776
CWBC,2024-09-05,0.0009752061549361974,0.8469841850677041,-0.0025721531482591764,-0.03276275660030213,-0.12566646725562886,-0.041892479290222495
CWBC,2024-12-03,-0.0006390336585537561,0.8218166316313807,-0.007322467235483646,-0.013180916302402552,,
CWEN,2019-03-08,0.0003385860311083773,0.5096621814582595,0.016700898979555415,-0.023973664249397716,0.02417592833335566,0.050606048370931814
CWH,2018-05-25,-0.0001439698112248326,1.36519058590831,0.003332112216205581,-0.041016800737261674,0.2597935739375102,0.02815729959647176
CWH,2018-12-17,-0.0034797757595791037,1.3026429835228734,-0.07471911734912969,-0.09880257564523393,0.049861781675555925,0.07024090222541551
CWH,2019-09-06,-0.0022348432951957084,1.338664006447029,0.07323290430493767,0.18311009281314286,0.19372191344857204,0.5322827992053744
CWH,2020-03-17,0.0006992382163801934,1.3871770381549526,-0.3563086676690169,0.14595282064188633,0.36582062295036216,1.1954689293277994
CWT,2016-03-14,0.0003792994164845217,0.609795988817913,-0.0009018036626091152,-0.023210851283645244,0.0413877915894952,0.13196994825420363
CXM,2021-06-29,,,,,,
CXW,2016-08-24,0.0005979024241352193,0.8313564028246367,-0.010332160743003277,-0.13884511471001212,-0.25937864809265515,0.17045616737462183
CZNC,2016-06-06,0.00024636847481926356,0.4410284816070982,-0.006845960563382736,0.0014225901472695794,0.010586659538858654,0.03313452934040843
CZNC,2016-09-06,0.0002642824431883586,0.4826538824220313,0.02007804068588266,-0.007879878520473059,0.021356545130241326,0.11572592199364828
CZNC,2017-04-11,0.0006134195936566428,0.6643389535648737,0.018587989231034188,0.022298448525208025,-0.028464585112469375,-0.0065477314714835755
CZNC,2017-08-18,0.00033162833279765455,0.9465312946763172,0.00557125440042823,0.005359744596087197,0.09303951157158483,0.0022490822214900202
CZNC,2019-05-06,0.0002382533101079159,0.5843640542418191,0.005088122411730657,0.027358967787976626,-0.12012091262769421,-0.12801748325468681
CZNC,2019-07-09,0.00028380998244852595,0.5594721899255528,-0.012827275770375568,-0.03451404832292504,-0.07817691453947766,-0.0076216201684732796
CZNC,2019-10-07,-0.0005661873651323083,0.6389021101777864,-0.023685726341809155,-0.024180232138351056,0.01627055599710229,0.0840859292033569
CZNC,2020-04-06,-0.0005414409329923338,0.9288596272632031,-0.031442571804446554,-0.062097569732078556,-0.09866825420417465,0.045024093606029214
CZNC,2020-07-08,-0.0006838070001625652,1.5160937120411015,-0.03620877200431558,0.02283102810987094,-0.12120046703546884,-0.17227250310512007
CZNC,2020-09-17,-0.0017704734343792084,1.5795703379325587,0.01065097818762506,-0.028293915694455968,0.13904972994330364,0.1684092869312394
CZNC,2021-02-08,-0.001300685554980591,1.5084134198441708,0.017780878907706937,0.011417842171147913,0.157316716173077,0.17449645362713145
CZNC,2021-08-17,0.0011427644822803046,0.6911702290917943,-0.0005924204023498294,-0.012354015838363864,0.0033005293662446804,0.0006984252672829205
CZNC,2021-12-07,0.0009211044921358707,0.6720197804760466,-0.0024347400041241224,-0.027593463333455595,0.0009437230732050814,-0.01941298981864246
CZNC,2022-02-16,0.000719129653994649,0.6218752972286672,0.009443416450831498,-0.005304979854897884,-0.0720174166939277,-0.03717971094995734
CZNC,2022-05-09,-2.7746713249061377e-05,0.6332362093811746,0.03773024986635226,0.03173476459370911,0.09196314123056054,0.02798851276515086
CZNC,2022-08-08,0.0004549023613174154,0.46826495459118206,0.017999231618818404,0.03982406981115129,0.013086078269025345,-0.017525482424402758
CZNC,2022-11-15,0.00013662710951738301,0.41204661039322266,0.007175639803019162,0.005709540055983451,-0.04707475704909836,-0.07932866684712916
CZNC,2023-02-06,0.0002013883896452655,0.35244419195768606,-0.0010802780309415684,-0.030377346376677786,-0.057541349605249106,-0.30463156678270414
CZNC,2023-05-08,-0.00019086741480748166,0.3523143871992046,-0.018650396645587645,-0.010052526834072456,0.08950605721595793,0.14960653098532328
CZNC,2023-08-07,-0.0008920236890934789,0.48448938511277184,0.003486176048878806,0.0010774496303042791,-0.127838957440046,-0.033961718448828344
CZNC,2023-11-06,-0.0014616577200016743,0.6458493207438105,0.01739353926630762,0.030354033433599253,0.1408454305249201,0.1043594583234006
CZNC,2024-01-09,-0.0009159323591447521,0.8819145098230818,-0.06443356131086087,-0.07755438302338283,-0.1505118947689032,-0.18958974384791652
CZNC,2024-05-10,-0.0004273081335473611,1.0095808600740859,-0.029912384116576027,0.019132962352437766,-0.1137609550338172,0.0391425142324243
D,2015-03-10,,,,,,
D,2021-11-29,-0.0004414463365639958,0.320836050243911,-0.029896989218386127,0.0214821713062356,0.08789063307015177,0.10614156034976849
DAR,2020-03-20,0.0006077160795329942,1.0005965327874993,0.1856099480372011,0.18535342553462753,0.15096900926625742,0.24743933147735095
DAR,2023-03-16,0.00010847720522826364,1.1131194026123694,-0.029893021554840277,0.001838397177904745,0.01797559456833355,0.0100726695184946
DAR,2023-11-20,-0.002204117116950367,1.167794046573132,-0.01260500056285211,-0.04404229941895353,0.13616458834687006,0.0013903831477338046
DASH,2021-03-11,,,,,,
DAVE,2015-04-10,,,,,,
DAWN,2021-06-03,,,,,,
DAWN,2022-06-22,-0.0031169352353105843,1.4472444414015913,0.06742640474448956,0.07672568197646185,0.20930226437245741,0.4777178077381423
DBD,2017-07-28,,,,,,
DBD,2018-05-24,,,,,,
DBD,2019-03-15,,,,,,
DBD,2019-05-28,,,,,,
DBD,2019-11-05,,,,,,
DBD,2024-08-27,0.002832063790455426,0.8657812065176285,0.06859164627679433,0.07349335506866567,0.0008445506717614272,-0.1363671637874851
DBD,2024-11-12,0.0022751859420647932,0.9728518007461346,-0.01777729439321369,0.04148323139974808,0.005203801233078112,
DCO,2020-03-23,-0.0006437808151043166,0.7783513448692135,0.15781562302906682,0.15637358740446503,0.17982188078606703,0.513496745483347
DCOM,2018-12-03,-0.0007559693493269941,0.6147029302487816,-0.057562758877281336,-0.0471042639020251,-0.00478413355505053,0.15840370629362627
DCOM,2019-11-01,-0.0002330332570375259,0.8988733349963719,0.009728260316349036,0.02182645962230044,0.00411660239831306,-0.07252621258983168
DCOM,2021-02-24,-0.0009522085002156644,1.289161475058567,0.06670564830520168,0.07787442944319461,0.059396185131942315,0.16826910472933782
DCOM,2023-06-01,-0.001557329290206786,0.9309492571903462,0.058882306359492084,0.141329178589094,0.17823926284470681,0.34745638098259995
DCTH,2020-12-14,-0.001618892480399081,0.28619601547784235,-0.052803749180963075,0.18808879643088738,0.06610548562708819,0.34826461607882
DCTH,2021-06-30,-1.0798241581021335e-05,1.2643168052980929,0.025358332330650234,-0.09938957544203311,-0.29417398701164904,-0.2233733596423897
DCTH,2022-04-21,-0.0025606676755354565,1.133532091865164,0.04844568398968769,0.005092496213936974,-0.18862479748886424,-0.1785178837561327
DD,2015-06-16,-0.00046518763619967914,1.4542426986668606,0.019177736239395768,0.008041310287856469,-0.08210036995471841,-0.03860449672449552
DDOG,2019-09-25,,,,,,
DEA,2015-02-13,,,,,,
DEI,2022-09-30,-0.001559327984055188,0.8644322074370719,0.019584900509705034,-0.054090057183620574,-0.02003141139414809,-0.03721277525487281
DFH,2021-01-27,,,,,,
DFIN,2019-12-16,-0.00204562756573879,1.4249987272535853,0.019184780439147522,-0.009836899947786575,-0.12501080516300445,-0.1823944307305942
DFIN,2022-05-11,0.0006653370117331354,1.7312647568956199,0.066809900928636,0.07096859630974235,0.13961828126465914,0.37196384881595457
DG,2015-09-14,0.0008522789900498151,0.835252143669276,-0.009979663978325122,0.0020771091143827383,-0.13199210437707287,-0.07541119162058016
DG,2023-06-12,-0.0003208378603715326,0.49688147501117386,0.03867753601133985,0.06770641569316203,0.0600839113960722,-0.19359014600546415
DHIL,2024-07-01,-0.000776589953062323,0.676616713862345,0.024039173996857215,-0.019213141827768683,0.11066909574754441,0.14069378804902213
DKL,2024-10-15,0.000159882533008373,0.30284964734886555,-0.0028312713302771075,-0.0030861208923967064,0.03293210420330495,
DKNG,2021-11-22,-0.0007578249492766147,1.434680461144701,-0.025929522666890324,0.0021524251123138625,-0.3270703034877852,-0.2824015927352743
DLTR,2018-06-19,0.001056195209078021,0.8517333933522847,-0.02121912587662825,-0.02817995127500849,-0.027609882883182293,-0.13666217867035563
DLTR,2021-06-10,8.80184995555468e-05,0.7434845874425539,0.018378848709412775,0.017328794161204225,-0.023447874703070408,-0.113860539952548
DMLP,2016-09-23,0.00035163692818194944,0.7774675021759587,0.02354607801106967,0.009271147469233687,0.011018978889566513,0.14011400064598786
DMLP,2016-12-20,0.0021955457896520015,0.9380494381192969,0.06562162280989342,-0.005442107384677741,-0.13087753356815082,-0.1763363120816539
DMLP,2017-07-05,0.0003298599049816911,1.4585045454705021,-0.003377989983923829,0.014944038561029868,-0.0460379019525791,-0.04391894610533553
DMLP,2019-08-19,0.00022509806493533596,0.5490905732291896,0.01032640669535824,-0.00010054794908487957,0.008746156047647093,0.038787123950605386
DMLP,2022-12-13,0.003136062531802893,0.5073470168953681,-0.018605267034730224,0.02614489740810301,-0.006917436488942896,-0.11055823153081874
DMLP,2024-12-12,0.0004879253408800486,0.21902926904221245,0.0014165903434321197,-0.014845756764389574,,
DNUT,2021-09-13,,,,,,
DNUT,2021-12-03,,,,,,
DOC,2015-03-11,,,,,,
DOC,2015-08-31,-0.0004938371461194238,0.37599350579987684,-0.013331114548577131,-0.024373723627413843,0.04465386165547272,-0.034133982729657106
DOC,2019-11-12,0.001079434171188182,0.2946786234090326,0.012185142739850118,0.0369687246993143,-0.03746217861452764,0.011725692261508375
DOW,2019-08-12,,,,,,
DOW,2020-03-16,,,,,,
DOW,2024-12-17,-0.0009529979295020947,0.69114610077637,0.026468206613403954,0.009455034190245789,,
DRI,2020-04-23,-0.0019084539482172487,1.1232034314585257,-0.003534962686425884,0.048365931678062066,0.15526405701229437,0.06397330744970087
DRVN,2021-01-22,,,,,,
DSGN,2021-04-01,,,,,,
DSGN,2022-12-21,0.0018202169054027367,1.596112035449485,0.14166452266676288,0.23157245857149256,-0.17365085033965766,-0.4034151646399587
DTM,2023-05-24,-0.0004362379865040428,0.8148823421171866,-0.015515363051705006,-0.036457386601409916,0.04495593288295735,0.08459818272704854
DVN,2023-03-15,0.0016770888427031878,1.0661647975877113,-0.0732036746988673,-0.04036645760653855,-0.043118065837097735,-0.1773653052268948
DX,2020-03-20,0.00032419175548882215,0.4570139912010905,0.03206229483832686,0.15550367244273994,0.27831886378952286,0.3217111522464646
DX,2021-02-17,0.000372022505015093,0.8691643910449464,-0.00780240269569691,0.007113484266296129,-0.009878872957565309,-0.03360385163553706
DX,2022-09-06,0.00032668612142813173,0.56782593296516,0.0012194602592654757,-0.008756393557754958,-0.20345579162509764,-0.1463887461359256
DYN,2015-12-10,,,,,,
DYN,2020-09-23,,,,,,
EBC,2020-10-16,,,,,,
ECPG,2015-06-09,-0.0007526690239620615,0.8526404591689358,0.03134651678044295,0.060096150418072355,0.10501454382970776,0.07922843916348979
ECPG,2016-03-04,-0.0022872270735392903,0.9478192948284722,0.08840714053371537,0.02380171001452694,0.0465608219365662,0.15497035893964053
ECVT,2022-05-23,-0.0008148307732242649,1.0625045870358059,0.010924148114339243,-0.02751869459129784,-0.0004800439366897842,-0.010737979855376284
ECVT,2022-08-08,-0.0005389606367151058,0.8947812309552038,0.03591012012921717,0.08717362017419296,0.06530813138865094,0.1792260663024216
ECVT,2024-08-08,-0.0015229436300219735,1.0967409502719196,-0.017345473289207762,-0.0026156317665866485,-0.0527876592686564,0.16263376797374468
ED,2015-03-05,,,,,,
ED,2015-05-15,,,,,,
ED,2015-10-05,0.0008380190402975391,0.4201034408039522,-0.022427481706131618,-0.03164657488250988,-0.09594001542904577,-0.08305057012169699
ED,2015-12-15,8.244936295643832e-05,0.5319880657030168,0.021353718564724334,0.021379828679293354,0.1309923997137102,0.17215883175639424
ED,2016-03-16,0.0009538948056208201,0.4354307614682366,0.014088005490120984,0.00941289998170641,-0.03636530145931716,-0.022037125475894523
ED,2016-06-15,0.0013391400916261795,0.3358090271758426,-0.006946868188160898,-0.023767852471174952,-0.035452894398550656,-0.15034084575484746
ED,2016-08-15,0.0010129111486475073,0.2587224368034963,-0.04071797901420451,-0.02314399114251328,-0.030096934288458613,-0.0904605732575996
ED,2016-11-16,0.0008015618456153571,0.11407879545929275,-0.009456095272434437,-0.02044860650686453,0.017577559050408923,-0.001265648347473317
ED,2017-01-17,0.00020795372145787752,0.05973606704433568,0.01097074975718388,-0.01226697124931242,0.035129309528567514,0.062038047832268475
ED,2017-04-06,9.467602671262113e-05,0.16908409803455834,-0.009550043456415656,0.0011352044341991897,0.026768140935376057,0.023442473077849867
ED,2017-07-06,9.009036161310816e-08,0.41461061758927015,0.0018503642877639023,-0.004500522631149259,0.039378459555372565,-0.004245469693054015
ED,2017-10-05,0.0007710802248369209,0.18699863106693496,-0.005127629930857799,0.015566016944000527,0.04677259874842831,-0.02788365174133243
ED,2017-12-05,0.0009904959584971901,0.12649539662172857,-0.001636551778236424,-0.011394779031612555,-0.16027996408480846,-0.20295617506816493
ED,2018-03-05,0.00015375217915635764,0.09387177581122293,0.009287568353683228,0.014148467464374367,0.04946652934499553,0.02701038763812858
ED,2018-06-07,-0.0002268386508908519,0.24877740868959347,0.0047213907823882,0.01234931498847368,0.08071338772554716,0.09932894487413975
ED,2018-12-06,-0.0005504563198507966,0.1918853921234936,0.011628226427391624,0.030413052299114084,-0.04163615118584928,0.05768100536220144
ED,2019-03-06,0.0002858948136975803,0.11786094270840491,0.006071615873725889,0.024133932820530557,-0.0015689828226438563,0.03365984096304306
ED,2019-07-05,0.000646996836891996,0.12541383969246592,-0.004605912617956482,-0.007663429233752112,-0.029866662466235223,0.027574760172044847
ED,2019-10-03,0.0008645057281473908,0.1616138888409667,0.010577128786350679,-0.0038884370675253952,-0.08905258177463428,-0.08797240540362075
ED,2019-12-05,0.0006095428302579602,0.29463049753954185,-0.004323369958876961,-0.00045793778384081545,0.007648181757869571,-0.01025045536252981
ED,2020-05-06,-2.9323689072642757e-05,0.6999733742060605,-0.04856363377768134,-0.05889716030614801,-0.08165914467277435,-0.08840106314764815
ED,2020-07-07,-0.0007699132937409364,0.7381230785312812,-0.005666423483358634,-0.012574463575109284,-0.008985246357506575,0.07992966819400442
ED,2020-10-07,-0.0013626912879320463,0.7315349145792969,0.002190125675996142,-0.0016160818717037822,-0.030305630273186935,-0.1114964047093637
ED,2021-01-07,-0.00047845099312366154,0.708460535274161,-0.03363915888367664,-0.047109686514334614,-0.04640094833250524,0.039759284822885606
ED,2021-04-07,-0.0014026755979841513,0.5221918996078924,-0.007820761397891472,0.007824208017606367,0.07802002558633761,0.023034291129411036
ED,2021-06-16,5.831872409438823e-05,0.23341244696430485,-0.017627368569944103,-0.05609295869032173,-0.051976250001353336,-0.04261243246056997
ED,2021-10-06,-0.0004993877854144691,0.30871824614328974,0.015459044787945169,0.0424953311853333,0.06280953529063686,0.16953499424794866
ED,2021-12-06,0.00012529265864447798,0.1447672401279757,0.007804117181112455,0.03108512584613262,0.01683895516860487,0.10257035459245781
ED,2022-03-04,0.0007859689717032426,0.18786011395123578,0.02639430213005367,0.01416533591932631,0.06874630515900451,0.0893279821515321
ED,2022-06-03,0.0012304031287283565,0.16810955017863452,-0.005069684341064174,-0.030952094670620406,-0.09156106923250824,-0.058092933381974195
ED,2022-08-04,0.0011397056561778442,0.24651364482832971,-0.010989337703131803,-0.006162867412406002,-0.01618832591269481,-0.14477828797628783
ED,2022-10-06,0.0015582105043418974,0.2533295783244769,-0.04889746738913118,-0.04957471969197679,0.0034685452662532954,0.018676627418326316
ED,2023-01-09,0.0010042215832387266,0.4033699044327206,-0.0019465228851888129,-0.040037871239421444,-0.08896858672456207,-0.06307514947132868
ED,2023-03-16,0.000529817869564217,0.4746063123518947,-0.0038934712328954077,-0.05071599990299965,-0.0185639865169943,-0.1069114243677193
ED,2023-07-06,2.5767079808215343e-05,0.5330459912151132,-0.0033743751131532444,0.0021364301954492062,-0.03242615429310182,-0.05441557699714074
ED,2023-10-05,1.8381747745099294e-05,0.4811892085239586,0.019841222393464808,0.0270870469529767,0.060866867860327044,0.050203126693577474
ED,2023-12-06,-0.0004672563477420041,0.41419493399328206,0.013107529813736243,0.02118048288403955,-0.031207566962328563,-0.02861628470498158
ED,2024-03-07,-0.0002889190486658571,0.30733574704693,0.0023746471925548,-0.014509331028123554,0.03992263792408904,0.05913111114581307
EE,2022-04-20,,,,,,
EFC,2018-05-24,-0.0002124289350265234,0.2477810229513512,0.0052244134162538845,0.005799411021112141,-0.003871684832611306,0.0466949622616029
EFSC,2021-11-12,0.0005613049806021435,1.185654039076038,-0.028289119604000535,-0.055661347486081175,-0.08942406604029911,-0.002572217204159233
EG,2024-02-13,-0.0005775054503170456,0.6037289791463609,0.03183785408769087,0.011161185173011127,0.08837157213986815,0.0713075030531506
EGBN,2023-05-22,-0.001715756566153036,0.6486991075776631,0.11660928580857252,0.09216050397213654,0.14726123453129428,0.40071130878568445
EGBN,2024-05-31,-0.00043713048185408293,1.623874196274632,0.009677998881916417,-0.03764377369077781,0.1533948946925043,0.16587438626692447
EHAB,2022-09-02,,,,,,
EHAB,2022-11-22,,,,,,
EHAB,2023-05-31,,,,,,
EIG,2015-09-02,0.00025755881463845285,0.9280121182387452,-0.016424520448813155,-0.008648447547584944,0.01907104826027928,0.13650035705484279
EIG,2020-05-15,-0.0002052688696549759,0.6979333175087475,0.06338917550812237,0.09599158196134297,0.090360692067416,0.18547148000411642
EIG,2020-12-03,-0.0011674898016798964,0.7411406496802259,0.04317091367227875,0.0591351083431795,0.07308779885068674,0.15926300651293734
ELAN,2019-09-12,,,,,,
ELAN,2020-08-28,-0.00066760363729886,1.0660085803714188,0.031456967061973415,0.020779433688565475,0.19840835900925818,0.12556001180161797
ELAN,2021-08-17,0.00048609120945509055,0.8853629539843363,0.013289023526656516,0.01867961461578363,0.0334236883693789,-0.016371394778892948
ELAN,2022-09-09,-0.0017258235849152144,0.878211210505445,0.0999854394228658,0.09174972354890051,-0.029794828903484297,0.03844849905500905
ELAN,2024-03-12,0.0003932394611120976,1.8700274131782988,-0.024699635109669,-0.04572294413045111,-0.17727781506732102,0.05169191392631439
EMBC,2023-09-08,-0.0020504551663450385,0.9835793375911038,0.025220586831667197,0.04909923708644397,0.11346293341257807,0.3065522018122071
EMR,2023-11-20,-0.00017786751756377204,0.9027004622750495,-0.01214235160468227,-0.022643198333563406,0.034446132872641214,0.10088585517686285
ENR,2017-08-24,-0.000646811252486185,0.9910364678897414,0.04153523452965739,0.023992284748617837,0.05873529302856728,0.04683055702107697
ENR,2018-12-10,0.0009392574951759393,0.7174615227512084,0.045169370540952374,0.054543297620992935,-0.0447198312856377,-0.09487151723967929
ENR,2019-08-19,-0.002104175262903333,0.8628355954145471,0.0023547907448674063,0.03139005632020045,0.17783512518090044,0.23393704269653817
ENVX,2022-05-23,-0.000544585207212597,2.175129972976259,-0.0066776057155863155,0.1454440686644685,0.03383809144366721,0.7019873225734521
EPC,2018-03-06,-0.0016864323902373083,0.7029683199103461,0.008647694181292322,-0.03246914848821033,-0.07210468638477407,-0.0791054346261704
EPC,2019-05-29,-0.000269815961946105,0.6160275762109668,-0.023966175754144996,-0.02307721478640063,-0.09932592839731784,0.006365199017978888
EPD,2015-12-22,-0.0009280661406923318,1.1634411704507752,0.034347427954809565,0.010432101838978103,0.09064742719297712,0.10231099259164497
EPD,2016-03-09,-0.0008508398458732647,1.2091661757026277,-0.009940713696892685,0.02961669333058191,0.09965791483398459,0.18893737976699332
EPD,2020-03-19,-0.0006137259984666434,0.5866933299985133,0.21139258897276375,0.17376219127237125,0.31525066317551537,0.42892756347303157
EPRT,2018-11-15,,,,,,
EPRT,2020-03-24,0.0017922761229158565,0.32522791898517095,0.031908318883165886,-0.023837234380450822,-0.06679510834429417,0.20943497142884784
EQBK,2017-06-07,0.0010102488981792357,1.0095459816576446,0.011883217073962678,0.04512059704747551,0.09421597222634474,0.0457023261607341
EQBK,2019-05-28,-0.0015277415044666707,0.6564506305959109,0.00284392256669491,-0.014322242872416631,0.004719193674291598,0.07636148584748431
EQBK,2020-05-15,-0.0014945853853998645,1.0214875126630738,0.11781132284141904,0.16112825732816,0.24640354130151165,0.17489032956449635
EQBK,2020-09-17,-0.002998304336256478,1.176932808139488,0.0009890378954337947,-0.10770603592370301,0.2287398444182419,0.35010184457568266
EQBK,2023-05-10,-0.0010223801340710967,0.7253075568957147,0.0019443138997030634,0.06943950195157479,0.14363333357400274,0.2601016540994703
EQBK,2024-12-05,0.0007758767650752639,0.9669276436897943,-0.012180792265551285,-0.026096114240539973,,
EQH,2018-05-11,,,,,,
EQH,2020-03-24,5.960596479736211e-05,1.5440774574929341,0.2626290593823978,0.14128934130722762,0.13791798217333429,0.22771417827371113
EQT,2017-07-06,-0.0020554559954677905,1.2677186623150547,-0.010137318925944033,0.035576312615471076,0.08680311023057864,0.16818177120601807
EQT,2018-11-26,-0.0012672815280869727,1.2477678691803806,0.009130233732263491,-0.022763729208906725,0.1517807096377809,0.10811623540169524
EQT,2019-03-18,-0.001176326696529543,1.1238714136440315,0.03095583107243593,0.04846090411382814,0.04682653611753965,-0.14646998672309383
ERIE,2018-03-27,-0.0005458417955843208,0.6154729715016876,0.017812332104816572,0.021695996294548325,-0.0003506542557636591,0.046489676776797856
ERII,2023-11-13,-0.00018986611055365156,1.1426564938763017,0.05553894787647086,0.05875673279276967,-0.02337941749256008,-0.26804355383599016
ESI,2019-08-15,-0.0010283354300557063,1.6299493220481667,-0.02296839775724168,-0.04060608988758986,0.10196365711293569,0.18802754976859198
ESQ,2017-08-25,,,,,,
ESQ,2018-02-16,,,,,,
ESQ,2019-08-27,-0.00012376873279232762,0.544188390075858,-0.01580689604692803,-0.05789039397714259,0.01888638489733631,-0.0011734482630705902
ESQ,2020-05-19,-0.0010806353725452324,1.2481324378975434,0.027084915975170903,0.06670052613751729,0.05649746607118823,0.03410912147910636
ET,2020-03-17,-0.001150922260760173,1.0192175424971444,-0.21950679113153285,-0.16648472584768606,0.21851421503464263,0.2457301928684791
ET,2021-08-23,0.0014081792758504558,1.1115323119553735,0.0197355776850737,0.0015475622787971231,0.07329985699844362,-0.10262417685016512
ET,2021-12-14,0.0008898480314903268,1.11358520560511,0.004245558976826628,-0.00697748635322451,0.21479275564899525,0.2854572221764597
ET,2022-12-19,0.0028839892462453175,0.7142527391520876,0.0011154366133990972,0.006882710712124465,-0.017443305983195878,-0.13647323401206346
ET,2023-09-06,0.0004052370559707016,0.7620166518295887,0.0011470289187552815,-0.01496287374934766,0.029438331697387358,-0.006133670618753525
ET,2023-11-15,0.0005782980354736363,0.7102066704290018,-0.013245109310102282,0.018896431974108688,-0.024395424929482434,-0.03518379200421447
ET,2024-08-26,0.0008077150944733495,0.44241826657142475,-0.016059716196560322,-0.004304320919129882,-0.0334073472695431,0.05414817748639203
ETON,2018-11-15,,,,,,
EVER,2021-12-03,-0.00390905481371962,0.8252464881038183,0.1006854978959667,0.2284907679624929,0.36737935744210337,0.4776377185409132
EVRG,2021-10-06,0.000924687999101305,0.3977192495505817,-0.009387625188173505,-0.010138412307802044,-0.0147676974535004,0.003741357799223169
EWBC,2019-09-04,-0.0014173209019437323,1.08814617053644,0.03099670748734581,0.11967066897906802,0.10428552994931402,0.15661257779739735
EWBC,2023-05-16,-0.001098894397886497,1.39412419478452,0.036634017355597015,0.08310674714317393,0.05480191086205494,0.2004690401991652
EWCZ,2021-11-05,,,,,,
EWTX,2021-03-31,,,,,,
EWTX,2022-09-16,-0.0007101152479289398,1.354589692773208,-0.018356225881963534,0.08126596763450045,0.09293181957962941,-0.05378677399590845
EWTX,2024-01-25,-0.0020800724990734662,0.869372927142446,0.0775211399339136,0.2370438210355445,0.14575937822910795,0.11975335706622478
EXAS,2016-03-08,-0.004085733709849035,1.388575596914471,-0.0623753043938151,-0.06580466029564662,0.19527262427909778,0.23704686930178687
EXLS,2022-03-18,0.0009665151299159464,1.038081165466864,0.0024839134249998746,-0.03360958554324862,0.026640576023329157,0.13833630186403187
EXPE,2019-12-09,0.00011884667808910023,0.8742096872393074,0.042859139824736256,0.04709283261941637,0.00456067829821373,-0.10737239564819596
EXTR,2018-05-25,-8.699378278976878e-05,1.6720017908629718,0.028950654963534706,-0.008782535848201609,-0.07329890334001049,-0.34979284408527156
EYE,2023-05-24,-0.0006796733979230851,1.4335857259013047,0.00913015605386164,-0.001985540763233736,-0.1033240405170613,-0.30169847526166854
EYPT,2024-08-21,0.0022489933834015426,0.6082580125166991,0.1649406519307295,0.1344245316578734,0.02833165524499703,0.22765759875988315
FAST,2017-05-01,-0.0002108220314194481,1.1977402986119234,0.005945869950252194,0.018202599514038253,-0.05059399590737371,-0.04342642176437158
FAST,2017-07-25,-0.0004562781446742584,1.444809965321808,0.017433386612402034,-0.0007123565440049547,0.00122633120241047,0.09273356519128513
FAST,2018-05-01,0.0006526255728796226,0.9366082743564951,-0.013331989179527066,0.014034925334439782,-0.00623298640656373,0.03375483665381678
FAST,2018-10-24,0.0006874964861256606,0.8871815207298892,-0.011193671213764338,0.026530390580881386,0.10762996022857023,0.14936151371875148
FAST,2021-02-08,0.001024688278297857,0.9327083113315596,-0.007940371287150638,-0.031159064477085295,-0.027360951997692153,0.015531816757973245
FAST,2022-06-17,0.00040434245241795144,0.8385194367647938,-0.002865086958946373,-0.0018562799114585282,-0.04892695014075612,-0.09492583053248724
FAST,2022-09-16,0.00029680648119578563,0.8133346146468244,0.024649341026634092,0.0528139314166455,0.031188290458265593,0.06203846719934062
FBIZ,2015-02-10,,,,,,
FBIZ,2016-02-18,0.00038666595781175337,0.6185172528136803,0.01707107970923802,-0.003474853046441259,0.02401941595292053,0.07790510563881231
FBIZ,2016-12-01,-0.0005804747667495159,0.6943604750864091,0.021125248943346386,0.025497999401632596,0.10069811342164092,0.1399299979876321
FBIZ,2017-05-18,-9.938092152009317e-05,0.7426369267666446,-0.0015467364441203576,-0.009648355798769758,-0.014255447132479929,-0.09872036088463565
FBIZ,2017-08-09,-0.00021880475241990602,0.8546887455687002,0.006508459307718975,0.004994063781562854,0.006460686578855488,0.026354681953543797
FBIZ,2017-11-03,2.0975141897341247e-05,0.8918851806272564,-0.012924280979842679,-0.04584624017722289,-0.004984784134307313,0.004361170063100158
FBIZ,2018-12-26,-0.000363063482617345,0.2875697396865786,-0.03262639063862389,0.03713298041625731,0.055639314761283115,0.0361725084542371
FBIZ,2019-05-02,-0.001020747549911212,0.3631341831754758,0.03891832367915187,0.05264102747237505,0.040014778034427545,0.09537870241549674
FBIZ,2020-08-07,-0.001509274758719503,1.321848013266343,0.1246663224252498,0.19341182445772295,-0.0208629703160173,0.23694785598018858
FBIZ,2022-05-06,0.000937225644468696,0.4675295771498344,0.006985180479169413,-0.04377017176104968,-0.0458807115721381,-0.10817183139431479
FBIZ,2022-08-05,0.0008541671008994848,0.3111727841116906,0.035402524499560176,0.06435121823271027,0.040452725020572566,0.12466055294011591
FBK,2016-09-30,,,,,,
FBK,2020-05-06,-0.002087996378770441,1.0569149889857492,-0.000466370827360809,-0.06292503228272162,0.12598400793714637,0.2052554076400902
FBK,2022-12-19,0.0008277840498247557,0.7891239323457174,0.039810666602471664,0.04504834943118986,0.022045656730941384,-0.15641826099247905
FBK,2024-01-29,-0.0005528142331733259,1.5867653449244876,0.012151905540394903,-0.07953835556201089,-0.14094967675567527,-0.013106890545111488
FBNC,2015-05-15,,,,,,
FBNC,2016-06-30,0.0007740566975884585,0.6525473544052509,0.015085397507198407,0.019207652946093993,0.015645342356295753,0.052987295819965856
FBNC,2017-05-04,0.00092486925792863,1.0220077113084758,0.013689957791450037,-0.01684709469171439,0.012080951110845478,-0.02347497945610349
FBNC,2020-03-18,-0.0005507006016980384,0.9647846027737451,-0.06917095465310646,-0.14448573337245701,0.01957871511900669,-0.023185399378367007
FBNC,2023-09-29,-0.0012903043700615074,0.9180588463345483,-0.01896253901384915,0.002708298678953877,0.07081113671041045,0.3078637009471705
FCBC,2020-08-25,-0.0021457077987702905,1.2558717673740265,-0.03409920294750295,-0.035130258226737876,0.04938953635489568,0.2248862030076046
FCF,2020-03-19,-0.00011877830725168714,1.0465395366488615,0.06079727662892854,-0.049707433609546416,-0.13596001795953466,-0.24157767484665763
FCNCA,2018-05-31,0.00045762157220748757,1.0709331946914964,0.007178538264173685,-0.0015582866760905992,-0.1357786878461146,-0.0009090216730945639
FCNCA,2018-11-21,0.00033321757991542993,0.846763616518694,-0.002153558295315306,-0.0314536154628147,-0.06960740594474239,-0.03525666056057697
FCNCA,2019-06-27,0.00022097853194758853,0.7030546267874623,0.0375497506901237,0.042508690858727036,0.025031483240058355,0.07035558680763096
FCNCA,2021-03-22,0.0009489488719995103,1.191905657504733,-0.07900556955363716,-0.01477220199912357,-0.058011661679948166,-0.0959875410381164
FCNCA,2022-02-25,-0.00022374347120393637,1.198028003402564,0.03805797777515455,-0.049542493607847155,-0.1973226255444517,-0.008754926699311754
FCNCA,2022-05-31,-0.0014293094380326745,1.1226088054882593,0.018312499662729617,-0.0017198298297317269,0.09303281956342013,0.2610127081898667
FCNCA,2023-03-03,0.0007552902204959789,0.9468673741741396,-0.01042295356936627,-0.09786070186540076,0.416826479448505,0.6333407324939632
FCNCA,2024-02-13,0.0025871288900165155,1.2467533068194097,0.001362090267964005,0.014903362738606056,-0.05458094839583952,-0.049266862618335176
FCPT,2015-11-13,,,,,,
FCPT,2020-05-15,-0.0012596032818493984,1.5647719354032068,0.1360324880573933,0.1008100472676679,0.23655426685175054,0.17807055492292995
FCPT,2022-03-29,-0.000388796498874589,0.7153102331894607,0.016483656871970315,0.054643574569079596,0.08321956933890913,0.16597250618054735
FDMT,2020-12-17,,,,,,
FFBC,2015-04-15,,,,,,
FFBC,2015-10-07,0.0008536261283987597,1.0205019311429668,0.00873917254052323,-0.025607984308268168,-0.021959838445498057,-0.1332535677390923
FFBC,2016-04-07,0.0002518877781419615,0.8392800505348399,-0.003936790189066499,0.041989151701623074,0.06162142917986915,0.047170673321839815
FFBC,2016-07-19,0.0006035242636341608,0.9339523980670622,-0.001199648143475911,0.041828072387944816,0.05322225643160764,0.03808647625303302
FFBC,2016-10-12,0.00038738444496712863,1.1769128014989845,-0.01700426187581046,-0.004317996518891397,0.17129291958675624,0.1682470026492835
FFBC,2017-01-06,0.0014664772366650234,1.1658889061473108,-0.022724909979875356,-0.018154540849502833,-0.07655913330093081,-0.16669225135604654
FFBC,2017-04-07,0.0011145823795919267,1.542943811393257,-0.012713229558308763,-0.021051348664628485,-0.10621838592440357,-0.06326512878544953
FFBC,2017-07-31,0.0003525284820803524,1.7348615707728008,0.0024553452201988585,-0.020004673775650447,-0.07976011761792226,-0.020109191781008295
FFBC,2017-10-30,-0.0006901860502171379,1.9502637659161013,-0.02107923971156928,-0.030934567997637583,-0.04644964675075837,-0.14973599594629391
FFBC,2018-01-17,-0.0011489205900448668,2.105073385161489,-0.021282257600498542,-0.005084671623015272,0.09087635382884901,0.18864126077524843
FFBC,2018-04-19,-0.00037172671527760766,1.1103707905212044,0.0868356663927959,0.10576493949989632,0.1177103108348615,0.08508755651928773
FFBC,2018-10-24,3.083310155543632e-05,0.8551755500385166,0.03040499946411136,0.06903433783464219,0.10189488247413454,0.08865584008047722
FFBC,2019-04-11,-0.000194675632253714,0.733928731986204,0.022699934134123127,0.018125932583941795,-0.007921512971539563,0.0005004589154508957
FFBC,2019-07-02,-0.0012049333857936436,0.8527434448753387,-0.00358013767370516,-0.019031329546559724,0.03499824314189819,0.09575092456787909
FFBC,2019-10-03,-0.0008145074541297123,0.9260634590730655,-0.004692276920520615,-0.03353378217032908,-0.036362151620129714,0.019817381476711166
FFBC,2020-04-02,-0.0007698856124208041,1.2000212157541774,-0.02672216940203089,-0.01907783578079049,-0.31715938188129317,-0.14890955695834707
FFBC,2020-07-02,-0.0024866458911224757,1.3563788152568108,-0.0027686880502062333,-0.03469936827377561,0.11770305730986362,0.009471584255172267
FFBC,2020-10-02,-0.002626022131310679,1.4147393139254791,0.07836487071142853,0.10311168895417575,0.3313704554986789,0.4211447785676051
FFBC,2021-01-05,-0.0015019382338856942,1.3711808888055428,0.12016153250320477,0.11189773013214964,0.17644180683728766,0.3117676634348031
FFIC,2020-05-15,-0.001764136813635622,1.0367251140928506,0.10020281593144467,0.14184747929555927,0.23661589956095352,0.27450898766437326
FFIC,2021-08-05,0.0026085088841244055,0.747471856777332,0.04130317369793065,0.027803395716465933,-0.08983161353580417,-0.09339518293381105
FFIC,2024-12-16,-0.0009768705801447295,1.247317366369809,-0.005316245067235164,-0.04491746001996379,,
FFIN,2015-05-06,,,,,,
FFIN,2016-02-19,0.0008590604511589353,0.9493776188053378,0.0027495169942041544,-0.020256106307565972,0.0019159587211596786,0.03601738027680532
FFIN,2018-04-26,0.00015211464473905895,1.0624839346065225,-0.02096990944821044,-0.009543690365656343,0.028958897386594303,0.05910697565763931
FFIN,2019-05-21,0.00040035187956399484,0.6806634742934224,-0.003778786882579918,-0.01270758916596331,-0.03917324992245007,-0.01479428533994218
FFIN,2019-11-19,-0.00032663319941060657,0.8970386445576783,0.006685385136387869,0.008689767999728272,0.002877042890552398,-0.03725890376886479
FFIN,2020-03-12,-0.00020718622970850308,1.1223175892734198,0.10805406134689494,0.23807762801048976,0.06087616092632539,0.1780341737623344
FFIN,2020-05-15,0.00012451204479546073,1.1320661136015182,0.04762303841811242,0.051908195257071306,0.02607794306050028,0.06867558432354043
FFIN,2020-09-01,-0.0003727267895122119,1.1898188735497284,-0.007625288033114018,0.009472006029397129,-0.020719471151966488,0.12172614997893377
FFIN,2021-06-03,0.0006916166471288857,1.0232398539894243,0.016401935054890297,-0.0012332831453208438,-0.09103695804866663,-0.13678222654664374
FFIN,2021-08-20,0.0013222686488434925,0.9276455705281371,0.004201696535317476,-0.004049891266752256,-0.011869324745797737,0.003749170463917825
FFIN,2021-12-15,0.000764208377918444,1.062596921320583,-0.01645104236493853,-0.026203632360119994,-0.05924035328873021,-0.025561014920946593
FFIN,2022-02-24,-0.00017652782044428548,1.1109673308893482,-0.0028708066144879398,-0.004354853789764618,-0.13290489327230043,-0.04929662192736838
FFIN,2022-05-20,-0.0008301335179206404,0.9653013901251669,-0.00022294339475878618,-0.017416209805673252,0.05343462007579815,0.12188519136421311
FFIN,2022-09-14,0.00039507509880418683,0.7354456281062921,0.02946505897298696,0.06802214562786843,-0.11267497070309393,-0.18063141547666983
FFIN,2023-03-13,-0.0010533470156816078,0.6814994464288502,-0.026749460117531904,-0.03766186553222102,-0.15525662350509054,-0.06915558385158416
FFIN,2023-05-16,-0.0011109764244464154,0.8070623253602949,0.0406090863872183,0.06807494745934324,0.097333904192919,0.2064845038609238
FFIN,2023-08-25,-0.0020349987618360262,0.9655985894783432,-0.005720772574566153,0.006051631178582831,-0.07662314250992393,0.05216262234165959
FFIN,2023-11-20,-0.0021927611995296702,1.3728550816483704,-0.02703350291458615,-0.040655864886529516,0.07427278736232795,0.16015289958621343
FFIN,2024-05-24,-0.0007075234498003461,1.4846395655052542,0.00872804477365801,-0.010046057248546516,-0.06992228328497008,0.13327497917094952
FFWM,2015-03-09,,,,,,
FG,2019-03-13,,,,,,
FG,2019-09-05,,,,,,
FHN,2018-10-31,-0.00046365103927485787,0.8331086124102508,0.011184565502690416,0.006719843341492017,-0.11422618716494302,-0.030615621505286766
FHN,2023-05-22,-0.0008045569948994593,0.34457260783960125,0.038158063176748955,-0.0024516996974293754,0.0994972296763044,0.21984485200096904
FHTX,2020-10-29,,,,,,
FIS,2023-02-28,-0.0006185528141436355,1.089869047472116,-0.016583963368873696,-0.027290269911902098,-0.14189046849013354,-0.1509781294044047
FISI,2015-03-03,,,,,,
FISI,2016-02-29,0.0011626497694087819,0.5354444518663997,0.015728382458008096,0.026148182681449812,0.020465028993430237,-0.026185308994781095
FISI,2016-08-29,0.00019776619954137102,0.7552483011206034,0.010766802100243146,0.018017326588385264,0.024097942391339427,0.14196885724539673
FISI,2017-12-14,-0.0009075321839406953,1.4556729263934731,-0.0027699512337931165,-0.007997168254942903,-0.0887500356733269,-0.009257867053472296
FISI,2020-05-15,-0.0012133172507132145,1.331180046897666,0.10816539668252922,0.13370947685646595,0.20005508770339678,0.1616886516391762
FISI,2021-09-15,0.0015972149267421607,1.11975735003371,0.002154646911665066,0.019654075256955013,0.011059670008466839,-0.05005514525511266
FISI,2023-05-24,-0.001676134942124471,0.7465315432568268,-0.015559835935422052,-0.06703637244012844,-0.015006174159502183,0.14599775399777712
FISI,2024-12-16,0.00034654901167297,0.8966033504504081,-0.015000256990956348,-0.04268233004750555,,
FISV,2021-11-30,-0.0011075556129939918,0.972318502148712,0.012137607748028297,0.05619354893233586,0.12761961110679382,0.13463586930932275
FIX,2019-08-15,-0.0005243027958073354,0.9302889947092269,0.003600325101894163,-0.007035968380993291,0.137910753616565,0.26175440714891685
FIX,2020-05-21,-0.0011130838502004102,1.2680768049512903,0.005327407568649971,0.07142752952605588,0.1467495510836017,0.4154495994933457
FLNC,2021-11-03,,,,,,
FLNC,2022-02-24,,,,,,
FLO,2016-08-26,-0.0008640894409188766,0.6529619141068741,0.010391660443093476,0.0013714888236080148,0.04405956311163198,0.1311178508037366
FLO,2023-12-21,-0.001215092707245614,0.3078954169107773,0.019590003975500446,0.02071444351837064,0.07782168057393613,0.09761018152024718
FMAO,2015-04-07,,,,,,
FMAO,2015-12-18,0.000371345082979017,-0.10670459800113921,0.02127421863234813,0.03272743586879374,0.02345050769151033,0.05519150151227195
FMAO,2020-03-16,-0.00010652114806463319,0.6352381777802868,0.2703591650764065,0.24880251587803154,0.264425171126559,0.1110228020122491
FMAO,2022-09-23,0.001713916802421919,0.39684737857289926,-0.017045664891945346,0.0028911063690245636,0.016355525725265253,-0.09258761607346486
FMBH,2015-03-23,,,,,,
FMBH,2015-08-28,0.0003611480210519399,0.07850378908283567,-9.199063189399678e-05,0.028696370205717695,0.005444391119312695,0.029133153189575572
FMBH,2015-12-24,0.000928590732509616,0.13004919914181334,-0.030135972375942375,-0.007469161155962091,-0.016883504037339143,-0.0905814024478907
FMBH,2016-03-11,0.0016815882763042472,0.07840743023661305,-0.023350646671052487,-0.03160844800117654,-0.0408610361567248,-0.09006521604059849
FMBH,2016-05-16,0.0010810193349350744,0.13372737288559508,0.007366454599644738,0.020538300494791096,-0.022027241528570874,-0.1065733073070568
FMBH,2016-09-20,0.000606507912520596,0.31047735802848553,0.0066083049028560995,0.02651161042230573,0.036019971889223346,0.24693267817588685
FMBH,2016-12-08,0.00038808251505485336,0.4189851765258179,0.030350642622544,0.03857739538736226,-0.06232882341740217,-0.004841530005556208
FMC,2015-09-03,-0.0015070815110512115,1.0049036070965067,0.012272923475962112,-0.00015016589250721208,-0.08445162638441188,0.06708246362772483
FMC,2021-09-07,-0.0011223978370344602,0.9939658487846631,0.024483868972888505,0.043042718340600875,0.010739844487538517,0.13666119569226792
FMCB,2017-06-02,-4.002407905717239e-05,-0.253905666930666,-0.0041560635615005516,-0.004598132621792616,0.0175043333594756,0.04222028705384337
FMCB,2017-12-28,0.00014718585139534307,-0.05234148176874548,0.0010974050160775756,0.0049292799647303095,-0.043168737747443085,-0.05564894856852249
FMCB,2018-05-31,0.00030183358188284616,0.0004415461667410142,0.00653723011834241,0.0012008296402419563,0.024812360885627768,0.021555479924357527
FMCB,2018-12-18,0.0002552481154675443,0.035105124589064125,0.005800890117418814,-0.03497257739524272,0.01532071855828267,0.08556374253337597
FMCB,2022-03-25,0.001204698508714873,0.02121137622822433,-0.006856836674532629,-0.011498547510652742,-0.03674865082301865,-0.09252185783587238
FMNB,2015-03-05,,,,,,
FMNB,2015-05-06,,,,,,
FMNB,2015-10-02,0.00011945259989714052,0.1836044284374439,-0.03042533787540028,0.003962860840860522,-0.013166812907918574,-0.006751158094962059
FMNB,2015-12-04,0.00022106198042227217,0.11913433128121381,-0.02823272398878798,-0.07151661514420483,-0.028844326071464213,0.009752007862075023
FMNB,2016-03-04,0.00015093059763729818,0.13797938056048925,0.020226083641185798,0.03135043747743944,0.047707105686550025,0.09781027513304329
FMNB,2016-05-05,0.0005809747573777186,0.1797242174353093,-0.0007045560228811486,-0.019776526252980733,-0.06145383590543617,0.0054795202008825344
FMNB,2016-07-07,0.0006600972891085839,0.20539366015265087,-0.001904878563021603,-0.0010257273590026515,0.047666597103832684,0.1642954153665515
FMNB,2016-09-07,0.0004293971748607169,0.32032528427148765,0.06604055270834316,0.0691652834192798,0.046882567175272755,0.14329529794606424
FMNB,2016-11-22,0.0011445810579562537,0.47840266783377566,0.009120776246561765,-0.01138878903289606,0.12709995910722777,0.06972978197252583
FMNB,2017-02-06,0.0021919729618171896,0.7111011851186043,0.015667409217881713,0.02444579389036676,-0.08326098959753639,-0.06636569538199885
FMNB,2017-05-04,0.0009609973355975767,1.159499091762365,0.006099747215833888,-0.013300751941681156,-0.03395816199135883,-0.13816909500516292
FMNB,2017-08-16,0.0014581688428769403,1.6070029859321193,-0.006305604429022897,-0.014408569488451269,0.03882469905983528,-0.15996971437643637
FMNB,2017-11-03,0.00021104925467027583,1.8402227849356867,-0.009413544833168733,-0.06739938241165926,-0.03438386932161187,-0.14606764198080902
FMNB,2018-02-05,-0.0006416568321489628,1.7794261961513436,-0.016376303904909496,0.02029973620737334,0.010138050785272957,0.14674661962819777
FMNB,2018-05-03,-0.0007630156491396547,1.3559810688352036,-0.019251616173056117,-0.0071609789698886366,0.014011334612553994,0.010146996128819944
FMNB,2018-11-05,-0.0002422802496485062,1.0580792505461478,-0.02186719791902624,-0.03629409851902855,-0.057098655440309745,-0.028953208597054674
FMNB,2019-03-26,-3.6352142841620646e-06,0.6529880648421009,0.04073561084154839,0.03506064415204759,0.07217331947242513,0.02382731789886215
FMNB,2019-07-03,-0.0006056040529845636,0.7531362337664144,0.00968977440765072,-0.00964896098158291,-0.012349083131067272,0.036948695439721686
FMNB,2019-10-03,-0.0003545104717471192,0.7830115562238531,-0.02177542443590051,-0.032824555006465105,0.018299052207023585,0.05641409279778613
FMNB,2019-12-04,0.0005254866615153742,0.8265765390161178,-0.0023531196634204725,0.028688276401348932,-0.020082625903158194,-0.006528711803869495
FMNB,2020-04-03,0.00017305747036018391,0.7943836893442808,-0.051464488336109615,-0.013474833140666165,-0.13296155085653127,-0.07947406394278789
FMNB,2020-07-06,-0.0010553481365624326,0.9483750423753807,-0.0557529860684958,-0.06276713541393827,0.0307265138855726,-0.027425367486671647
FMNB,2020-10-05,-0.0010916074475299888,0.986448808907531,0.015351196546784397,-0.001683337502630845,0.11564580379178427,0.12509890415350752
FMNB,2021-02-03,-0.0008357986181757679,0.9890633865650867,0.0067010002150909385,-0.0023856570258525625,0.1930331138150504,0.16198806743676467
FMNB,2021-04-06,-0.0005536593987790527,1.162891945598293,0.006555094997299433,-0.04180760724834638,0.013446648345757364,-0.10223280444496734
FMNB,2021-08-24,0.0003986046820142636,0.8199813847312079,0.003864742891424836,-0.01405731423888957,0.07965752126453855,0.11567097375756322
FMNB,2021-12-02,0.0007878781634991195,0.695080513987335,0.012206939716726425,-0.009466907418589156,0.0673481642536669,-0.05006420220276547
FMNB,2022-05-25,-0.00027136890962773156,0.48670593257096917,0.009710473119985848,0.015029232342058217,0.013687114028496865,-0.036838741092007826
FMNB,2022-08-05,0.00021262046087682955,0.41119932856821256,0.011519849714781025,0.049283477491328616,0.03607770596567994,0.007630834217992448
FMNB,2023-02-22,-0.0003570100869635384,0.5306326765658916,0.015573885479372293,0.036854899489457,-0.14974222391832817,-0.1683149492561132
FMNB,2023-08-02,-0.0003749494951672534,0.8728023873489664,0.029854530983892527,0.03017161086525172,-0.08027761487858456,-0.09238539051127126
FMNB,2023-10-02,-0.0006093705228936455,0.9574176004604602,-0.00352052068203945,-0.024966948855405045,0.02500192520117231,0.18850257910056845
FMNB,2024-02-26,-0.0009997926017620196,1.2150240941601966,-0.020860130629063278,-0.028802481109731208,-0.040790304984878345,-0.05637190361474681
FNB,2016-08-15,-0.0001917560274266921,1.1844880494194094,0.008868878018253272,0.013101910167460684,0.028721343770461837,0.11385187216284387
FNB,2017-11-08,-0.0009763970286550003,1.7701081850657803,-0.004635298778866907,0.02438264603384988,0.06153332309153166,0.06241324892480263
FNB,2018-03-13,-0.0015164011094099526,1.46145493501009,-0.005878968383166601,0.017517435051220158,0.009717550685609956,0.054740192825258036
FNB,2018-05-18,-0.00034055748429117,1.0372162312826347,0.002228117765797991,0.0009095154795077764,0.008331741336264966,-0.041284113117698376
FNB,2018-11-14,-0.00044850617447582516,0.8952325371728356,-0.0005664947565624072,0.020287308315668797,-0.11557177556931478,0.0199561127950739
FNB,2019-08-13,-0.0004046056488761565,0.8060327547916917,-0.009645971174402627,-0.01022815853715471,0.06655297755226441,0.13127155967514392
FNB,2020-03-13,-0.0007071510694274821,1.276833599011553,0.003382372670879777,0.05373599961635417,-0.05780099317262977,0.04024732214895112
FNB,2020-05-14,-0.0008579983843690773,1.4142545474633312,-0.009963107513164416,0.08541019931378449,0.08534895748753665,0.11390848581401496
FNLC,2020-05-20,0.0003017770659470025,1.2474289908799032,0.04715464285356129,0.07761449177443677,0.06545407113404877,-0.010761925482343034
FNLC,2023-05-09,-0.00036294404756105175,0.6363163868651275,-0.01718417934341171,-0.009472463071867684,0.06962191045590785,0.14284658712769954
FOR,2018-12-26,-0.0016009587362925484,0.6840076125336741,0.0010115055478428035,-0.046234769129933795,0.17982291438266887,0.20481703748842478
FPH,2017-05-16,,,,,,
FPI,2017-03-30,0.00013725066296793947,0.3345732446344909,0.020483333160158268,-0.007517432577780471,-0.0748999345831475,-0.18844645655025402
FPI,2017-08-21,-0.001243601652904774,0.5235766737782822,0.01595161127418001,0.07785310643215138,0.14918069978781467,0.14411832478314962
FPI,2017-11-13,-0.0010811253086133261,0.8326419408837078,-0.0033249891784890647,0.01822687790311994,-0.017804021633368264,-0.10127553513831812
FPI,2018-03-30,-0.0020546063683313663,0.5990189265521078,-0.014018458515286937,0.002122877565071422,-0.03282057650813225,0.20308502440043943
FPI,2020-04-02,-3.511117486870683e-05,0.6050864588557187,-0.004910944943986988,0.04514931541403533,0.021427943477641313,0.0354174242623373
FPI,2023-03-20,0.00032253877678804793,0.7017541302959661,0.03559745674809383,0.036979917361404574,0.007024174078621624,0.16261161335523533
FRME,2015-04-02,,,,,,
FRME,2015-09-03,0.0010076421911993153,0.9789449637680515,0.005199727548555576,-0.016056694134733394,-0.07567923024873581,-0.08691344753430899
FRME,2015-12-16,0.0006137890587520421,0.7428872275139631,-0.008436405832018597,-0.029793099470594987,-0.08655932872317589,-0.14028103316217064
FRME,2016-03-03,0.000301238061928779,0.7324273844740998,0.008974734992980057,0.011821895704332393,0.008294329157317653,0.07422514611743794
FRME,2016-07-05,0.00014686771896154851,0.8461662363156026,-0.018496237468469682,-0.00382469802923748,0.04790205953653899,0.039376931440669664
FRME,2017-12-05,-0.0002482702572200547,1.653330323650417,-0.027387491496419614,-0.05222195861677755,-0.09671469192174716,-0.0798176366584042
FRME,2018-12-21,-0.00023378943478996386,0.6705984761180622,-0.014824519215313244,-0.003876572729428064,0.03978078910022183,0.01772728108920947
FRME,2020-04-02,-0.0003934630201176659,1.174893574916837,0.0044381342562692695,0.006314387960057712,-0.2221578963646465,-0.08519751506801156
FRPT,2020-11-09,0.003024024036640139,1.3552445953148942,-0.12788628340115882,-0.08982116589179628,-0.08871409748490781,-0.1488550047585655
FRPT,2021-12-02,-0.0007083699499570229,1.5136081965128925,-0.032206224789780705,-0.05552162146870258,-0.15352059533609635,0.19295459104519824
FRSH,2016-08-16,,,,,,
FRST,2021-05-14,0.0011405527511222549,1.294102935421454,0.009908535580874019,0.0018975030346940272,-0.038880686876397064,-0.07596572890005955
FRST,2022-03-10,-0.0003962602998440548,0.779739348882943,0.029207128053962726,-0.00030125299582440396,-0.012246767498906151,0.011336771896630703
FRST,2022-06-09,-0.0003878010164396038,0.5972887966569632,0.006049742335264266,0.022752696766843286,0.02534685151863829,0.01055182314418497
FRST,2022-12-16,-5.617729827195262e-05,0.5457809101045091,0.009493436146102645,0.0012911387257923796,-0.0183014208669684,-0.16100990977430668
FRST,2023-03-15,-0.000579608760317539,0.5689368014991413,0.007083712941356998,-0.016319779524260197,-0.10041141126877365,-0.15869390163301608
FRST,2023-05-17,-0.0013835527291572371,0.6505630200902922,0.08007821400441247,0.0746452979243316,0.17525294248916518,0.32539132476311017
FRST,2024-02-08,-0.00023148789753552602,1.2649849150582846,0.024405984439160373,0.03729125476973169,-0.07206397789535476,-0.1666578708690647
FRST,2024-10-15,0.0010148847480458357,1.0200353880153983,0.025522316471387918,-0.0026213986464600388,0.009385917995569485,
FRST,2024-12-16,-0.0005710351965320855,0.930559928905006,-0.015850807365633775,-0.04466891231597238,,
FSBC,2021-05-06,,,,,,
FSBC,2022-06-03,0.0004247220436380336,0.844218405904703,0.020350500596447517,-0.026465856542140027,-0.03631795065279274,-0.06385207420018196
FSBC,2023-05-18,-0.0009995139917760509,0.7007171830983956,-0.009460844019324484,0.01254951360105538,0.1346835791014325,0.20693114931407333
FSBC,2023-12-13,-0.0014789535340777485,0.9359552651826768,0.06119916634333365,0.059500097078385654,0.07000768985601837,0.0014944335337968885
FSBC,2024-04-01,-0.00024747478130443664,1.2237187429855165,-0.00386537285409495,-0.002230252797571698,0.008523634750470849,-0.008529775917138854
FSLR,2022-08-05,-0.00031344306462920856,1.037085916338973,0.07860974322445506,0.14656040611564616,0.4003967662899411,0.48697149903056636
FSTR,2015-11-23,-0.004555769141819308,1.1358557289993876,0.036439674051395185,0.045207797955839915,0.1969904640347568,0.44543312330145945
FSTR,2016-09-09,-0.001444843838127882,2.1499770719489786,-0.0037927102144973586,0.029260410298536932,0.1596544060290839,0.30816420485476026
FSTR,2023-05-19,-9.193082380500066e-06,0.4812309899228929,0.012631023349920301,0.05993122288511476,0.09533256585287266,0.3904601042947935
FSTR,2024-08-12,0.0008741218954999604,0.40285803445735313,0.032345338960484055,0.006715235952350993,0.018258550991568416,0.0014128486582144772
FTAI,2015-11-16,,,,,,
FTAI,2016-08-09,-0.0015182976675856327,0.4927715522678252,0.026941187818926283,0.056375551485961226,0.06716714095874596,0.2088535904402119
FTAI,2017-04-19,0.0020665134264898437,0.787705054849964,0.006533695714977732,0.009997287356043105,0.006220542624983618,-0.032835649882916866
FTAI,2018-03-05,0.0008778454714395907,0.2712397334909794,-0.009235139022592279,-0.004260734799488752,0.00791329957218882,0.02349392319144882
FTAI,2020-04-03,0.000827865782620233,0.5116877882471532,0.2120430994292708,0.2257373773929667,0.3011351059581765,0.5940153852962412
FTAI,2021-09-14,0.0015148389051072308,1.0916719205607848,-0.0013926420565470964,-0.016207409726914847,0.014134097778102666,-0.16383709343854522
FTDR,2022-05-27,-0.0022079020163051676,0.6183326565652524,-0.03266130863119564,-0.05124157832231296,0.1378420178980733,0.17897551828861313
FUBO,2020-10-14,0.0011398399150960522,0.29164638260192244,0.11747381709567752,0.24586035740721013,0.9822317709740743,1.1793961014322523
FULC,2019-07-23,,,,,,
FULC,2021-06-29,-0.0027810843639683824,1.3202260441949698,0.16123222396542086,0.0659612688074767,1.3146170834434332,1.723021044379554
FULT,2018-12-06,-0.0006075392498415814,0.7837398452081978,0.018168953997557524,-0.014545108689612181,0.04581296124205239,0.034359324856588144
FUN,2018-11-06,-0.0008686253926841326,0.4973516239833919,0.0260663395903784,0.042145805411294555,0.05426156353660207,0.16426619032362114
FUN,2020-03-12,0.00010534380230506623,0.23792650207631313,-0.013861944376126756,-0.419650831718714,0.21786283226418038,0.5619779194848158
FWRD,2023-08-30,0.0002993654440945875,1.0049641507439802,-0.04364978762515637,-0.041257497493703846,-0.0030656654477505315,-0.14675306097152752
GABC,2015-03-19,,,,,,
GABC,2015-05-22,,,,,,
GABC,2015-10-20,0.00027097617503373694,0.8237521867614043,-0.003670554262554868,-0.021771797633184264,0.0777729551024842,0.06431526219008286
GABC,2016-03-22,0.0006215532569844898,0.6371996342582592,0.000893845498498488,-0.02030502011155389,-0.02591844953879083,-0.040706070310729286
GABC,2016-06-20,0.0004540107825342338,0.6078233403012218,0.022139524678346206,-0.002295531057974618,0.03598175780602126,0.09232340770491458
GABC,2016-09-21,0.000437352036638792,0.8080979087196888,0.020752706648297342,0.02329923949266079,0.040835430287515406,0.28568278437484246
GABC,2016-12-20,0.0008514338093051555,0.8386952460484672,0.0007291617244023219,-0.007332678142925217,-0.12717678828824766,-0.2163364143095423
GABC,2017-03-21,0.0012594887077150348,1.0973036935120566,-0.027097812219528363,0.022151474376921623,0.016614130979111515,-0.05491524400796004
GABC,2017-06-28,0.0009841878932877566,1.48312506626796,0.0471376169811548,0.04205189032461727,-0.06390886911984411,-0.015066740017730085
GABC,2017-09-21,0.0001862764383481283,1.5252952527573689,0.019713214816908457,0.07558971518704478,-0.01910416318649373,-0.06999401753813686
GABC,2017-11-21,-0.0005762437619723324,1.7829729804324057,0.006291082743288124,0.05822430094479131,-0.09350805760873973,-0.07703547524583368
GABC,2018-01-22,-0.0007556150571938681,1.8366674812084423,-0.020113070031291185,-0.06736026072273789,0.05092555818300652,0.058362130179340076
GABC,2018-05-18,0.00015093352241136134,0.8135575683285082,-0.008901733649218846,0.009270833712199979,0.009832724340175738,-0.007770332270929638
GABC,2018-11-20,-0.0003172284861824275,0.6072867289122825,0.013014456226633307,0.007850990839708345,-0.007100144743296139,0.023052450695216005
GABC,2019-03-25,-0.0004452316757144849,0.70522698635247,0.034362169135655,0.04716196363202608,0.05709484495793264,0.05264621072711555
GABC,2019-07-19,-0.001155769208354477,0.833494173735801,0.008322389685142522,0.0470793057974654,0.10454582713231692,0.16208130583645153
GABC,2019-10-17,-0.000495885804822238,0.9100205040197913,0.011671237998862721,0.01058135297178944,0.028184507754767225,0.04541608492346616
GABC,2019-12-18,0.00031916306145139646,0.8962006997266658,0.0018416364388279154,-0.008644705197368794,-0.0519616741878421,-0.00029274838388125557
GABC,2020-03-19,0.00020923597709928305,0.9298355027317483,-0.011629985614996702,-0.06120175975740318,-0.06423137472306796,-0.1126084385125416
GABC,2020-05-19,-2.44216057201927e-05,0.9753431853980397,0.019577217819844013,0.11343738336436732,0.010126520164105222,-0.05898426544826077
GABC,2020-09-17,-0.0008289586249052652,1.0669183840120262,0.0323569107414652,-0.0377792510125457,0.08750754053359097,0.09030553800417887
GABC,2020-12-17,-0.0007924193123620149,1.0082217445673665,-0.03118306855493914,-0.014330176334232846,0.0376973534822778,0.37457029684971205
GABC,2021-03-17,-0.0007121558411228399,1.029844717688924,-0.02000482200772102,-0.06896798292548673,-0.1799387867221911,-0.26236997377497
GABC,2021-06-17,0.0011245125642384184,0.6252143701213855,-0.0554739852554554,-0.04432334593997269,-0.1162196315119876,-0.20408542443598263
GABC,2021-09-17,0.00033707904740178427,0.8012521282708104,0.020380329670123674,0.07759339332992458,0.08621048163826349,0.059969747530312326
GABC,2021-12-20,0.0006220392429800438,0.7612502605395888,0.0030102151466461814,-0.00880248962070286,0.016751195957762123,0.050794368398000084
GABC,2022-02-25,-0.0005810728105342684,0.8859896684200829,0.010044112838182729,0.03321366523792359,-0.08235583154334683,0.048261472416105705
GABC,2022-06-17,-0.0002176942461707239,0.7051360568610225,0.01365930794897614,-0.037579829194440716,-0.0193011185185135,0.013368077254530153
GABC,2022-08-17,0.00022472571481759157,0.5458058206831551,0.0010887243456234414,-0.023387151033556975,0.0011225675741926896,0.057334429571821
GABC,2022-10-19,0.00016139454721279047,0.4707042764235401,-0.0035444816738344626,0.005991881845300837,0.006732320612718595,-0.028852995386991112
GABC,2022-12-20,0.0006749851272903225,0.47930300243026486,0.01610547223236826,0.01842365864780004,0.056812098307529785,-0.12054678927987186
GABC,2023-03-30,0.0005001375875007812,0.48908937198969543,-0.012885365524940458,-0.042942411854649074,-0.2441622920696109,-0.23722849254821593
GABC,2023-07-19,-0.0009714579660378337,0.7024299628128172,0.03477126059942304,0.05068635606553007,0.05383406104439818,0.054436209665423174
GABC,2023-09-28,-0.0014533570436265142,0.81299162944222,-0.0012488128367202662,0.012753481455059213,0.07026436412608156,0.2236240545133228
GABC,2023-12-19,-0.0014422441349162842,0.893819193228582,0.016853544785782312,-0.004015715573400252,-0.032345284884513326,-0.030126094484272968
GABC,2024-03-19,-0.0010344135924397133,0.9353729317182685,0.0217146068591908,0.04111437924359752,0.06330745637163991,0.05249037638440296
GABC,2024-07-17,0.00043451044456762136,0.6388441584056518,0.00883805481318337,0.05226146293422465,0.01782305085133192,-0.055717687981852115
GABC,2024-10-17,0.0012975197148336675,0.6352483903715598,-0.015530659362592417,-0.030537705181866753,0.04852215605687714,
GABC,2024-12-17,0.0006001839119421187,0.5703015479463192,-0.052611750249418554,-0.08125928860355627,,
GBCI,2015-08-28,0.00023406308261351665,1.215264086606349,0.02409984421113422,0.039951082703203515,0.04707404889431492,0.06480467230037129
GBCI,2020-03-13,-0.00040258274622162227,1.1493921911474727,0.1247950636793863,0.18472552274856177,0.21377133979936846,0.29024824363937274
GBCI,2023-03-13,-0.00048611274252553235,0.8322189825043013,0.0017647390491449047,0.009986885013646847,-0.22616209701301815,-0.16236742664071
GBLI,2022-08-22,0.0002481012714694271,0.02911726086898692,-0.005265474967341681,-0.013405195890375242,-0.1489024759148037,-0.03679773907169747
GBTG,2022-06-14,,,,,,
GBTG,2022-12-09,,,,,,
GCBC,2016-03-07,0.0006705037056960532,0.009326060098872966,-0.008336475691992277,-0.014067983830522466,0.00563629598870629,-0.046197519034618904
GCBC,2017-05-25,0.001114276969891836,0.5333500721418436,-0.004556155989329066,0.024947220944122647,0.05946231944379886,-0.07010506492134055
GCBC,2018-06-06,0.0017090809506783294,0.5845141872429017,-0.024908591093662016,-0.034603979617632744,0.06791327587203752,0.013375114136434973
GCBC,2019-05-30,1.4921499153824873e-05,0.20444094401480417,-0.0014579973738692575,-0.01661962773810121,-0.04588507673699156,-0.08890230551571147
GCBC,2019-08-07,-0.0006704361766169013,0.2445367605491802,-0.01100472063831293,-0.004601233241677449,0.046174292824880205,0.06727372620572791
GCBC,2020-03-16,-0.0005069054875012026,0.4385412587213598,0.23971688258982493,0.22459485637233537,0.05222048642099283,0.13039503153908688
GCBC,2020-05-21,7.348175787664311e-05,0.6760112738066651,0.024294670720497038,0.006835469143049184,0.03233013090418073,-0.05269724159933499
GDEN,2018-11-19,-0.0015133988556978743,0.7662184809509159,-0.03824126072515329,0.04998684003834881,0.22031081438382386,0.24380301409344018
GDEN,2019-06-13,-0.0028310244011298105,1.5388233924453774,0.02195736165213365,0.004925478409080981,0.0830820439081578,0.16093854410991432
GDYN,2020-08-19,-0.0016351950150168082,0.8289242849638723,0.050131478881497146,-0.016985164862776528,0.14302243067007844,0.20145258166474073
GE,2015-05-01,,,,,,
GE,2017-05-18,-0.00045086178369925284,0.9713159630351331,0.013967307930794,-0.018164527079414572,-0.019498183578011166,-0.08606436132685202
GE,2017-08-23,-0.0010909223544912602,0.8890540027010535,-0.004784918973545345,-0.008534690069791892,0.006435947624785279,-0.2613364399311881
GE,2017-11-22,-0.0017969218037639026,0.8151283722695143,0.0225833384961042,0.02094551736577406,0.04241443636982259,-0.11743928677058982
GE,2018-11-15,-0.001816514749739223,0.8067950314599032,-0.043273947139233444,-0.06128464421815104,0.09875203060077417,0.31514336786383584
GE,2019-08-26,-0.0006094092968582071,1.0408837042137533,-0.01107739981573656,0.02691562080015069,0.045129851731317845,0.3219586697266675
GE,2022-05-09,-0.0008493282892446988,1.1160650318532201,-0.027724979066616535,-0.009300902187905361,-0.06279965080337616,-0.012640994524031767
GEF,2015-03-30,,,,,,
GEF,2015-09-15,-0.002059006489305086,1.1243175390946611,0.034108258353198,0.032565857391980715,-0.01693819291248669,0.030350786314331697
GEF,2017-07-07,0.0009308542132645193,1.8645906454496093,-0.017471530765750656,-0.035971603271676804,-0.04973395138514513,-0.09368990797378025
GEF,2019-07-12,-0.0016672182242467894,1.2681912779379638,0.017165374882219003,0.053186363586965574,0.0557926482084369,0.24635370934754253
GEF,2020-03-13,-0.000676637388694416,1.6314235569135473,0.06497867823038708,0.21451357708964075,0.09553168612555545,0.1339370305521275
GEF,2023-03-20,0.0010640194406801732,0.692999730754795,0.017184550979553275,0.03445752530505683,0.007457148471054688,0.052078116875344214
GEF,2024-04-08,-0.0005146795058237048,0.7862362036921137,0.008692765031220276,-0.009885991868890536,-0.012004507021495742,-0.14293602806747455
GEL,2017-12-05,-0.001833916847555569,0.8938760267370521,-0.025506485532141573,0.06093763140658145,0.07120657781868157,0.024222972438735776
GEL,2019-05-13,0.0006536645875564722,1.0995018057513946,0.008875537767342475,0.015118351872827684,-0.04874938499495868,-0.09397555403554014
GEL,2019-08-27,-0.00017614816839968623,0.9996217500907157,0.009455574778964821,0.031641144453356244,0.09688535416445719,-0.14074196321058544
GEL,2021-08-20,0.002737484008712693,1.3448891893787172,0.001841923908567987,0.030511455943421764,0.2957091910781654,0.28356636458226686
GEO,2020-03-16,-0.0009944633087929603,0.9891169120863764,0.1400859355049694,-0.03363744977193757,0.036695419324980244,0.05060654681780026
GFF,2018-12-06,-0.0017103856691060505,0.8156918978792602,0.02530468548551734,-0.04535327746433773,0.240416614331875,0.5510938800043053
GFF,2021-12-23,-3.798378962586557e-05,1.5981018180611897,-0.0027921637850357554,-0.013824006969930901,-0.165262043518124,-0.179846750991125
GHC,2020-07-06,-0.003006536201291254,0.8907704610064477,-0.010483634249349824,0.025842927967393736,0.23326459813103467,0.30772744469597224
GHM,2022-02-23,-0.0013828306596715787,0.8145029095987814,0.02533997944163468,0.018974274741971234,-0.08199290799754468,0.13866863494149448
GIC,2021-12-16,0.00010018193633737699,0.9082170234745265,0.010852877208942454,0.0068869460356298495,-0.11642622415767033,-0.164780149780737
GIII,2022-12-07,-0.0004646838857718029,1.473107436173253,0.029831544897327065,0.016278716637429108,0.16727368028540918,0.2241953749104433
GL,2024-05-22,-0.0005372574471984238,0.48583273653777237,-0.025732058170533433,0.001268919720125829,-0.02794988805183698,0.1796176269330489
GLP,2020-03-25,0.00015781240704632448,0.36803978306162144,0.1290063797957721,0.004750376028655379,0.24227432683824468,0.13414992602193326
GLPI,2018-11-21,-1.4820905988042663e-05,0.45979706372021656,0.0036558828851681363,0.017300185372955697,0.05058140539479564,0.10185585161075383
GLPI,2020-03-18,0.001022671489368517,0.48714914074001847,-0.025386563049992233,0.4138746640821961,0.3858779491594612,0.6659694336570694
GLSI,2020-09-29,,,,,,
GLSI,2022-01-18,0.000738254729094619,0.8670853726396487,-0.044275093479360164,0.13466993271365757,0.12489880512660498,-0.004353301714255256
GLSI,2022-04-26,-0.001858439031247966,1.1812209743508084,-0.13913810962588252,-0.22966116075871404,-0.45268163978007614,-0.20391757818690615
GLTO,2020-11-04,,,,,,
GLUE,2021-06-30,,,,,,
GM,2015-05-19,,,,,,
GM,2017-08-22,5.8048369592338685e-05,1.2928170030901558,0.007553644927400108,0.006632561594836051,0.17736774629694363,0.1404955799625226
GME,2019-09-30,-0.0057226886294257295,1.0504222781724324,0.06364588633039797,0.07217985832404657,0.27040695782287333,0.3224110993062566
GME,2022-03-24,-0.0009572756574812619,1.342257210996338,0.0521234085034271,0.1811915641205043,-0.02444919892421645,0.44261857525307124
GME,2023-06-13,-0.0017856457276832955,1.5074452224034254,0.0545088674052202,0.013618851703670633,-0.08855096302756597,-0.22745016580948813
GMRE,2016-07-06,0.0010988402430439697,0.029081324655148608,-0.007279177231701947,0.007520034150412072,0.02885778340171248,-0.08375889351625654
GMRE,2017-11-15,0.0012476979633431085,0.680702863302974,0.0016392682717228622,0.01500378895382981,-0.16496539791884196,-0.3256526613960471
GMRE,2018-12-18,0.0007756640603555745,0.435639798449425,0.002099741408858193,-0.023475188230373492,0.04793849367909019,0.02191534955006762
GNTX,2018-12-31,0.00042932546149957064,0.895317490643167,0.014955029055857102,0.028849490737920116,-0.09570678792743054,-0.09289375895783442
GNTX,2019-04-01,-0.0005816368383630842,0.6971666691116339,-0.0013215611225087173,0.02176862386568187,0.0930593855181198,0.1883525657831045
GNTX,2019-07-01,-0.00019794664749084773,0.687155667097427,-0.01577156509170129,-0.04505496088819412,0.121877898295621,0.12995942066515878
GNTX,2019-09-30,0.0011190093494196569,0.6970835963345975,-0.010228684362273406,-0.05796785196273665,-0.0024477017092741473,-0.07493924450030454
GNTX,2019-12-30,0.0009819102384915827,0.7921475694224323,-0.00013060166060692956,0.013631380423625895,-0.009757947726337148,-0.13012966118621566
GNTX,2020-03-31,0.0011961015361151254,0.8874482319162006,-0.04769645546059726,0.007387310279119345,-0.037488858147797385,-0.09048471787098536
GNTX,2020-06-30,0.00032287874182149054,1.0029211007452292,-0.030219048621627862,-0.05525590113336189,-0.03254688185017356,-0.08759630986812471
GO,2019-06-28,,,,,,
GOGO,2016-08-31,-0.002929855539856907,1.2652189669716454,0.04550927222686644,0.03564316840744894,0.004906715189220059,-0.06858704129530147
GOGO,2016-11-15,-0.0016066979437383525,1.3569455312574297,-0.005906777713703706,0.005978147996495329,0.02832121587822981,-0.006462130740745477
GOGO,2018-06-05,-0.0014005321067831794,0.9533712518713652,-0.02754864782399851,-0.017321240907377952,-0.22013966696257825,-0.043706591012017536
GOLF,2016-11-03,,,,,,
GOOD,2018-03-14,-0.0001466105214366767,0.3880528163421431,0.0004674554842030883,-0.0006419408280483455,0.010019661887838947,0.07295275929427995
GOOD,2018-05-15,-0.0004988037083573455,0.5328910673065188,-0.004226189203986726,0.03174766898054391,0.09207083656846157,0.12440502542611595
GOOD,2020-03-30,0.0001872494567377179,0.33685218139836437,-0.035911067353737836,-0.12620306870423323,0.03106804625228566,0.20518175742372236
GOOD,2023-03-07,-0.0005737299950471523,0.7924735440977377,0.011362914877171393,-0.051845643107742805,-0.06531007224736692,-0.12386412198434772
GPN,2021-08-11,-0.0008762808745113812,1.19438540136857,-0.016058067426578566,-0.005175854310774761,-0.005586090028452707,-0.2212040988089674
GPOR,2018-03-15,,,,,,
GPRE,2017-12-01,-0.002480386356146216,1.5440365730242083,-0.004803324538211999,0.0034768211004412644,0.020416003588560418,0.2475151142076339
GRBK,2015-11-24,0.0019095389705315168,0.8078124641032634,0.025151911785006125,0.004848560745020679,-0.19873756133022563,-0.31916987820509796
GRBK,2018-06-28,-0.0004115839959113935,1.091276793535644,0.04063461361025007,0.026603698311628295,0.07308302654278623,0.0035498877327943944
GRC,2022-09-01,-0.00046084750665261154,0.6031770553142123,-0.0014381085712217943,0.009704703486131708,-0.023257776552502996,0.06472160883754569
GRDN,2024-10-01,,,,,,
GRNT,2023-06-12,-0.0021365734741131833,0.25454812663943543,0.06982942419280291,0.12838548391246996,0.22391296365728336,0.3907517220119076
GRNT,2023-09-19,-0.001015008071928097,0.5597538654631901,0.03477129128541579,0.06724398437887935,0.13289108924737633,0.11123685960172998
GRNT,2024-02-22,-0.00036356161289568563,0.6601551407362344,-0.024659970602166986,-0.005563473517877612,0.07698901429823499,0.04469464114999183
GRNT,2024-06-07,0.00013335590341801473,0.656365854630289,0.0022479401308892685,-0.08439627671500499,0.05273621333880675,-0.049638180604529056
GRNT,2024-09-13,0.00039109055058478585,0.6614169182191264,0.009494525700332903,0.0016280664555378133,-0.06102149203018752,-0.05145790552969915
GRNT,2024-12-12,-0.0004897077049982273,0.7764101002024929,0.00025071962508520923,-0.05486561302433571,,
GSHD,2024-03-04,0.0009481484988269938,1.259818711555445,0.03572754130121073,0.011286200240187519,-0.2774748990129757,-0.21003167878028936
GT,2024-08-13,-0.0017507034253926837,1.2737785663395371,0.04884071778445628,0.06042451236377576,0.0036343263998930876,0.19926743604513916
GTES,2019-05-14,-0.00011197504568768719,1.3525714760181022,-0.034336395326276546,-0.10811025637064497,-0.22641172285360928,-0.5393868230362547
GTES,2019-09-04,-0.0024070946697579815,1.2508769620328914,0.08511464011397069,0.17352923515690238,0.2025624592627723,0.38645751689461194
GTES,2024-03-01,-0.001165957557800922,1.0269344967139566,0.003962119777836549,0.09946296084793652,0.20522741764995509,0.2052878859611316
GTLB,2021-10-29,,,,,,
GTLS,2023-03-21,0.00019120713843306754,1.1448232219249974,0.06252549509065577,0.06647410026615755,0.04621898763571493,0.19368807869193402
GTLS,2024-09-16,-0.0026333935070112164,2.0933667144657275,0.04255424223078255,0.06531374751937907,0.08473255739461993,0.5406880699298211
GTN,2016-11-18,-0.0021969793561201043,1.686215330682069,-0.0045663089270159656,0.017630016372494058,0.16660136723841307,0.2866873658699523
GTN,2019-08-14,-5.6048229074412945e-05,1.2984064957526251,0.01698713365044235,0.07001675913901777,0.05181299708217985,0.19594085820436907
GTN,2022-11-17,-0.0007792414065869252,0.835691488938171,-0.0073983676888017165,-0.028219030103243316,0.06511028547555361,0.14377769212350552
GTN,2023-10-16,-0.003292308741079646,1.417619473353669,0.10124560799308077,0.09757694854790858,0.2778405957671821,0.5270405512934333
GTX,2021-05-20,0.0026794313174827345,0.66053530654299,0.05817324083018732,0.29819301275110704,0.10436574414525272,0.02039409413773329
GVA,2019-09-06,-0.0001444414558517316,1.1271146411129094,0.012304501857239287,0.14083713886612845,0.21048498571919144,-0.1060498336033402
HAFC,2020-03-24,-0.0014052978752012184,1.1813064883062914,-0.0013505540095819502,0.08037551679473603,-0.13668467862070452,-0.08390789991048479
HASI,2016-03-08,0.000371518817262844,0.7951410950864132,-0.008390732234721652,0.0011059560466383312,0.03147069128617789,0.058141828742840934
HASI,2018-06-11,-0.0006601406338521502,0.5033736257313502,0.011700630325778453,0.0424033725623083,0.12641009183555618,0.21765018446188
HASI,2018-11-19,-0.00040297270413277664,0.33845408123190474,-0.0009163014348547698,0.005580010494840412,-0.04951401873229565,0.04203928879552598
HASI,2020-03-27,0.0014183989370880783,0.6834414939298112,-0.013264306929331227,-0.14660455917370036,0.26259554254651896,0.17621143254051533
HASI,2022-11-10,-0.0016075987555181433,1.2004137569390012,0.06400788333905444,0.01840361999360101,0.07280857492844156,0.22385226775928144
HASI,2023-03-16,6.919494765105262e-05,1.3591273919490292,-0.0865376943265774,-0.03506266383793474,0.020410976726535083,-0.12922266560601042
HASI,2023-08-21,-0.002025836816345047,1.61074331358831,-0.01878797216655713,-0.037804554289936045,-0.08141353780578754,0.23473817438246092
HAYW,2021-03-16,,,,,,
HBAN,2015-04-29,,,,,,
HBAN,2016-03-02,7.933467173043436e-06,1.1055500900616566,0.03603609384042482,0.011041153726221591,0.034546747711073716,0.07598191464906968
HBAN,2022-04-28,2.955661976665229e-05,1.2071082656945717,-0.01167866098906568,0.01678739549232503,-0.0003542305222889418,0.039325888604273995
HBCP,2020-05-14,-0.0009072462483757893,1.2107118408108855,0.0008369185496565207,0.09310571361957833,0.17848959861791558,0.04096001622320475
HBIA,2017-01-20,0.0004422968243516552,0.21101177029753837,-0.0011107356885645557,-0.0025967395838830034,0.03598989556073588,0.025448343910892658
HBIA,2018-01-16,0.0005582100870443725,-0.07200673453375925,0.040419735081729295,0.03913180971783905,0.00578718657991369,-0.002699135349103202
HBNC,2022-11-04,0.0005577669794472647,0.6400989357452571,0.01826309103650997,-0.012950022052488935,-0.0627535094650174,-0.031815520340828046
HBT,2019-11-13,,,,,,
HBT,2020-03-17,,,,,,
HBT,2020-06-12,,,,,,
HBT,2020-09-15,,,,,,
HCA,2022-05-04,0.0007814832731324952,0.9385459397120415,0.039797902337346244,0.01996523725379943,-0.1285476429125621,-0.04541643103725997
HCI,2017-09-21,0.001143112204282444,0.9485343550948702,0.048735627971208055,0.04683713725366053,-0.040172347444381855,-0.320407594238897
HCI,2017-12-21,-0.0016810632318066882,1.9121830307884453,-0.01060019294390373,0.0304250631069952,0.2398088698852757,0.379372639285196
HCI,2018-12-20,0.0020960383629995043,0.5818941764584492,-0.013373523592699076,0.002930003171586539,-0.1485462295073045,-0.37736011276009684
HCI,2020-03-31,0.0004138234931718815,0.35608538749694124,0.02451738809689067,0.0018992728535385493,0.009815532524197423,0.0690785177868178
HCI,2022-04-07,-0.0007090948827753088,0.9576745936675389,-0.0015774758925046614,0.02486939814615342,0.11851309802074038,0.21091783554768828
HCI,2022-08-24,-0.0012211451871345154,0.6584371678404619,-0.0049933832465632105,-0.022934864952585995,-0.23898897832360216,-0.11203985049058941
HD,2018-11-21,0.0002767215852558994,0.9995738728874157,0.0015377627060602444,0.006320136986255571,0.07209065026258446,0.06274725668972626
HDSN,2018-03-16,-4.341085543032072e-07,0.340240440552746,-0.08628908869512274,-0.1528190257433932,-0.19842576747743346,-0.7742795075386659
HEI,2015-09-23,0.00044239679572667266,0.9727626003100311,-0.027334211279617927,-0.006758768533150484,-0.05872508782360443,-0.07766747670249859
HEI,2016-09-09,0.0011418783462473555,0.8201206206236304,0.001293454267239983,0.0018922768684898426,-0.055496588366106464,0.06868744782986397
HEI,2017-10-06,0.0012512131618135224,1.277624466099736,0.00289000794216375,-0.034113032174354796,-0.05403596193604823,-0.10792220071551449
HEI,2018-10-11,0.00177007556998844,0.8683216375778245,0.004665330581615208,0.03132641938220421,-0.016221290633381347,-0.11089675439068368
HEI,2019-10-30,0.0016842448113546778,0.960668869200384,0.013434054232486404,-0.015314040965156754,-0.07511516433651355,-0.15677562287709032
HEI,2020-10-14,-0.0009694733909390323,1.162228891580114,0.05787468914424721,0.04165832637350305,0.1590848391913313,0.20594052663208404
HEI,2021-09-10,-0.0005996534330657164,1.3232690889895011,0.014465570735637626,0.03924387504839871,0.11993416158278065,0.13737962155846317
HEI,2023-01-11,0.0009525141850240759,0.8488865651860558,0.0236518728401486,0.01853245998698422,0.06369817368407822,-0.03284892407642879
HEI,2023-06-08,0.0005841141178752953,0.9123806266605363,-0.007296854893407483,-0.020143693614047276,0.006502348951434134,-0.062161995618161964
HEI,2024-10-21,0.001234173321679089,0.8203816105385294,-0.021443071782966675,-0.04957943161793329,-0.03492913741605626,
HESM,2017-04-12,,,,,,
HFWA,2016-05-18,0.0001699739915593851,0.5840962376147414,0.010334482000396362,0.018381356147551674,-0.021349555826898813,-0.030077499110860165
HFWA,2023-05-19,-0.000669265263933115,0.6444393742415181,0.024837233915825624,0.040129526835350836,0.0041933381285621275,0.117444543633006
HG,2023-12-12,,,,,,
HI,2020-03-20,-0.0024580930609338194,1.297756313234687,0.05598847537205022,0.06232255846798921,0.08365350612880082,0.4199603495531264
HI,2023-12-14,-0.0012789958122130071,1.2544878181327896,0.06738883137433876,0.10521491266585872,0.11175621371650887,0.11157571335779558
HI,2024-05-07,-0.0009540193087882738,1.2852342574522495,0.04221940183466579,0.010077845326638215,-0.0770134807588506,-0.05071291395377617
HII,2018-05-15,0.0009543498096853878,0.9653063783189978,0.01048274804275031,0.006060019372628617,-0.04293595932294841,-0.017117129046765954
HIW,2022-09-29,-0.0008740741179462503,0.7185712788575649,-0.002573767364029988,-0.08163431569879656,0.06217908055953476,0.05267734887404806
HKHC,2024-09-10,0.0031002418729272176,0.268082505453578,-0.09435600626571633,-0.0539471017981943,-0.062407484085053706,0.6106896985168622
HKHC,2024-12-10,0.004089204524138134,-0.15271513366909137,-0.03604427893085317,0.016001451536002853,,
HLF,2021-08-17,-0.00015053806015449456,0.6489793268255728,-0.002611381523498958,0.025103362613691484,-0.04956100180822486,-0.14011819401477585
HLF,2022-08-03,-0.002518643606492329,0.5227304640059698,0.1450989737659941,0.17131238508682795,0.09064425723218808,0.11250039076455094
HLF,2022-12-13,-0.0015680118794110214,0.7635239880091025,0.04880905139996099,0.09098584293910034,0.3252344581084534,0.5243524361120686
HLF,2024-03-13,-0.003242967211876395,1.5511792903107533,0.02725169782849128,0.006077013205427181,0.1578156339722969,0.40845087578679184
HLMN,2022-03-07,-0.0009199899038058398,0.6813417526114719,0.0628542288691053,0.07122380238328024,0.1558506249092475,0.2546385162071149
HLMN,2022-11-30,-0.0005413509933270748,0.9134420278854292,0.09461575018118248,0.06198176060052807,0.17577543318355415,0.2149147079645444
HOLX,2018-03-16,-0.000700547539295901,0.9111128054599705,-0.0038997853668268976,0.026177828256227626,0.06158803578842863,0.03855353879209998
HOMB,2018-12-11,-0.0007678911539653955,0.8250142403677054,0.005332952336916015,-0.010705217513409023,0.06140015863130018,0.0824365487792662
HPK,2023-07-21,-0.0015400559912749545,1.4106447795191217,0.09964470819409188,0.018652566527073516,0.19103305590091946,0.43779066069209327
HPP,2016-05-20,-4.4445033657639297e-05,0.8751343216034173,0.019568573697187105,0.0128195105987992,0.06748953333208738,0.1486180288081855
HPP,2018-12-06,-0.00048153360557902705,0.5861077054733133,0.03480785601685914,0.0008390082201532329,0.035926704622646306,0.09792730417679836
HPP,2022-10-04,-0.002534566741876522,0.9304816861392606,-0.04847758110684915,-0.03684437692906643,0.040453791992356866,0.02771846806647842
HPP,2023-03-30,-0.003406804834672632,1.1393412183269738,0.032465524803437146,0.025712438289139817,-0.26409229549044566,-0.11000685569814886
HQY,2021-12-16,-0.00042403324241212904,0.8668243924057193,0.01486463698937233,0.10729657504727129,0.3378982935305088,0.4151393193147686
HR,2024-09-06,-0.0002769557473607363,0.997313764796896,0.005069600849594265,0.02126329011555716,-0.04331678872913078,-0.02771867460127802
HR,2024-12-20,-3.249882904754765e-05,0.5177225518576064,0.0021169350763359327,-0.0075296534537179155,,
HRMY,2020-10-16,,,,,,
HROW,2022-12-23,0.0021320291771118435,0.5647003264795002,0.025568044827588142,0.08252849739365062,0.23959304562798162,0.13533557544394073
HRTG,2016-06-29,-0.0023537455202599783,0.743846725836812,0.008303921639824149,-0.006424877304342495,0.1556153124489778,0.33056006682313066
HRTG,2017-09-06,-0.0013272368805635748,1.340710515843615,0.016005815145066077,0.34337678271630945,0.5585142297638832,0.6802584284867588
HRTG,2018-11-13,-0.0006190826397958438,0.4187153205248356,-0.022915137529268104,-0.0055698085119206524,-0.03866256234953253,-0.047855250847218006
HRTG,2021-09-21,-0.002706232098852138,0.9541180629589878,0.09854651928622002,0.08281998490253603,0.09275816099098567,0.0483464686520937
HRTG,2024-02-21,0.004891999021517304,0.9515483491176525,0.014045400453489832,0.043747640025902555,0.3735795536435259,0.1015073427910622
HRTG,2024-05-30,0.0035778278417745134,0.734906099408773,0.031466523433391395,-0.04799533506544938,-0.2868120177262416,0.45952902015783204
HSY,2018-11-07,-0.00033704469625757297,0.46064429793040107,-0.014078786780206113,0.012741396878722578,0.05956045260629952,0.014627450580018388
HSY,2019-05-31,0.0012497480102693548,0.2057905131235214,0.012391981287272648,0.04007861625367383,0.001941029788354776,0.11980615347809793
HTBK,2019-06-11,-0.001578565359971331,0.737566061120239,0.009578383226375577,0.008394855227560328,0.02752574047848542,0.02705464231349225
HTH,2015-03-16,,,,,,
HTLD,2023-05-18,0.00048606793022224544,0.7904910990232719,-0.0022212864133827987,0.013619699382432404,0.0040277954535467946,-0.07257413590580102
HTLD,2023-12-13,-0.0016908304163724117,0.8698303007751479,0.020762113394324957,0.0028713503397682152,-0.014293622966039176,-0.09496829349180372
HTLD,2024-05-07,-0.0022606371723029547,0.9889494028183843,0.03077038841050824,0.047955287972975616,0.09284370855817502,0.2434582480596076
HTZ,2016-06-06,,,,,,
HTZ,2016-11-16,,,,,,
HUBG,2022-08-15,0.0010169663336758918,0.9262441315334207,0.004533286517029776,0.00618023987824891,-0.09024463080294727,-0.03765276418451516
HUN,2018-12-03,-0.0017803298873873602,1.257437743795223,-0.004590259630005143,0.012515061438301719,0.1861104003492998,0.2967428366325296
HUN,2020-03-16,-0.0013964159554558612,2.0510375666137053,0.09003088102409589,0.18929220075779163,-0.006459041148608437,-0.04435504680116971
HWC,2020-08-10,-0.0025103540524332524,1.667054518232435,0.06263856964854012,0.0341014744757511,-0.014430890362611505,0.3354528453948922
HWC,2023-05-25,-0.0012367884228457024,1.0227885530520429,0.0011504226404560267,0.06629131100136808,0.06730549963048144,0.09797255577596796
HWKN,2016-02-26,-0.00012078500173136301,0.7673777208963691,0.04934607673799828,0.04688044482465671,0.19791315070408752,0.21920307799709743
HXL,2024-05-06,-0.0007420558689443298,0.763994777289883,0.036694946462789674,0.03942467565149053,-0.10143782350432287,-0.048771059868744256
HY,2016-10-07,-0.0010765186808281812,1.1618461749684437,-0.03704326465763127,-0.021875146716836175,0.11171770563397983,0.11060941638952396
HY,2018-11-06,-0.001489634061490724,1.0798903980190477,-0.007920493836657667,-0.05273993658937818,0.024761337231924654,0.17223372075996238
HY,2019-04-01,6.705479779703926e-05,1.0581774820536292,0.026323225544228286,0.04039757807522629,-0.22065345422503851,-0.15216309838334213
HY,2019-07-12,-0.0014082182288114,1.1707320951344167,-0.005334989607644964,0.018335529500923892,0.12680748408700734,0.08143117721279208
HY,2019-10-02,-2.6543630378235295e-05,1.0530092166397036,-0.02619472758136593,-0.0657324626381495,0.06203310015241327,0.04203555114841246
HY,2021-02-17,0.0005418953933039546,1.4009808712868979,-0.06025622835919662,-0.03796123842028114,-0.153766340873259,-0.31797991465996334
HYLN,2021-12-20,-0.003922244120129034,1.647256423138897,0.005847567512256666,-0.014645333173504532,-0.2186063052121669,0.008144403748175676
IBCP,2020-03-16,-0.0008281088970533181,0.9897429900098518,0.006742557542492367,-0.0768429803689043,0.0425924889359339,0.013636378340747393
IBM,2018-11-05,-0.00038411115254251835,0.9662535590783596,0.05276280810850241,0.057649713499813696,0.10954891780904023,0.1919140018708823
IBM,2020-11-09,-0.000700901748702094,1.0347192919426706,0.038273466617011136,0.020574554423703425,0.06565832125092579,0.02174463109772331
IBP,2020-03-16,0.001887946981885615,1.0941119052436865,-0.14239376135788342,-0.04283364806816537,0.014284867459676068,0.3236939158920258
IDYA,2019-05-30,,,,,,
IE,2022-07-05,,,,,,
IE,2024-03-07,-0.002967235638080552,1.3979162488460695,0.015650788704588907,0.02204664788355412,0.3454484869495024,0.3944973009493259
IEP,2017-02-24,0.0002138815785310823,1.0305117901097425,0.016899757446523566,-0.010481483027847046,-0.06433070492048135,-0.06054673610085622
IESC,2022-05-09,-0.001098259587034836,0.8503907457357895,0.0754637395129495,0.12389108975706364,0.23068152756913868,0.24731196205126768
IHRT,2020-03-16,,,,,,
IHRT,2022-05-12,-0.0010315576885345278,1.1391475679912235,0.051935946271277914,0.05434410739907724,-0.25791316928695596,-0.24223207863698304
IHRT,2023-03-13,-0.003111627918756393,1.7985618320891241,-0.05775225003970569,-0.15757016639760285,-0.21315592380115345,-0.12720308166912586
IIIN,2019-04-23,-0.0012214788000882743,0.803589815248617,0.1216705802328912,0.12443935392876031,0.10222251440338284,0.08055296211994734
IIPR,2016-12-07,,,,,,
IMAX,2020-03-18,-0.0019101581541031323,0.8406957598040018,0.643242959556622,0.5013594604453107,0.5705944486493857,0.7058025320916562
IMMX,2021-12-20,,,,,,
IMNM,2021-05-26,,,,,,
IMNM,2024-11-25,0.0007577950723955857,2.0095660409032226,0.15069355098794807,0.31169210026338734,,
IMRX,2021-08-05,,,,,,
IMRX,2022-03-24,,,,,,
IMVT,2021-08-30,-0.0049075331299056205,1.0338025434359026,0.037973972189336555,0.08031796724890491,0.2953273747675202,0.23315237005490191
IMVT,2022-10-07,-0.000635970639825873,1.3357791226053954,0.023898080942194616,-0.0020964858852932193,0.25574259583030684,0.659600358204885
INBX,2024-09-16,,,,,,
INDB,2023-05-08,-0.0003428561171105822,0.6244528792708397,-0.03657526300548702,-0.06276055276237799,-0.04678430526593676,0.18986153851328139
INGM,2024-10-29,,,,,,
INNV,2021-03-16,,,,,,
INSM,2018-11-13,-0.0030413209799591656,1.3387291653007807,0.055903125747487334,0.10051491106212493,0.036731532452615116,0.7685216769909494
INSP,2018-05-09,,,,,,
INTC,2021-11-01,-0.0007287133220975135,1.3796678339901618,0.010986755708962667,0.033494552851255695,0.03283361386109264,0.11908470145825864
INTC,2023-08-10,-0.00022343642223431523,1.3827926514427884,0.018480770109375464,-0.018324213213000984,0.05413371364227576,0.16344063347146082
INVH,2017-02-07,,,,,,
IOSP,2023-03-20,0.0012305370483456715,0.7456495299573774,0.007827522025202581,-0.011437985010209418,-0.07923600839967164,-0.15352538793469742
IOT,2021-12-21,,,,,,
IOVA,2018-12-20,0.0007119832015006517,1.4657967933420621,-0.10928039052356739,0.030070348436388367,-0.05560537840725785,-0.06039081274433468
IOVA,2022-06-02,-4.120964669736949e-05,1.8290901964210917,0.21914485323950172,0.3566442178810361,0.7986761083894455,0.6007903162211451
IOVA,2022-12-22,-0.0008953935137962035,1.3554638937841201,0.02486848682298947,0.08180155419296883,0.26162581210336616,0.05195190734168899
IOVA,2024-02-20,0.0010538477021613615,1.494338221672041,0.6304090715416051,0.7020902835717066,0.43148019798133036,0.13103894344798472
IRON,2023-02-17,-0.002378996253257712,0.47969499912735813,0.06573433172218009,0.050834440903738634,-0.0009167653004608853,0.5236276293242159
IRON,2024-06-20,-0.0023365308308179863,1.0399753338779516,0.027327568663878615,0.0377107661541118,0.10144078345872426,0.2282055421454433
IRT,2015-06-16,6.118039883265751e-05,0.4572213772297327,-0.021465065855214783,-0.06347257549153126,-0.0005865116804483761,-0.10371653202832942
IRT,2016-11-07,0.0016398036587856957,0.853939251007312,0.017896092995215395,0.05029104553488804,-0.02978257111621961,-0.03150835115582848
IRT,2020-03-23,0.001532046351268874,0.46796338379353297,-0.08883173879100413,-0.04761373530217995,0.026085627541853132,0.11220700034071143
IRTC,2016-10-26,,,,,,
ISBA,2015-02-27,,,,,,
ISBA,2015-05-04,,,,,,
ISBA,2015-08-31,0.00033500323895119797,-0.056706559817878026,-0.0028207004413600438,0.011734800521134882,0.02840805191385569,0.13123968556004031
ISBA,2015-11-03,0.00019930872964149998,0.03786716519610281,0.020157194120373895,0.06017911531915848,0.1168613568847791,0.17596513349327295
ISBA,2016-03-29,0.001100146089087208,0.07561198850871015,-0.029093499555985662,-0.05477278687234688,-0.07234524133744633,-0.11231321432109448
ISBA,2016-06-13,0.0010159038508627837,0.08275265080837566,-0.0019523963761988285,-0.004567208744098292,-0.024752385319074695,-0.0558324519081444
ISBA,2016-10-06,0.0008249263360579985,0.1023744034888986,-0.0013699976029501936,-0.005517063068186124,-0.021745301220998624,-0.039157849448685396
ISBA,2017-01-04,-4.5260176988031676e-05,0.14633719259533115,-0.0006636767760885728,-0.0038091594719512167,-0.005354744809356623,-0.004463965951177446
ISBA,2017-05-01,9.080314799577138e-05,0.031751566543616945,-0.00027359602723884223,0.0028582361283002516,0.004231696099792294,-0.005560492243753206
ISBA,2017-08-02,0.0002406938905768348,-0.025026031692243902,0.0012741547386563462,-0.004935624529555988,0.011490342297755717,0.015224305018807038
ISBA,2017-11-02,0.0002849255010781656,0.017737677598692735,0.011432551907924514,-0.0016126900704446568,-0.042911098654575784,-0.061306569722157825
ISBA,2018-02-05,0.00018921331330335663,-0.052321646675338306,-0.007373081973245668,-0.02872445949691669,-0.02022228577592079,-0.01601244921447292
ISBA,2018-05-03,4.5670919466967884e-05,-0.08228973992211937,-0.0029110860625014444,-0.00675995930894149,0.012730506975670686,0.00025571512927412705
ISBA,2018-11-02,-0.00016541257217948436,-0.016491080012430152,0.010424715093129562,0.013352887255004171,0.05407963624536348,-0.02761934810146073
ISBA,2019-05-01,-0.00024044375297717306,-0.17499184780802465,0.020760704064553784,0.019988458458072633,0.04331133596039662,0.05303619214640745
ISBA,2019-08-02,-0.00033925061853889147,-0.1646860973876677,-0.005509113741166592,0.0003833318422099374,-0.0013507884563372392,0.046066784231203334
ISBA,2019-11-01,-7.361077169965938e-05,-0.16858825505855746,0.004593251477342408,0.010114677738759952,0.07184931602883837,0.08499926424905385
ISBA,2020-04-03,0.0002586305619567246,0.026351916250240918,0.026502858367498446,-0.03678967373840765,-0.04753190535408895,0.05603500133903992
ISBA,2020-09-03,-0.0007794222841694694,0.25032587637014325,0.017241398351121436,0.023000410233974245,0.01933491483318785,0.2593783102675705
ISBA,2020-11-03,-0.0012230051529276832,0.2492297193951022,0.02028325530058396,0.07514464626370426,0.226673682163602,0.26837302148580344
ISBA,2021-02-04,-0.0003173134932965701,0.2508442478153949,-0.003203636673141188,-0.003849642318970616,0.12629736463208213,0.16019722973587494
ISBA,2021-04-30,0.0013414322962004598,0.08025942321562486,0.01309518790073002,-0.0032987233916647214,-0.025756567000911515,-0.06749233248867692
ISBA,2021-08-26,0.0018687930251641072,0.10531704978548648,0.0024685257461157014,0.09900434490278426,0.10116066707003078,0.07090545004108263
ISBA,2021-11-19,0.0018207422932404104,0.1507651113282809,-0.010273630171414637,0.016564586372666352,-0.10379511224240026,-0.17765736734911705
ISBA,2022-02-03,0.0015496733576448748,0.1687663247197815,7.393561209598828e-05,-0.0064098094699636815,-0.07409360163793216,-0.09312592160687636
ISBA,2022-05-03,0.0004960961784849783,0.07126795869297131,0.026409614025390996,-0.007657501047788548,-0.03388878165638672,-0.049541553268805404
ISBA,2022-08-01,0.0004694233235838701,0.20255648405204169,0.011523581769127812,-0.02197837982274097,-0.02542434254163977,-0.05470134778008469
ISBA,2022-11-02,-0.0003121648463909403,0.15921689515273216,0.027353992681676292,0.029486281475933622,0.06833967331313107,0.0946680368645353
ISBA,2023-02-02,-0.00017912259282823473,0.09331911017606621,-0.007399538078230682,0.0067535484290647384,-0.024749130174723934,-0.005400469710837352
ISBA,2023-05-05,-0.00015414715989879292,0.1261479368486843,0.04950114151523257,0.1071641074797953,0.1649281451617084,0.1485240004474513
ISBA,2023-07-06,-0.00046835411154985717,0.16734291125261228,0.014190282984229873,-0.015706808756958342,-0.05796793408753781,0.03097549747532079
ISBA,2023-09-20,3.304397725462232e-05,0.20120374547064462,0.03036182056061481,0.0572428921947053,0.08516643133555338,0.05511548981367493
ISBA,2023-12-04,-5.91552307643912e-05,0.3204268130820494,0.012855038450540946,0.016754562515219035,0.08063980833138205,-0.027806758553182466
ISBA,2024-02-29,-0.000317377850976354,0.42159343962208506,0.009059788998633668,-0.0239848509499458,-0.020042152555099165,-0.03125372093460521
ISBA,2024-05-03,0.0003467002079705783,0.09280732646414629,0.001582528749961335,0.013262196147971668,-0.002665179304353889,0.08094879707926299
ISBA,2024-07-18,-0.00038714469774126393,0.07470176706573034,0.009697815191737158,0.02716249193986368,0.016621051584449712,0.13933089997372294
ISBA,2024-10-03,-0.0004170177908580944,0.2999934083772981,0.010019873169621971,-0.04216434392599064,0.04852891764276501,0.19689554862962644
ISBA,2024-12-17,3.6027608171271785e-05,0.3956162039683267,0.045512877901295615,0.05725060654840247,,
ISTR,2015-03-13,,,,,,
ISTR,2016-03-03,0.0004519717459896135,0.2860346433485637,-0.01462325441942413,0.002261381828866725,0.018707626303608057,0.016842524204084428
ISTR,2018-02-28,0.00041977513155072333,0.9267934537596714,-0.004076411442439342,0.017580269455368197,0.043132840457765075,0.07053339138323786
ISTR,2018-05-10,0.00019163331354336304,0.8054694239812954,-0.04213714963923977,-0.017380963234808658,0.019836670877594276,-0.03796700903267619
ISTR,2018-11-06,0.0003968977468173071,0.6319700188900946,-0.011982301737548004,-0.03274431934363923,-0.07899219856077876,-0.07921473630307269
ISTR,2019-03-21,-0.00028994899467385174,0.6385291839038066,-0.03723212309463015,0.0030096193568498516,-0.008669442899390287,0.011894181791019458
ISTR,2022-03-16,-0.00044438480618263414,0.3818122878822242,-0.012865365432056066,-0.034812000661966824,0.023418614742705082,0.20280383978488803
ISTR,2023-03-16,0.00044725406371913306,0.15871987417854047,-0.02641229663244602,-0.03836260405766064,-0.1663707967016302,-0.25151290702250584
ISTR,2023-11-16,-0.002977598716380274,0.6662466951944874,-0.003110291359337689,0.019590315396485047,0.4347833136722582,0.6084135573757709
IVR,2015-03-09,,,,,,
IVR,2016-08-29,0.0004188108827544693,0.770898190187427,0.017351331932133847,0.03809159007124577,-0.036834130066210086,-0.04017345945078246
IVR,2017-03-09,0.0008180177860223967,0.8589736634315331,0.0017576293379729345,0.013351402497094562,0.08114902102641032,0.03980621273037652
IVR,2017-12-20,0.0004696537738794365,0.6552194743051846,0.002500078799278863,0.020680915105470682,-0.13057335631172917,-0.10935438383814823
IVR,2018-03-02,0.0005814374369820638,0.5813639855227705,0.014886037050172817,0.014688420128235418,0.050468226240758474,0.03340970283128983
IVR,2019-05-14,0.0003597422460160378,0.4181174392117857,0.0030315995195585497,-0.009863538330438402,-0.01552986043657215,0.02327949898842669
JAMF,2020-07-23,,,,,,
JANX,2021-06-16,,,,,,
JANX,2023-11-15,-0.0019281472602976205,1.6537227742430216,0.056909786640870964,0.08226127736300984,0.24822691022024584,-0.03816888491674171
JBGS,2020-09-16,-0.001688164034054657,1.133545095666224,0.009261587522616401,-0.0052827452338691065,-0.08411447280077124,0.1777838599030601
JCI,2018-01-11,-0.0014328028620328589,1.348008770673561,0.0031111078250893633,-0.025899518078779597,0.01824197027662418,-0.010019526451281104
JJSF,2017-02-17,0.0003835493629798631,0.7852613983935427,0.00741263129712256,0.02064919513043022,0.01824373560274998,-0.029153964525922886
JNJ,2018-12-17,-6.564911613137369e-05,0.79739826119259,-0.0024617988355725064,0.0013665297498647207,-0.02992755132351342,-0.024114574676687033
JOE,2017-12-14,-0.0010898937082755493,0.7303323750453791,-0.01926828587368009,-0.02588444481019247,-0.021832566568879247,0.08312396214417987
JOE,2018-03-19,-0.00013250450983816027,0.6406144904837165,0.00276064563192268,0.006848039718448514,-0.08837152836910588,-0.08641932307860116
JOE,2019-06-05,-0.00039585186115907543,0.7259315901680576,0.00846639799296389,-0.011834669224683804,0.07400368541781605,0.11629386795425589
JOE,2020-03-17,0.0007755632599923667,0.884151490147256,-0.01912429315198346,-0.03373026679925898,-0.105766704799779,-0.09733452130051728
JRVR,2022-03-14,-0.002404492538894464,0.7418894904380721,-0.0018119250317636393,-0.04913655353391396,0.1842664733353703,0.35730082266557145
JXN,2022-05-17,,,,,,
KALA,2017-07-27,,,,,,
KALA,2020-03-17,-0.0009015829001499064,1.227441178416957,0.12092946745317829,0.18011147639387481,0.3627937393574722,0.5582988754570889
KALV,2017-10-19,0.001087646525814009,0.7277794726100946,0.19157357340473535,0.34740813803920806,-0.015752722694499198,0.025620317635674253
KD,2021-11-30,,,,,,
KD,2022-05-16,,,,,,
KD,2022-11-09,-0.002176267756026254,1.224267965791851,0.057328700342406336,0.08375630059992945,0.2714054458564716,0.41587199046249657
KDP,2018-12-07,0.0023176480789190742,0.06928569907160745,-0.004147825461898019,-0.013491191566173705,-0.040973486873393805,-0.10770641327897106
KDP,2019-03-15,0.0018304658109841293,0.348776305632232,0.01009649528947185,0.002425815539730817,-0.021476853165995555,-0.07761075736157694
KDP,2019-09-11,0.0009654595611852814,0.4519591196760185,0.012558984567721605,0.019653852684921758,-0.009797411156702419,0.0015332469876664714
KDP,2020-06-15,-0.0003953264620885122,0.6602151386965662,0.0003772758020745455,0.02328548994646463,0.0733765490568324,0.0036278008559952543
KDP,2021-03-17,0.001424981990379543,0.4470533017629307,-0.0037348265787614998,0.007812029661315705,-0.014017142110055298,-0.07969263134221269
KDP,2023-03-16,-4.339562680794223e-05,0.49964504521605696,-0.004520259823651162,-0.030013584546796597,-0.09143249404892764,-0.15660327119839776
KDP,2023-05-19,0.00013102891755511546,0.5300329086001168,0.0015521591057507662,-0.016342505692200804,-0.03203001078974908,0.03373862395727141
KDP,2024-03-11,-0.00042898045361101483,0.2540495018878985,0.0034931337532113516,0.014165539574053341,0.11010412837856574,0.20146252534037384
KEY,2016-02-22,-6.582361518221327e-05,1.2306853042766093,-0.008096153288105968,-0.016088054485112194,-0.06077107853721894,0.04083412601708887
KEY,2016-05-23,-0.001121561548000321,1.3281720480271217,0.008471649314305949,0.012684049469945866,-0.12918026472311758,-0.01887075925878896
KEY,2017-08-16,0.0013352860847398783,1.5577336221874318,0.012240001434165294,-0.008598006511258903,-0.024796448647630545,-0.1557725118648301
KEY,2023-05-04,-0.0013927710129788798,1.225382894908108,0.026604917846973025,-0.04332324090130787,0.03412487262557177,0.23097826526726098
KFS,2015-03-03,,,,,,
KFS,2015-05-04,,,,,,
KFS,2015-09-02,-0.0008195724356651389,0.5712051965923299,-0.050464294871795254,-0.07680757210953862,-0.13633562341873817,-0.06071470234794234
KFS,2016-07-01,-0.0009259180582568635,0.1580469984891967,0.000897662753674415,0.00652348588221628,0.05419442501011672,0.1259428299022859
KFS,2016-08-31,0.00010877710223173247,0.25008729213112924,-0.004796461969177907,0.016537606711467614,0.005647039614767722,0.02991938358424239
KFS,2016-11-21,0.001110389308464682,0.30351051362874454,0.07583962045486714,0.07141811825516084,0.09466414334506129,0.03675803131219656
KFS,2017-03-20,0.0013805006000606125,0.14501551899525417,0.007880599230701849,-0.005900483815590842,-0.019967201383371727,-0.02221785587658448
KFS,2017-07-03,0.000660385643766121,0.27672929162413284,0.0062344574156606575,0.020553283602042387,-0.042628123611912934,-0.039798456380947894
KFS,2017-09-15,0.00032908063303842034,0.24798158867554718,-0.004880752632396184,-0.009910902227317962,-0.09524869837112916,-0.18190357124796616
KFS,2017-11-16,0.0001318668704855037,0.17821027574548184,0.007919350176343041,0.0040968132507245465,-0.09179137249501543,0.030194799938171105
KFS,2018-01-30,-0.0009261156463202622,0.05671184648831705,0.011409185076693501,0.0007918469036627511,-0.22318295454660317,-0.28195010420470823
KFS,2021-08-30,0.002850287965220781,0.3186527179244305,0.03472371552931463,-0.011942738727710574,-0.02348871878553359,-0.1622310759173281
KFS,2021-11-16,0.0027486982050416095,0.5621160763391579,0.013673318274481216,-0.029651615339844326,-0.10088153535545914,-0.19028530320814985
KFS,2022-01-19,1.7572629516325705e-05,0.4765561601361725,0.00836414011797762,0.0001005575722837224,0.07005614211627662,0.02305702340674806
KFS,2022-03-22,0.0007177319753262128,0.37051581182936383,-0.0028142867422232777,-0.014784655965523998,0.01692904210921657,-0.011726681508169013
KFS,2022-06-06,0.0004906627560863282,0.2865472224732204,-0.006454320308548874,-0.003587749665994216,0.10736118151008282,0.2566795019005588
KFS,2022-12-16,0.0014359799343306317,0.17728154401521093,-0.01720672107629709,0.016090112883552773,0.07913837076650904,0.15421945883464444
KFS,2023-03-31,0.00251372104001575,0.1716333186707213,-0.035239000682842046,-0.011493836455623439,-0.1429059859209437,-0.2098082099778575
KFS,2023-05-31,0.00232689518953731,0.16027471807275906,0.052863187121965624,0.08201688102643849,-0.09275088848119667,-0.04744162996958261
KFS,2023-09-14,0.0009281826500299865,0.2642943227341926,-0.0003266076979593392,-0.024452166733039953,-0.10581509191732824,-0.07329356803114964
KFY,2016-06-30,-0.0009495527032749772,0.884738771133491,0.05724663958105442,0.0674968917621326,0.1691665837366491,0.10244066966991802
KGS,2023-07-05,,,,,,
KGS,2023-09-05,,,,,,
KMI,2015-11-23,-0.0007799726694312024,1.0203868799139035,0.04459773071236409,-0.04240218386147815,-0.37258004614402757,-0.0623523735525915
KMI,2021-12-10,0.000258647352251438,0.7457599785961776,-0.0057948789280621886,-0.019605878461191904,0.13242771781802845,0.19889471735503206
KMPR,2023-12-11,-0.001216492516186603,1.0008323561337324,0.0165593729582805,0.0024108737473415957,0.2553038377011789,0.18540715921811585
KMT,2016-02-11,-0.002349496373330101,0.8195055365955017,0.04782835946129804,0.12591543444564932,0.24197704756584631,0.34795360033026507
KN,2015-06-02,-0.0015678583638588939,1.3338258449210105,0.04232284165914295,-0.01874209257747142,0.035806091519989175,-0.04450951996095783
KN,2015-11-13,0.0004287373536940406,1.1110261718554761,0.03498231254616007,0.0035636142573574406,-0.14315832089535316,-0.15917301484045132
KN,2016-02-19,-0.0012033136526166924,1.0584882482545213,0.0460854111700366,0.0227258306662897,0.11301459319355411,0.1467884504728617
KN,2018-05-03,-0.0019781168500554165,1.3236794007754598,0.029963038823694187,0.0422599932403885,0.20077292167434657,0.3536074943846927
KNSA,2018-05-31,,,,,,
KNSL,2016-09-09,,,,,,
KODK,2015-11-09,-0.001242279654230981,0.997305799088743,-0.04628448185467032,-0.05912464226027272,-0.014103564502364642,-0.24780881337802446
KODK,2017-05-18,-0.001007042622886075,1.6376077959518132,0.03957563192599855,-0.014165698908437475,-0.03673256216565168,-0.18813939390688597
KODK,2017-08-21,-0.0032536002792609817,1.7429891378315425,0.03766783100728576,0.05292730017612487,0.045244552667975425,-0.5640447537302911
KODK,2022-03-25,-0.0030701992816338144,1.5101727765005795,-0.0022220261656596824,-0.07373361443551288,-0.045905946597444895,0.3069442669029884
KOP,2015-03-04,,,,,,
KOP,2016-06-01,-5.7875164562549504e-05,1.3208665700706135,0.03573712779865635,0.135526669238444,0.23293854195507527,0.22392079221123307
KOP,2018-12-04,-0.0025508925047899706,0.6722015160255069,-0.027535818878986224,0.0045933541113719716,0.2577737870867672,0.5319908085803682
KREF,2023-05-15,-0.0018811649939618885,0.9367103873266951,0.027958329684358754,0.08584238449152855,0.21366594522709456,0.27309194617342575
KRG,2018-02-15,-0.0006424915625976269,0.35789292697864256,0.05326059122784819,0.02546683530606685,0.06606000554349527,0.06648646171037405
KRNY,2016-08-23,0.00047694040986460663,0.4956965573011841,0.0027947880240630583,0.0042278093068885796,-0.0030203796610722223,0.0753427958679388
KRNY,2023-03-21,-0.0007381994279422546,0.5825954455961757,-0.0076086994949244036,-0.02646824766664247,-0.13981984248366278,-0.108064993810788
KRO,2015-09-08,-0.0019252449234674286,0.9900435691047325,0.003429572435171868,-0.00878502154989297,0.17614374024320859,-0.003995427456091103
KRO,2019-08-27,-0.0015716463960312522,1.3196347897915028,0.045660281536434116,0.08172810188350954,0.18541943945356973,0.3554874435782497
KROS,2020-04-13,,,,,,
KROS,2020-11-19,,,,,,
KRP,2017-02-09,,,,,,
KRP,2017-06-26,,,,,,
KRP,2018-12-03,0.0008233990457801212,0.7898044480789477,-0.0020908641697496098,-0.07054705693501656,-0.15954327739865287,-0.06040137295286167
KRP,2019-09-17,-0.0014250217754615485,0.7720235055460699,-0.04885183995474393,-0.03990638266462716,-0.07390302090308278,0.16987235937149128
KRT,2022-12-20,-0.0001076294272403292,0.6765272878006642,0.019840277879405347,0.05196121825376996,0.08836523283585679,0.005230448562366548
KRYS,2017-09-25,,,,,,
KRYS,2018-06-07,,,,,,
KSS,2022-08-24,-0.0014289725297242154,1.3859583545284817,0.03267337150428076,0.0547838391562223,0.1501985164929454,0.26976401157808916
KTOS,2016-11-28,0.001569967195444656,1.6858357242928272,0.018462263660861775,0.09081585011327298,-0.028717316908128204,-0.03249242483466115
KTOS,2018-03-20,0.0006225188774800727,1.437750504820315,0.03885509873905584,0.07639841998548134,0.09203011253347834,0.1453805653486544
KTOS,2020-03-16,0.00047955672372381505,0.8090635683354239,-0.07598812853800785,-0.06476851855466927,0.10228407456367927,0.21646959902243862
KW,2015-05-14,,,,,,
KW,2015-08-26,-0.0003483103608046659,1.0239462212107082,-0.017459403436116083,-0.011219496565681572,-0.02826557633219337,0.0019295358312746977
KW,2016-03-08,-0.0006889721137367872,1.0889139873668117,0.006544070368316085,-0.02089790616493307,0.025021700785183187,0.0011946504245811413
KYTX,2024-02-14,,,,,,
LADR,2018-05-17,0.0006181723752890731,0.3444918584581662,0.025793685227030252,0.022749786332615804,0.04123227485232702,0.08446890772967595
LAND,2015-06-17,2.7343453258024933e-05,0.41987192042024957,-0.011485845319331823,-0.021881142271685004,-0.11353805029235756,-0.14383264555978253
LAND,2015-12-22,-4.7628676167608075e-05,0.41311101864167044,0.016553978184397973,0.02414401505796942,0.034487018744279584,0.17831592074981323
LAND,2016-09-12,0.00112847975759766,0.4861462131638453,-0.006926714612421652,-0.0032936385103954566,-0.08385458042388211,-0.11128209139624708
LAND,2017-03-16,0.0011350245656852876,0.5761444319573946,0.02327473192580743,0.02591140416306561,-0.0192054857278842,-0.041047984869788
LAUR,2017-03-17,,,,,,
LB,2024-07-03,,,,,,
LC,2023-11-02,-0.0029281028110888416,1.9650834231635221,0.07945984614596982,-0.013425440489257649,0.3692059866502984,0.49103959697696287
LCII,2018-06-06,-0.0002672840417973982,0.9806043378903601,0.06860361459341234,0.0493294461474843,0.1224992162734047,0.05622121581579101
LCII,2022-04-01,-0.0006429412380871548,1.2177611738692422,0.020938094884158084,-0.008606057946616116,0.26915046165116063,0.3606248800335631
LDOS,2016-03-15,0.0007345232971907964,1.1916157433731154,0.009858345702213906,0.021132526270444534,0.00949942036085187,-0.052288809324407715
LDOS,2023-05-22,-0.00042952882448287573,0.5598334260592276,0.04082359789011876,0.011657132165048044,0.11086154522934272,0.2163026181109175
LE,2015-06-25,-0.0005934391705371611,1.16539315488721,0.004185914105223605,-0.0205708787307964,-0.040125115067905975,0.19128434997008803
LE,2016-07-01,-0.0012022762324417837,0.7231590500541135,0.0011375891918483164,0.011779099655543841,0.013749144594604419,-0.006885034686138682
LE,2016-10-25,-0.0011967493637933752,0.8849165236315861,-0.03695306885815496,0.0018547982764594486,0.014084834489344477,0.013902137080006774
LE,2017-02-16,-0.0015484319419334506,1.0638995248673566,0.04878116404272563,0.025313319946744753,0.21243289065474794,0.1409574373395994
LE,2017-09-07,-0.0014576880489857401,0.7785175304452789,0.05436241919298226,0.004626483319231348,0.07440447613319368,0.06060403517138417
LE,2018-12-14,0.00018158108653617766,0.3498029356731766,0.017594913251659454,-0.07814249047926985,0.27217647267358647,0.23564849852461717
LEG,2024-06-03,-0.0025072100721503987,0.7244485625331396,0.06329286108018367,0.07608533773531204,0.16229962896972433,0.23120694403670364
LGIH,2015-03-24,,,,,,
LGND,2019-08-06,-0.003246996890693897,1.536848324515524,-0.007764048345071346,0.023997711087630127,0.12114575688840049,0.311471927788216
LILA,2019-08-21,-0.000431360082408433,1.1283678300676567,0.018560822153247745,-0.02087370096683885,0.04790253229706924,0.08936124966065676
LILA,2021-12-16,-0.0008057846556523658,1.475853837214996,0.05685947147320905,0.05133476503447331,0.07684847122583154,0.06636838354258134
LILA,2024-03-28,-0.0020625745602772874,1.3407531860314938,0.0024832832929013752,0.06417293760372011,0.25268796185944087,0.3419251317123435
LIN,2019-05-17,0.0005340839109935141,0.7807838891704626,-0.0034515209414235117,0.01180269548780715,0.04368068988317103,-0.014642002311400117
LIN,2020-03-19,0.0003809269122958788,0.8988330244844333,-0.003754455558654241,0.017223003911166244,-0.02291895557544973,0.021030500275819604
LIND,2018-03-12,-3.083961973322846e-05,0.5165361260502221,0.0072093009977584836,0.07055152815675533,0.19011223436448038,0.2591984111676436
LIND,2024-08-22,-0.0011973470364491446,1.8217290703537663,0.2544295882153447,0.25044152199827896,0.13557479150021334,0.523627752830507
LINE,2024-07-29,,,,,,
LKFN,2015-03-06,,,,,,
LKFN,2018-11-07,-0.0004150194474951027,0.7529047183120278,-0.004429368168928107,0.013563728870005388,-0.013887806457366744,0.0651254628862685
LKFN,2020-03-16,-0.0006029461586819913,1.0323676274090772,0.2150379490148166,0.16720907755891237,0.2111728952161263,0.19000107933038857
LKFN,2023-05-09,-0.00047149519716013023,0.5509203465601642,-0.020954684795417414,-0.06292609304354937,0.09785389728262568,0.19539384840734558
LKQ,2016-03-24,0.000499128300171854,0.9243972827251935,0.012154277159230654,0.043322875137012704,0.04944074412535777,0.03348717359416066
LKQ,2018-06-22,-0.0005810517089438971,0.7610845733218204,0.01541385501268945,0.00241304912949095,0.019241094737866928,-0.0027944013619495608
LKQ,2024-07-29,-0.0016900745299606114,0.7961233127358638,0.02362935432689168,0.02817393262084128,0.025122980819341688,-0.011603064893639992
LLY,2019-10-28,-6.52023788479861e-05,0.6233505104869096,0.010436875502945512,0.015177385570143446,0.07558508093466179,0.18846170752397343
LMB,2020-09-30,0.0012307991333735217,0.5374233050755892,0.15492614024659884,0.035435517011271594,-0.07799663669705814,0.2537415978414766
LMB,2021-12-16,-0.0031142605895504963,0.7521183308263095,0.1120295379028774,0.24854692074565468,0.3066222315278976,0.2852056461063852
LMB,2022-04-04,-0.0013025110268650101,0.5304790777339199,0.026078082892468032,-0.020743464912411094,0.02865402248665897,-0.04060166296413804
LNC,2020-03-13,-0.0016373084102166361,1.8320222493366036,0.03291121359199997,-0.1115083135272045,0.22937957250887858,0.5215268346959666
LNG,2016-11-14,-0.0009655153306522788,1.8922702863139031,0.04140162007536477,0.08248832912026206,0.12192199129236683,0.24646812148343922
LNG,2017-09-12,-0.0007208909341017485,1.3762024234417625,-0.005940704625384356,0.036533938502028865,0.03895432493095946,0.056501051272999564
LNKB,2022-09-16,,,,,,
LNKB,2023-02-23,,,,,,
LNKB,2024-06-17,0.0004656016416976843,0.018650686370624066,-0.0141245467080882,-0.02399667019370958,0.16753936839875533,0.03169747094315738
LOAR,2024-04-29,,,,,,
LOB,2015-11-24,,,,,,
LOB,2018-12-14,-0.0011121055795062307,0.7501937317247666,-0.004377285829063857,-0.011563457988644728,-0.05990518612035153,0.048875336265252256
LOB,2020-03-13,0.00019987762669736097,0.93008083552713,-0.11886739082249632,-0.040754522054663886,0.2319874168486656,0.371746236667569
LOB,2022-02-11,0.001453496247337599,1.8058034267038707,0.06628064527844368,0.087099943476787,-0.22223731980920972,-0.25250758475270163
LOW,2019-06-21,0.00019767138601283724,1.0283047773710943,-0.021604425773411467,-0.001106981000306347,-0.0059438754608701055,0.08429922457078552
LPG,2015-10-05,-0.0014379770234845552,1.2736815736245353,0.06952430781461254,0.03299352359301881,0.10235972750580821,0.07892110162842542
LPG,2016-03-31,-0.0007697759590242201,0.9825624655238813,0.014388727475165008,0.004383732005842276,0.07109406014165202,-0.18427763326823737
LQDA,2022-09-14,0.005368928186200702,1.3712273754530824,0.00635492255939607,-0.08301992916899648,-0.28996791111487874,-0.37347738279665277
LQDA,2023-12-18,0.0007199589500812403,0.6154034297274692,0.050265678481544854,0.48728247659863505,0.6248316376497166,0.7443116812602016
LRMR,2024-05-31,0.002435101873270118,1.8036421784285395,0.24649206110161115,0.26600406518102443,0.2425988778160824,-0.07665496705627538
LTH,2021-10-14,,,,,,
LUMN,2022-12-01,-0.001263940628543992,0.8868243131404034,0.011830322997727752,0.022438872801667092,0.08873523862672647,-0.3744840259486151
LUV,2016-08-04,0.0003430498691861613,0.9875613173694526,0.04450012645784904,0.02489954689539498,0.022904420673296476,0.09171668840013862
LXEO,2023-11-09,,,,,,
LXFR,2023-11-17,-0.000873072341961314,0.8958787483007827,0.004437406700560049,0.004258021111983719,0.011980926376883479,-0.05340224589796688
LXP,2022-06-15,0.00023262418197461798,0.5539502455092865,-0.009198173306773218,0.033740928382187674,0.017691357571431372,-0.02645874205422364
LXRX,2017-11-17,-0.002438027324601325,1.4698848860405214,-0.023131214731850827,-0.005617107689653237,0.05873705744800846,-0.14082800708204446
LXU,2015-06-02,3.8389002865581885e-05,1.3735406398341419,0.022606866832927387,0.03084271854049369,-0.06637696403139273,-0.4271046616549766
LYB,2019-09-03,-0.0012286921417860126,1.0023846806771999,-0.009476174001646055,0.09891346174150188,0.15118999691243,0.21268913957560825
LYFT,2019-04-04,,,,,,
LYFT,2023-08-29,-0.000694215413496778,1.5945223121559937,0.10393175758386404,0.06577992140326194,0.1587952503359823,0.034853002608149206
LYTS,2015-05-13,,,,,,
LYTS,2017-09-18,-0.002614741169749998,1.437272978314029,0.08854486339999344,0.037525738428621405,0.06571272884808275,0.13183959674710802
LYV,2020-03-17,-0.00019696796177571898,1.0340704638828764,-0.19920840493469488,0.1737133680526904,0.10561574641979854,0.14925470179244807
M,2019-05-28,-0.001322425825172709,0.9101962807388443,0.013893100396868027,0.04419275847041751,0.017831145957979518,-0.2275701136412014
MAC,2019-05-31,-0.0013511415506642869,0.6719926277535376,0.007412946333708238,-0.05328933383896331,-0.10002706379039526,-0.1851894446527399
MAC,2019-08-21,-0.002305838028995555,0.6650070594009988,0.030627515567641598,0.028034492555801014,0.11992394929876825,0.1185894607774623
MAC,2020-03-31,-0.0030236175881803726,0.9375020865545987,-0.011671929672814524,0.24810347613410833,0.17075708851335158,0.600322769291815
MAC,2022-09-26,-0.0013840446550733945,1.451342934032508,0.005544189329061084,0.04196996009897876,0.44441122437212704,0.44039358481299706
MAC,2024-05-10,0.0011825962295718276,1.8181502181266151,-0.0034570304501602075,-0.022484809910354148,-0.16925715265471736,-0.10695072943590433
MAT,2019-02-25,-0.0010684191001193585,1.0143241250689365,0.023673373099329983,0.062368871216989044,-0.04149697420470811,-0.20060893885499695
MATV,2022-10-05,-0.0009354487907021882,0.7862644092816187,0.030815325179416497,0.004855812388653562,-0.20349217455640037,-0.037548259435808515
MATV,2022-12-19,0.0002455261053353902,0.9270180897994351,0.01106092225072726,0.11263493063643565,0.24420523894888313,0.059868163162724024
MATX,2018-01-26,-0.00232073212429352,2.03198642220336,0.20678695227593114,0.19462951316833668,0.11987975827021344,0.24467795036304607
MBIN,2017-10-31,,,,,,
MBIN,2019-03-26,-0.0005381702981998198,0.44206213407946576,0.046955740095187146,0.08161878693481535,0.12604332034100335,-0.16352769515403864
MBIN,2021-03-18,0.0013599963144060713,1.184787707461937,0.026599266282326707,0.017334818703362745,-0.0645564980388133,-0.11501372578888801
MBIN,2022-09-23,0.000853889508594205,0.7370607071031736,0.003175505231438641,-0.02585362651943105,-0.058176439593436234,-0.0719379226866886
MBIN,2024-11-22,0.0002284125763025164,1.1930973793324102,0.04272260836347427,0.017109175900847734,,
MBLY,2022-10-31,,,,,,
MBX,2024-09-17,,,,,,
MCB,2017-11-09,,,,,,
MCB,2020-03-19,0.0010468077257017947,0.9314514159725308,0.21579544307919873,0.3910196665736189,0.23228665270156815,0.4003088495082882
MCB,2023-03-17,-0.002167675756424483,0.9666599512739107,-0.10690635176681203,-0.08371445810964717,-0.2268889116480876,0.24805432406749578
MCD,2019-11-18,0.0004962593664844244,0.4631452943465776,-0.003925929608503914,-0.01602993183957841,0.004720773609525702,0.05071383066994668
MCY,2020-06-02,-0.0014843613000326918,0.9502543369883948,0.029733255230938296,0.052008908142362295,0.012053658724653927,0.08879433930634077
MDRX,2018-12-17,-0.0008965913538419495,0.8916662358060203,-0.00783900673750041,-0.08647455341020441,0.12679403349306714,0.020621008498401254
MDU,2015-02-27,,,,,,
MDU,2019-05-31,-0.0003426623040642746,0.30548930936347884,0.026270661400814754,0.038661876140060614,0.04818651439490449,0.09753017453385596
MDU,2020-05-18,-2.4999090600425297e-05,1.092964834146012,0.041828408872659456,0.07734203521878072,0.04904801326206151,0.01042208650313773
MDXG,2015-11-16,0.00027177516839040923,1.0679375329703609,0.03256524305568875,0.06719932862380532,0.19081773024902876,0.06992639202935799
MEC,2019-06-14,,,,,,
MEC,2019-11-04,,,,,,
MEC,2020-03-16,,,,,,
MEC,2024-11-08,0.0018713568079399678,1.125792706359924,0.025813816984771178,0.030079034994705652,-0.08987939677228933,
MEG,2020-07-29,,,,,,
MEG,2023-03-07,0.0012331064259576056,1.6804814372970673,0.013173107071257652,-0.11660872084825001,-0.27240512430110175,-0.17383412865937115
METC,2017-08-21,,,,,,
MFA,2015-11-10,-0.00025089252717122774,0.5249068226485573,0.031039582253211403,0.024632062288001938,0.05095127842768279,0.055227369030455616
MFA,2022-09-16,-0.0010657231005719036,0.9386559200456525,0.032274811556864645,-0.027779267947601254,0.05121382295824893,0.18651740455128224
MG,2019-06-05,-0.0016005579091914403,0.5675368315813504,-0.03471207780102628,-0.04344903684172818,0.07348459905702959,0.13994302024222074
MGEE,2018-03-15,-0.0005697328991794802,0.6083369553186058,0.018465011997188675,0.047017145269796036,0.09170659975209089,0.04538440779570794
MGEE,2018-06-07,-0.0007473521552721102,0.4749256179075286,-0.003397931265084244,0.03391708903340169,0.13834275999036813,0.17720725489605435
MGEE,2019-03-27,0.000749596620116276,0.22823394134978642,0.00597538819624106,-0.011072494626991178,-0.023339346578169603,-0.0010000468706444915
MGEE,2020-09-11,-0.0005534161996842197,1.1741823052977176,0.003944520104769136,-0.0172401729374118,0.06184919246202113,0.04584130172418613
MGEE,2022-03-15,0.0002175807149777109,0.48361043732546594,-0.0049701867688240736,-0.028222745154857495,0.02085383633106558,0.04669963761327463
MGM,2020-04-10,-0.0005293200179798596,1.3769281330284,0.01027070374652132,-0.08101845749602364,0.15789523265759578,0.04895035284766849
MGM,2024-08-06,-0.0014882345572809347,1.435615504601408,0.06775238660550797,0.056680359420646066,0.013895289020880157,0.12505056489529764
MGPI,2017-08-31,0.0012487607339973462,1.0490041841148214,-0.01648700592198219,0.023209406254984077,-0.007508627922554009,0.10171171399508754
MGPI,2020-03-19,-0.004004610153843361,1.4254200747229206,0.1158390681318273,0.02468815961626432,0.3948598950876718,0.35955281228146624
MGPI,2021-12-03,0.0012202514389756556,0.8902791707445011,-0.009504762679916387,-0.05388382240130645,-0.06035668551099095,-0.044572392845919205
MIDD,2020-03-26,-0.0012122609271455844,0.9520786328078125,0.020284490919813183,-0.06559088624966883,0.05594245452156274,0.269598823012269
MIDD,2022-05-25,-0.0008276406912418961,1.0515710699642753,0.014536792708317536,0.015994418625845563,-0.05023312249964011,0.0851795578500589
MIRM,2019-07-24,,,,,,
MIRM,2024-03-18,0.0005261722609914297,0.45640070534328914,0.0038341102879207653,-0.03397376045773467,-0.06644643169999032,-0.03398284359571881
MKL,2022-05-12,0.0005067764601254802,0.8329104827375579,0.012720849771777629,0.05806699311698292,0.00503576160643901,-0.15711600343358645
MKL,2023-02-17,0.0007686019100109998,0.6398512580048175,0.02436671808453493,0.014701322747920853,-0.04729930103161223,-0.021880988081137333
MKL,2023-05-25,-9.258748223321798e-05,0.6597062619954756,-0.006372507322445374,0.007027586227720197,0.006287392934805274,0.06837223259550612
MKL,2023-11-13,0.0003969511738577537,0.6007431125162587,0.011685793813963834,0.030462789590366954,-0.0162201535567173,-0.03500330004515073
MKL,2024-02-06,-0.0001845251134797705,0.5357239413108088,0.013553895257742789,0.01597720500587565,0.04148183542592372,0.10679767885774463
MLI,2018-11-20,-0.0014004944998532573,0.9075878401080768,0.005009604093550184,-0.017308764930388274,0.08226303365559981,0.38245718903832443
MLKN,2023-07-20,-0.0030097867004849534,1.3918287839083008,0.03981194924757375,0.101528143969563,0.18754409439822892,0.6260467743746059
MLYS,2023-02-16,,,,,,
MMS,2022-06-15,-0.0008557848362991581,0.7352164199450031,0.04894845838726752,0.06711641105845183,0.10949237741080636,0.06396955780452195
MMS,2024-12-18,-0.0003219875215657738,0.7817006069738149,0.05272757606605286,0.04830987252135987,,
MNPR,2019-12-20,,,,,,
MNR,2015-03-18,,,,,,
MNR,2015-05-18,,,,,,
MNR,2015-09-17,,,,,,
MNR,2016-03-16,,,,,,
MNR,2016-07-18,,,,,,
MNR,2016-09-19,,,,,,
MNR,2016-12-19,,,,,,
MNR,2017-03-27,,,,,,
MNR,2017-08-16,,,,,,
MNR,2017-12-19,,,,,,
MNR,2018-03-19,,,,,,
MNR,2018-06-28,,,,,,
MNR,2018-10-16,,,,,,
MNR,2018-12-21,,,,,,
MNR,2019-03-18,,,,,,
MNR,2019-07-16,,,,,,
MNR,2019-10-16,,,,,,
MNR,2019-12-18,,,,,,
MNR,2020-03-30,,,,,,
MNR,2020-09-17,,,,,,
MNR,2020-12-17,,,,,,
MNRO,2017-08-09,-0.0014217580494789938,1.0071049723530276,0.0015040507306565472,-0.03555533577990049,0.11066941371925855,0.08920466418234939
MOD,2019-11-21,-0.0015661430933810957,1.2400040178128438,0.10346711023234892,0.09795354597575433,0.10783186710543327,0.2751945678675794
MODG,2022-12-05,-0.00042124336479280644,1.429242948509297,0.040660520680051083,0.02929229344229507,0.10092889955262145,0.1031056656768353
MODG,2023-06-08,9.322782920327095e-05,1.1471487966364113,-0.006433096327470664,-0.03316597804223769,-0.07416791816904471,-0.2061000176434013
MODG,2023-11-27,-0.0023813974839934885,1.0583448459536309,0.050404601251090905,0.12555056373096418,0.25854132821174375,0.2593809945370316
MOFG,2018-02-27,-0.0008327682463642821,0.9304302846733663,0.018293488227756914,0.04537362955203151,0.09868407741872741,0.12089459990207055
MOFG,2020-03-16,-0.0002905712456995129,1.133074085533511,0.04416347511025349,0.02882348226434232,-0.06512548720917415,-0.11017715896363797
MOFG,2023-05-25,-0.0012059570405355876,0.7559111108173424,-0.013215723779122175,0.0163661940724041,0.08243344735510821,0.12528475178828383
MOFG,2024-09-30,0.0005562487105608499,1.0329015689661583,-0.003732586792997983,-0.011750596457138683,0.14362994998670606,0.009781178867983518
MOS,2016-03-16,-0.0027558933435822513,1.1260960821362298,0.037932786389549555,-0.011995442073750261,0.05990570111314019,0.09172269394344322
MOS,2017-05-08,4.82980290564688e-05,1.528228681697786,0.0032750714411321946,-0.0032382390551114436,-0.07260804748623938,-0.09355472276665228
MOS,2019-05-10,1.68795253718586e-05,1.2311214570444176,-0.006131790396517101,-0.03255763507173978,-0.03919300525732417,-0.06940089913581249
MOS,2020-03-17,-0.0023602368999905083,1.500544094956396,-0.30353827597774696,0.13100672510729167,0.041639822972302294,0.15468149565056116
MPB,2015-12-18,0.00031634032758010337,0.03637528394426311,-0.005160670535661924,-0.011956893585896257,-0.05019513210176958,-0.08407584630345454
MPB,2016-02-29,0.00042076106863096275,-0.03142611271564744,0.013029293295075784,0.018803342746833387,0.00014939790402625913,0.0489157940063587
MPB,2016-08-18,9.485610020315472e-05,0.015792411058788848,0.0003494555214899395,0.027646580403382005,0.07374618365636013,0.10714495072400369
MPB,2017-05-11,0.0029333497552252712,-0.16888637612968155,-0.004457107413298083,-0.03623398977625531,-0.12340074469661569,-0.16375938603893567
MPB,2017-10-02,0.0018796431763313543,-0.08005869402237434,-0.0031005642158936624,-0.02044738391867832,-0.05893299633419731,0.020781251413214796
MPB,2018-01-02,0.0013437156753621554,-0.032143116649625963,0.018927487062767433,0.021332860787786682,-0.044827007705095234,-0.09857056909589125
MPB,2018-04-02,0.0004186226739383363,0.6952129369115801,0.009948054472529647,0.035354522768553345,0.07046502409979483,0.06650903458143528
MPB,2018-11-21,-0.00043112782215127973,0.418402638496568,0.007268491221372507,-0.00522002687220141,-0.06213929033910003,-0.09198915561232202
MPB,2019-04-01,-0.0013261513261848645,0.3999406877085086,-0.012839220101528104,0.0033832142123556945,0.08969188083676947,0.07069374257173444
MPB,2019-07-02,-0.001267001440495149,0.5319708394639312,-0.002711016688409762,0.013652885959962044,-0.027530760080312616,0.10182800153413805
MPB,2019-10-01,-0.0006060333837969764,0.6068973794710846,-0.008330914368505287,-0.06221974700297697,0.07090649206687707,0.11012394803692276
MPB,2020-05-15,0.0003906755539260412,1.6915324477830433,0.10973460125926367,0.07637407579835323,-0.06042165913917614,-0.07423369632767769
MPB,2020-07-22,-0.0006626661290204323,1.6621690325505483,-0.0035792870015390506,0.07400595943635056,-0.03094051548043644,0.091749239754217
MPB,2020-10-09,-0.0011778536034259663,1.6446576560929387,-0.004464855189543447,0.05755600348636939,0.12377611618314498,0.19264191806741085
MPB,2021-01-05,-0.0007977158356857735,1.5391500165245344,0.0757690294691368,0.07625701419771125,0.031907848507237865,0.1505301788960701
MPB,2021-05-03,0.0004211648771181188,1.0921895113748559,0.005187325929457461,0.03676192238984388,0.049644461954250554,-0.09954988991763632
MPB,2021-10-01,0.0013069342622098667,0.7071467639845895,0.004640721391485438,0.004743896051348362,-0.005716562165327064,0.007751868153752761
MPB,2022-03-03,0.0005675833341251332,0.4437602144163063,-0.023162360548215848,-0.012043634932844152,-0.0613890311358357,-0.0008910107863484545
MPB,2022-05-20,-0.00035153617540236413,0.612556583965863,0.036411011188527284,0.059637712967159,0.08276212705965387,0.1702936540426844
MPB,2022-10-03,0.0006710266238796774,0.5671142270431787,0.013943214325459877,0.02702348022685595,0.07785810877861057,-0.014986220400389093
MPB,2023-01-03,0.0008356150743072045,0.545439772134838,-0.00047595464666118185,-0.000557192497275847,-0.017611809654695797,-0.22874645694037532
MPB,2023-04-03,0.0011460379370095354,0.5153474367433115,-0.03781475932183569,-0.03644941444905498,-0.2725669731561759,-0.17956069327239652
MPB,2023-07-05,-0.001140813453009688,0.6625467896196383,-0.017603905562306676,-0.00094283147219073,-0.012288251360956378,-0.016463859864526746
MPB,2023-10-02,-0.001686734317110717,0.7327111691611059,0.01198530171151567,0.018379727611942752,0.022814786069754053,0.2504946999867787
MPB,2024-01-03,-0.0020495181614359355,1.1075726405625503,-0.0014997728806727777,-0.009945752424636961,-0.07559010574956693,-0.15463341113882803
MPB,2024-04-01,-0.001658193196753022,1.3909157155134857,0.0006101196718919701,0.02100833216164783,0.14726558392630018,0.08018369389851879
MPB,2024-07-02,-0.0006045537351322528,0.9386804655916856,-0.013542968318228727,-0.00904893696050248,0.22085034489364833,0.311940135166773
MPB,2024-10-02,0.0005363459975549525,1.016748761562066,-0.002046434925601982,-0.014757895389284278,0.060953387930636,-0.06899419213683462
MPLX,2015-09-14,-0.0002003144901090346,0.6444624169905349,-0.031225956309987542,-0.025596892077760138,-0.2789904529072171,-0.32085056291261305
MPLX,2019-08-13,-0.0006233932431830959,0.9238313700474744,-0.0038629706887032753,0.026502125738587158,0.06999381568808025,-0.06294177655421591
MRCY,2023-08-22,-0.0018299034834125061,1.0040790692796844,0.039718737466361356,0.046606953499676536,0.045695996708303134,0.018102719418931656
MRCY,2024-02-13,-0.002279943787624861,1.0881223191477494,0.03199025198902604,-0.02852481853575498,-0.008074618977032579,0.06947960213129709
MRVI,2020-11-30,,,,,,
MRVL,2018-12-28,-0.0014573993360348617,1.364166485429234,0.024046360278174223,0.032051403882389945,0.1269076781920182,0.1638354669431819
MSBI,2017-08-16,0.0013763536206607145,0.8618325022781882,-0.025102826372542568,-0.014805532333753153,-0.008277647635116618,-0.10366582077901931
MSBI,2018-12-17,-0.0006429843567785423,0.576482336358855,-0.011911685522064447,-0.01851752431831317,0.09523510311313436,0.13404081591441766
MSBI,2020-05-13,-0.0010386722060184252,1.1337065543058598,-0.013223337043351822,0.013657197281524938,0.02401009203332583,0.004534139880213117
MSBI,2023-03-21,-8.69083925127884e-05,0.6257280962399147,0.0011074361647972417,-0.0007281059293548543,-0.13554611790852023,-0.04221784862247354
MTCH,2015-11-23,0.0004750081260465812,0.9300838248372877,-0.0661727262780025,-0.07291997775614782,-0.06009639208061568,-0.31433052218976426
MTDR,2018-12-17,0.000419017059785683,1.2819245766230007,-0.02553298304274171,-0.07883602242611942,0.06766794787267641,-0.0315192249543607
MTDR,2019-06-11,-0.0014296667232581548,1.91646627169917,-0.010988993765911656,0.04999644394903526,0.037576208268131364,-0.024361372177389012
MTDR,2019-08-19,-0.002211724841905904,1.9423999299794354,0.03431100956658196,0.0071074786641374225,0.11334224269145952,0.02979806531250694
MTDR,2019-12-04,-0.0031728184004193314,2.0278573630077172,0.0353332932933936,0.08614066102658803,0.1690363774743646,-0.07330943979866092
MTDR,2020-09-09,0.0006782693846377077,2.339985274684411,-0.06729429051757294,0.0010212394800958313,-0.11124242214651675,0.028495908435395696
MTDR,2020-11-18,0.0009659820031025568,2.3297420832319995,0.05260113639739436,0.22780244036357417,0.25960697722962855,0.6013773095582825
MTDR,2021-12-16,0.004812420048682976,1.3529634174601382,-0.0018163768872625132,-0.02117260335971182,0.122551048251652,0.18132814227034444
MTDR,2023-03-20,0.0015795881088899056,1.1869283537077266,0.06757030726925098,0.049594912050026196,-0.06259229388989576,-0.06745405345067643
MTDR,2023-12-14,0.00021847913688199624,1.286056063383106,0.033947780117592724,0.049563838013225524,-0.01763324044697984,0.07395728538680495
MTDR,2024-08-20,-0.0008380647630331447,0.7441045452010887,-0.019803667302803293,0.004592613412051184,-0.09137012323575769,0.03206395518944642
MTDR,2024-12-17,-0.0008212008967343752,0.7300995298815209,-0.02289670721210313,-0.02659710158449769,,
MTW,2022-09-01,-0.0024970575866452177,1.3814917132012636,0.002755687801962479,0.0027455354983861695,0.03836020544602037,0.13432083685592405
MUR,2020-03-19,-0.001743487513649623,1.1250678504115599,0.2289787681155839,0.2520231042652265,0.7615885286043039,1.1543557810421021
MUSA,2017-03-01,-0.0006740082158673337,0.7799983391769062,0.03153235218234354,0.05167778352584991,0.1774341755667365,0.10332247076298855
MVBF,2016-08-17,-0.000828773563983328,-0.0353261062906206,0.001803278067604338,-0.024478689459265155,0.012766654114097466,-0.019176161253661853
MVBF,2019-05-30,-0.00037803057923062496,0.5372078979263463,-0.0021206941149838135,-0.00645595508874115,0.022166959840882714,0.07440477842864085
MYE,2015-09-14,-0.0010828469003154274,1.2546497727024652,0.03857484764858981,0.07075156363197901,0.0881947798527368,0.14476020326898095
MYE,2018-05-30,0.001286965934293228,0.9820500725280982,-0.007026630929674038,0.02003017075204578,-0.12157554074889226,0.015396641285428832
MYE,2020-05-12,-0.0011047063620030528,1.1880356087398343,-0.0075469348383730255,0.038271769238529235,0.10130003823236661,0.1968025617455581
MYE,2020-11-23,-0.00015223288490818173,1.306307304228319,-0.009006772175967369,-0.06016379287124647,0.15568862908057376,0.128033691640293
MYE,2021-03-18,0.0011383266792023444,1.2883201601269358,0.05256744926895997,-0.03158477691187038,0.022444458518290238,-0.10656591517113514
MYE,2021-08-27,0.0006235466804439873,0.9822261009283486,0.0031533935542392474,-0.01262928058744419,-0.08895826860702802,-0.16277591004776565
MYE,2022-03-18,-0.0012396218205839192,0.9858167086961158,0.025100573887853365,0.03201904487060011,0.178860194905829,0.39350675447828914
MYE,2023-03-14,0.001492832192289381,0.7970060826896777,0.003085310782701101,0.0119629090619974,-0.12700371917218575,-0.12643617496864026
MYE,2024-12-10,-0.0022509008595885368,0.8916637455639475,0.03351051649686296,0.031830963418641986,,
NATR,2016-05-31,-0.0007855058366583911,0.8384380137883596,0.15643267382632514,0.14927161340193248,0.22674170675392236,0.4583962795316604
NAUT,2021-08-26,5.702497765927621e-05,0.9739953673265056,0.01914792147803545,0.007374607942713184,-0.29818827035604595,-0.4736650062537781
NAVI,2020-05-15,-0.0019500010852760768,1.254151343475922,0.03365845067757243,-0.00409405404063078,0.07699557225616349,0.2645456036728779
NBBK,2024-01-17,,,,,,
NBBK,2024-03-22,,,,,,
NBBK,2024-08-27,,,,,,
NC,2015-12-30,-0.0014295742846313169,1.0421506393001405,-0.016237701560271087,0.05846710622305509,0.226920729431662,0.3653236314590678
NC,2020-11-13,-0.004319320826182395,1.1037995319140732,0.08250994608687756,0.1522872783180173,0.28866938571053286,0.37035252024980864
NC,2021-01-26,-0.002072096671149567,1.1228764442317662,0.05106749966325866,0.10718129696955944,0.006154183419211795,0.06050376869151525
NCNO,2020-07-16,,,,,,
NECB,2021-09-14,0.001975675499860762,0.28942871837531264,-0.0009694922968362715,0.014650250651065386,-0.04965995833113708,-0.12115017483480961
NECB,2022-05-24,-0.00034071980391858455,0.21381583553664466,0.008589953505331824,0.0007906229721874134,0.09751685024193373,0.17944318287017494
NEE,2022-02-01,-9.828395397330496e-06,0.6321363690476453,-0.015310612319012214,-0.03585454305932548,0.08378820068153411,-0.020238897687980848
NEE,2023-03-02,0.0008189081405367181,0.7341636735654307,0.03680340510314418,0.05578390140328398,0.050898806547520964,-0.03250644195456211
NEOG,2022-08-17,-0.001945115957322919,0.8240531229969092,-0.030387732761737316,-0.025677229838687754,-0.19986421958898443,-0.10975544887229029
NEOG,2023-11-03,0.0010083927501001446,1.3361222536677761,0.00733093315269719,-0.05803225618547486,0.09079469465858099,-0.22909020512565098
NEOG,2024-04-17,-0.0007129780009367583,1.160786431118369,-0.008258488063098136,0.018496619748865024,0.06623256534252094,0.2535090795731539
NEWT,2023-03-23,-0.000464909903511501,0.8497727898780525,0.02691910878245716,0.053324319295306545,-0.05015690324471252,0.30908361899311443
NEWT,2023-09-15,-0.0006039678971618468,1.1480672333583024,-0.024855816175327422,-0.06829433166732678,0.01129122565726614,-0.16069370461675736
NEWT,2024-05-24,-0.0010021599586725655,1.1855562212225597,0.014694633991219822,0.0441314760044859,-0.023126504341884492,-0.024244035295478972
NEWT,2024-09-24,-0.0014373308709539861,1.0567674008257968,0.014143165324012823,0.04294807038708468,0.15725495697533626,0.15501650588594618
NEWT,2024-12-23,-0.0008686464198362549,1.1840150223860424,0.020487620791775685,0.036161639978136706,,
NFBK,2020-05-14,-0.0008630346845559375,0.9524034628194995,-0.012000856793200416,0.045535276172523786,0.07916621944813412,-0.04164363088092626
NFBK,2020-08-24,-0.0019014925683070538,1.0785275056521442,-0.0014353326130617256,-0.015736034689838217,0.11526586439803937,0.24882802243984786
NFBK,2024-06-14,-0.0015637502297288532,1.1561952457518587,0.014403695610083825,0.05908667746344447,0.5216383987404695,0.44844392297303287
NFE,2019-04-02,,,,,,
NFE,2019-06-03,,,,,,
NFJ,2017-12-22,8.543582271527522e-06,0.7376875933053184,-0.01071107071424389,-0.015881884237579177,-0.014019761082945167,-0.01261107558219213
NGL,2015-12-07,-0.0014146384029864053,0.7633042566736846,-0.21638301853245123,-0.35026076056901706,-0.052206522574647,0.06071946648260777
NGNE,2024-11-27,0.005647563620611146,1.5206454855660543,-0.07029621471226846,-0.24352315418860143,,
NGVC,2016-06-06,-0.001972630721578725,0.50540867729454,0.03262343689990308,0.00028548722211162517,0.05303859911085644,0.02574813784799801
NGVC,2017-08-14,-0.00196159295600813,0.7516132101323335,-0.06444783745632399,-0.017540081016478228,-0.07014547557079771,-0.12220023257690868
NHI,2015-06-11,0.000437563167929032,0.5605503253481054,0.007990881617580683,0.017014762991179225,0.0018526597574840672,-0.13264247322219608
NHI,2015-08-31,3.990822293071221e-05,0.585227816126007,-0.02163679257502418,-0.026027828876370628,0.054696860637206184,0.03154709313028925
NHI,2018-02-27,-0.0003718429882160016,0.3229119453824226,-0.013648271942085982,0.02378217567483375,0.06608402484584977,0.12131703868779581
NHI,2020-03-25,0.0005021634890061939,0.19145947938851315,0.22490786174637323,0.021302898746538845,0.17979496125151728,0.3859614306735595
NHI,2021-10-01,-0.0011614555565800078,0.9109445720728913,0.012964119331428115,-0.02982955545615917,0.016818124207193856,0.05121405882684332
NIC,2023-04-24,-0.000650422504243194,0.6964412605325841,0.0067121676832775645,0.0002968604640952897,0.23941201699168424,0.31679930290112845
NLCP,2022-12-05,-0.0018816915818808339,0.3357969062555639,-0.010981749901543176,-0.012525209031659185,0.07517075465787364,0.10416525307811839
NLCP,2023-06-07,-0.0016394938985663451,0.5072097844423856,0.00036435606595061273,-0.039147725537717185,0.19358446864586712,0.25570100509640536
NLCP,2024-04-01,0.0011337991362542275,0.5520306013324551,0.0025105069133592086,-0.08422942995050499,0.04552234321567668,-0.030131582486849134
NLY,2017-09-01,0.0006549555151851187,0.40002286059372255,-0.01263577833420842,-0.013072015115814996,-0.02904186667190876,-0.0968038050461179
NLY,2017-12-01,0.0013087191389502268,0.24396808910846984,0.025425864181148363,0.012258427525714596,-0.0684458348411572,-0.20097001416287033
NLY,2019-05-20,0.00029995250832147116,0.21083835084143623,-0.007470912003835831,-0.03428071916879738,-0.023103911615617076,-0.039194518902652936
NLY,2020-05-15,-0.001946343156141112,0.9748855641379123,0.016606426943750086,0.045667448645193794,0.13452902279209952,0.2565972565570454
NMIH,2015-12-10,-0.0005496291946336395,0.5833788836146557,0.012801178846298262,-0.003322749641912417,-0.26803977797829964,-0.2567339852969382
NMIH,2016-05-26,-0.0019400851365370215,0.9618868877650887,0.030433407720757692,0.004171686840033187,-0.02096049292920304,0.29486783470628336
NMRA,2023-09-29,,,,,,
NPCE,2021-04-23,,,,,,
NPK,2015-03-18,,,,,,
NPO,2016-05-17,-4.3276371264758754e-05,1.266237730628585,0.010493028626186403,0.02765764240835189,-0.07706042844503404,0.027738903744454306
NREF,2020-04-10,,,,,,
NREF,2022-10-11,0.0008117410184866755,0.47771284387689544,0.045477109152929816,0.07066780176007213,0.1936439483387473,0.07912529752275153
NREF,2023-01-11,0.0005708734087025508,0.6695303657767709,0.03353014312052819,0.07487804180327966,0.07063683066378484,-0.12298037988553939
NRG,2015-12-10,-0.003163266126867426,1.1173183135850455,-0.014004108828071881,-0.07571015000788933,0.12560160698629044,0.45317839055570996
NRG,2022-12-16,0.0012775916862381397,0.7150734339518009,0.0026138051588117488,0.004009723686798634,0.016081686034857913,-0.08189317931178344
NRIM,2015-06-16,-0.000154776300878026,0.6829052608878208,-0.05035968187620915,-0.006078432650451406,-0.03809819290776983,0.114973744312969
NRIM,2015-09-10,1.345553601276059e-05,0.6593735374446685,-0.0008260470743334039,-0.018376359565658543,-0.01704417733712207,-0.03399336056499657
NRIM,2016-06-16,0.0003534853182299429,0.3763211525350452,-0.04078284150051226,0.009408911426831094,0.0626560060994546,-0.042612664373284904
NRIM,2016-08-22,0.0002314051033086222,0.4986527493606291,0.007971750217304514,0.006877354336715987,0.00395435958714992,0.07491346062967809
NRIM,2017-09-15,-9.403840209681954e-05,1.1113087706043239,0.04851598571159788,0.11479665077111553,0.13035678523803407,0.11025740027365676
NRIM,2019-05-31,-0.000676757604092452,0.6789776676807073,0.00021246379927242903,-0.02338772335763764,0.03802623352636196,0.1046923972023235
NRIM,2020-06-12,-0.0013029575654551627,1.3812233599353314,0.044970688051337755,-0.014275612986688125,-0.04740995583575045,0.21391144673457235
NRIM,2021-06-09,0.0015187964463075458,1.0052266639790692,-0.028580842545065176,-0.010662502786587074,-0.1663495561118064,-0.21271472124542457
NRIM,2021-08-25,0.001519900485975238,1.0025100602672565,-0.005972946234088994,0.01792537235535007,0.07014370127371106,-0.016808533109070413
NRIM,2022-03-16,-0.0005438099938907406,0.8999220213864622,-0.025882715419935073,-0.024912216838789008,-0.07456841178945556,0.015332883872809594
NRIM,2022-06-02,-7.184187262145689e-06,0.6393068504373677,0.044781658899491,0.03322437893764736,0.04079424371844677,0.001759444186343274
NRIM,2023-03-16,0.0010752599228544314,0.43237163058108447,-0.0027993645598183535,-0.010113993392671602,-0.31605380779618897,-0.18588213819157587
NRIM,2023-05-31,0.0005528131269128061,0.42607803915389864,0.029152043375494225,0.0916564816113703,0.06125314728274666,0.08856377443030129
NSA,2016-12-05,0.0010480644352926164,0.5866987238506591,0.03527941814012357,0.0901124446559052,0.05455959906207071,0.11773969281795085
NSA,2020-03-19,0.0009539174490097821,0.29173369768837093,0.06635548122773846,0.08969793151760996,0.11741375397137362,0.24945010263238507
NSA,2022-11-08,-0.0007238730687353305,0.8962368106930905,0.012675541393466806,0.008736745843692637,-0.00911479223578846,0.12779448990167375
NSC,2024-06-17,-0.0003169461967377713,1.0033463488369525,-0.0006454896400181951,-0.03453545637076777,0.12597251449826102,0.14659463031905534
NSC,2024-12-16,-0.00016592204174915973,0.7647370647757253,-0.015033071359219632,-0.032331764821595485,,
NSIT,2023-02-23,0.0005967473287400871,0.684701549546524,0.02440885080893601,0.051345183015216705,0.06518060876298815,-0.05222909453854638
NTLA,2016-05-13,,,,,,
NTRS,2023-10-25,-0.0012240743522802726,1.3280525403907057,0.0596723719336791,0.06221247605930098,0.17435232530509254,0.14979646994992132
NTST,2020-08-18,,,,,,
NVST,2019-09-24,,,,,,
NVST,2023-11-20,-0.0019154393711368523,1.0137542064208525,0.019461195234565142,0.004203685242567779,0.023502659867056803,-0.014343805622961482
NWBI,2020-05-22,-0.0013662129023560671,0.8280938439596781,0.0375905191195458,0.006525254072956711,-0.018446715566674533,0.047546949557042945
NWBI,2021-06-03,0.000540527731826297,0.8909793983710455,0.007526215948300448,-0.009968198491039982,-0.07939085437105663,-0.14547576947884727
NWBI,2023-05-17,-0.00016737354386759572,0.6592995359055925,0.0348863348314467,0.02220681439397286,-0.03477044732295857,0.09345724583345752
NWL,2017-06-08,-0.0006588506494582518,1.2819316747097669,0.008102369700963697,0.0342730156738471,-0.0026226582507188163,-0.06012258261421759
NXRT,2015-04-28,,,,,,
NXRT,2015-06-30,,,,,,
NXRT,2016-10-05,0.001889354302233751,0.6705225278012127,-0.02642339976768597,-0.015580778553031159,0.0052344175054752995,0.07160781826841188
NXRT,2021-05-13,0.0009240066365969539,1.0270800270159426,0.004607891827872246,-0.002761731790870162,0.04766569294808829,0.057162564026135176
OBT,2021-08-19,0.0016265208480974642,0.16543019968064748,-0.004495359192175867,0.00196305373043525,0.004822854597475232,0.005055143584575135
OCFC,2022-05-18,-0.0007064547979257605,0.702492661322869,-0.0016390043928401939,0.01799911233390771,0.06896209145584445,0.11243397980576027
OCFC,2023-03-16,0.0007190619200114423,0.6450552794584199,-0.016657872847885294,-0.03819322855819915,-0.22417544266082146,-0.2150267058750969
OCFC,2023-05-16,3.109775099411189e-05,0.8116932944834483,0.07651731604348269,0.12323005236635466,0.14184700634699787,0.30223088165343487
ODC,2018-10-25,-0.0009294065777049665,0.9104288053013718,0.008473176995106616,0.027900098892738208,-0.03617721161671964,0.0033018870078559363
OFG,2015-12-16,-0.0019720530718891766,1.433398994047829,0.018955382892496528,0.1488618026485758,-0.05309586452922631,0.2599325260271577
OFG,2020-03-26,-0.0007393619078049253,1.3916782316009566,0.08737679154566302,-0.016218361682198094,-0.004352163620605143,-0.006564244401922603
OFG,2020-09-23,-0.0023302120177016686,1.464650280987931,0.02355631551981805,0.00743805281582881,0.1915079119061516,0.3588100354025013
OFIX,2021-11-22,-0.0008190814412589923,0.9508551907198839,0.029281211906473203,0.01932807854238354,0.049366668766224836,0.16621417232796243
OGE,2023-03-15,0.00038301159433776086,0.5646373446843215,0.01509611778359194,-0.009799884815273757,0.03623252520275894,-0.037615918995877226
OI,2016-03-02,-0.0025051689120402843,1.1752467313814239,0.041537963326984347,-0.01934324281348934,0.21746633948484878,0.3383892315968506
OII,2018-12-28,-0.0008612190963165208,1.171631331249909,0.00886628653161499,0.17432943381444949,0.1687687513552814,0.20105380857496935
OII,2022-09-30,-0.001161592416646088,0.7808751114602018,0.10589512743771907,0.15680657251095084,0.6014738041405011,0.840452911933099
OKE,2020-03-25,-1.2435608488165638e-05,0.8207426072894374,0.04197702057581316,-0.12573069429748426,0.25506113417823173,0.4048665834244606
OLMA,2020-11-23,,,,,,
OLN,2015-12-01,-0.001073973141528818,0.9604934646110257,-0.02402982730633543,-0.03760113510663924,-0.16775012150488974,-0.17692695293378097
OLN,2016-03-03,-0.0025398771765050873,1.0028809870181892,0.02005979102256658,-0.025436541796535952,0.21863680034901478,0.4851079624863958
OLN,2018-02-20,-0.00038757687599245126,1.8581964673523594,0.03842818654608853,-0.023936405810794238,-0.031691442188959085,0.04880185585014435
OLN,2018-11-21,-0.002273103870700084,1.0572096339463695,0.037051586291956026,0.061126297275612626,0.19160679194810468,0.38583177172977406
OLN,2019-08-27,-0.0016415090960527313,1.352526892888812,0.025483969899385374,0.0577182153667788,0.16079098563489508,0.1038470005600552
OLN,2020-08-24,-0.0011904706904917208,1.486077285733581,0.10396748932783915,0.11075470346327265,0.4464547248172672,0.8371605996726849
OMF,2016-03-02,-0.0019448797931198316,1.1290909148907282,0.09382189625810491,0.022960964343811237,0.16437747402056418,0.3351658465722731
OMF,2016-11-21,-0.0020711873615864474,2.243590810440406,-0.008698242077240069,-0.030415232923180366,0.13315519918439161,0.30876133892389623
ON,2016-02-16,-0.0006090957215320605,1.30264802987922,0.07211843662445111,0.09461495408988764,0.2090748239213609,0.19524867512066835
ONB,2015-05-27,,,,,,
ONB,2022-05-04,-0.000578989913002127,0.7347918359627794,0.005882365743076469,0.010020231849560912,0.026099253421068197,0.15316783921161845
ONB,2023-05-11,-0.00010893093825217298,0.7700807377980767,0.009187272131146318,0.06264331968340259,0.10506075256000574,0.30783516844289865
ONTF,2021-08-24,,,,,,
OOMA,2015-09-29,,,,,,
OPAL,2022-12-16,0.0006046196291293183,0.2867460133656584,0.06122374595109096,-0.01208995862234138,0.024526444253362735,0.07877670353952029
OPCH,2021-05-20,-0.00011393796188221555,1.2502456379273656,0.04492400909611474,0.04918650701920785,0.15557406047909317,0.11374449234739857
OPCH,2023-08-21,-0.00012741383656896877,0.847700012520645,0.017082182183657535,-0.010955326561676866,-0.03535359129835058,-0.16358927552708336
OPK,2015-06-11,0.0018973076394122944,0.6915855950383154,-0.03329130792162803,-0.059580044264808084,-0.0005113347521636114,-0.42978515343495877
OPK,2015-09-21,0.002334996298310076,0.926885124685248,-0.06807054125385784,-0.17152251539635216,-0.19024950758640194,-0.22813924614030473
OPK,2016-04-01,-0.0014261511514490168,1.369705014266266,-0.0010792327883938045,0.048141236594159385,-0.007601318615947789,-0.025292675424277357
OPK,2017-05-12,-0.0015473834248598665,1.3229453670068778,-0.03927082574139655,-0.050189842553111624,0.036105181328136504,-0.07596190827131127
ORC,2015-04-06,,,,,,
ORC,2017-03-07,0.0011333790076179981,0.5650827023927901,-0.037334866722198136,-0.0195181790329433,0.09937188996233834,0.0055942763332638284
ORGO,2019-09-16,0.01550639208132579,1.0677100873845642,-0.05832636793332199,0.002194870118988404,-0.2725715867341857,-1.1088149128102547
ORGO,2021-12-06,0.002115849761471787,1.8900346572438746,0.017610482124823967,-0.055694199241686206,-0.2556157155533727,-0.07545663309947175
ORI,2016-11-09,-0.00023278505014646993,0.8471758684619818,0.009987163409770964,0.02746990672056908,0.08805602328678672,0.1786233219252409
ORI,2020-05-07,-0.0010036048410506711,1.0924725168995877,0.07274962377295321,0.018222708742514096,0.10603750749448573,0.06717083410354249
ORI,2020-08-10,-0.0012225682135371344,1.171257294838142,0.027857907947941296,-0.027997659639114734,-0.07233255023367584,0.09341639298074753
ORI,2021-09-09,0.0012583709749204412,1.0084640098678068,0.0056069426964079905,-0.008787699737248258,0.006670055572968993,-0.059603742493748446
ORI,2022-03-21,0.0007361460954984248,0.9475667006389963,0.00390339351962876,-0.014176899481462911,-0.09859481343166494,-0.052378815502777815
ORN,2024-03-07,0.0028877073124186185,0.9455082918564776,0.15628967240623123,0.14353881071226163,0.054216250104670474,0.15616126798558605
ORN,2024-08-08,0.003990392169202507,1.1164732985370907,0.016625443112282198,-0.006582417547214968,-0.2067598803691052,-0.3520815739653626
ORRF,2018-11-26,-0.00011896441120579482,0.3218395437925434,-0.009396527758050045,-0.004900511070981945,-0.04338101974679873,-0.000820217924163813
ORRF,2020-03-17,7.02378210567663e-05,0.7539965143175663,-0.016063446772765944,0.00754670285966913,0.0888619152501542,-0.05310839046605426
ORRF,2020-10-28,-0.002102093494435885,1.2736844442715516,0.049082803917851206,0.007666939665428668,0.24663759367946653,0.3083325657948826
ORRF,2023-03-01,0.0003364165376704137,0.4314382394985822,-0.0001900714160454741,-0.020171808611867657,-0.18871490646954872,-0.24565507964648806
ORRF,2024-08-16,-8.888293524566303e-05,0.9819864463029139,0.035246857833136136,0.07215311553542456,0.0562885732625333,0.16432323556051676
OSBC,2017-03-13,0.0012969117340404083,1.1908000910920018,0.03322296888368092,-0.016524996857383102,0.04256115819166589,-0.05531439053471886
OSBC,2017-05-23,0.001426774790489239,1.0953431969890033,0.0007698026468566047,-0.01703285494339102,-0.0372700027942886,-0.11660852722668953
OSBC,2017-09-08,0.0008278169425604217,1.3307072341511754,-0.0003753325600461951,0.06087793121127028,0.19035396316025327,0.07896586483298794
OSBC,2018-12-18,0.00011807935729171327,0.7585563469155961,0.0049523933773859405,0.02301161774386111,0.04590834674694857,0.002253769665551554
OSBC,2021-09-07,0.000725957599032719,0.8841365089189506,0.018811564868642335,0.03118552428126816,0.09117274175006632,0.011940764728183404
OSCR,2021-09-17,,,,,,
OSPN,2021-08-23,1.652564498125198e-05,1.0681106475853728,0.05547980351477724,0.03739938421671527,0.07834018486087449,0.004655456818557686
OUST,2023-05-23,-0.00553636693646921,2.0385021230736373,-0.016302078488151565,0.12804248547746785,-0.09027499167782646,0.30409842496867096
OUST,2024-06-14,0.0018004853883873215,3.3182315626244505,0.0032643866277121333,-0.10226750887832381,0.2019554124778743,-0.6264673484227774
OUT,2016-09-15,-0.0002528267927159523,0.9906661130441787,0.04726109666301899,0.08464168312106221,0.02455718695259731,0.14069789012180806
OXY,2019-06-13,-0.0018212468968039153,1.0570247330590556,0.011269767201993516,0.03446821574059182,0.060448384902759056,0.014821855003926215
OXY,2019-08-26,-0.0018998515094714146,0.9722477539049006,-0.003580239030175382,-0.0010142295221378713,0.028443572524380612,-0.05024025863181892
OXY,2019-12-09,-0.0022024356585124607,0.9504781558431125,-0.008411711720254463,0.00258134328495406,0.12444655294941012,-0.14397491288874126
PAA,2020-03-18,-0.0019794146451287842,0.7471691179780822,0.11205188016057921,0.3989991418921287,0.788770717843421,0.9364051558941907
PACK,2021-04-05,0.0036835420262541947,0.8455525362407434,-0.003004849278697423,-0.044681995512808215,-0.12032563804707189,-0.06875808677226233
PACK,2022-08-23,-0.005579706248936023,1.8362632671899115,0.08305618764258549,0.057740185267325266,-0.1490035631445436,0.46741042664407534
PAGP,2016-02-16,-0.004056294245773541,0.8970459651307724,0.10637983584907691,0.13493321078516876,0.38150117158720187,0.6811824468632187
PAGP,2017-08-14,-0.0008874931281362006,1.1160760214039038,-0.022468097994824486,-0.052758813127768006,0.07331684026471913,0.04943279426517936
PAGP,2019-11-20,-0.00017371211959289068,0.8555588686073645,0.050638590711326203,0.034387340225503875,0.11808222022668738,-0.050377246349494254
PAGP,2020-03-18,-0.0021164016973329604,0.882419760330316,0.14679012408418643,0.4560080704714567,0.786553267307966,0.9127614500873666
PARR,2020-03-19,3.327894074936167e-05,0.7040970822516104,0.30803243044394524,0.30350647887738685,0.45524166031101654,0.452912363892048
PAY,2021-05-28,,,,,,
PAYC,2016-11-17,0.0005954450128972909,1.6055499445791535,0.007299937998409821,-0.027878652315361893,-0.003781327868762091,0.052137639862731816
PB,2020-03-24,-0.000550018399764671,1.1182966566171846,-0.0007347152228315695,-0.04568799681286766,0.05135040242111094,0.07322572270762123
PBB,2022-05-09,,,,,,
PBF,2020-10-01,-0.00387417386959581,2.394227498527026,0.06746212651910903,0.09914014726651363,0.12209428643228465,0.2863757502245568
PBH,2018-02-12,-0.00171236917913189,0.9992862783242449,-0.03795229640187022,0.006709070594446176,0.05239074646450676,-0.08917299486309721
PBI,2016-11-21,-0.0009038762448464191,1.41322124947052,0.004167028347817837,-0.021327261796762365,0.05729229567201929,-0.11152004273362644
PBI,2019-05-09,-0.0009370017820039713,1.2980491291204774,-0.04502874001606992,-0.08715579574889856,-0.26766699125921894,-0.3244402684771005
PCB,2022-03-01,0.001484937623810958,0.9422631161271978,-0.026918262508730483,-0.06668782574586418,-0.15917724265580244,-0.20866371876731388
PCB,2022-11-18,-4.5856228475554085e-05,0.46523964130142786,0.007214506785308321,-0.01157688286058905,-0.026327141659150843,-0.025552605747505116
PCB,2023-03-10,-0.00041106439749283036,0.5058275128706837,-0.09261951886194311,-0.14877457895457097,-0.21923264781621685,-0.039465917069910324
PCB,2024-01-30,-0.000595438637465772,0.9919587668144285,-0.029612492967920397,-0.08104395336087512,-0.1354620371517758,-0.11574222785922031
PCB,2024-12-02,-0.00012870610740382474,0.8657045712881708,0.0035267785884704438,0.0020875638869572817,,
PCRX,2024-08-19,-0.002779025659864437,0.35606792059741105,0.07666572774341104,0.12838764328473534,0.25629043120050166,0.4232718252899991
PCT,2022-03-22,-0.007197613153031718,2.1045489752623108,-0.10054290360712984,-0.03333106083440468,0.28906676623757355,0.8435243131897174
PCVX,2020-06-18,,,,,,
PDLB,2022-06-15,0.0003932910569274793,0.12533103638480234,0.0006426106584143613,0.005910254224269697,-0.00793948937255043,-0.002081270293798858
PDLB,2023-03-13,-0.0002260093852121045,0.13714889686488757,-0.059899885435205184,-0.05319942021710577,-0.12444956684821866,0.07194919750520652
PDM,2015-09-02,-0.00018020021034388824,0.5165510640116284,0.010985637754856375,0.0021753209469880033,0.10506645808168481,0.13556450872775253
PDM,2020-05-14,1.79122621983739e-05,1.3117470160688163,-0.033391835466738254,0.006759633511877123,0.0984963674431199,0.003098855778506681
PDM,2020-11-04,-0.002033490286783609,1.4348293075018999,-0.072217355091951,0.10818542556767491,0.25541245054926354,0.2147278160148065
PDM,2022-09-01,-0.0007752255730191489,0.7397513176471264,0.01638613992192285,0.03670586268734593,-0.06980893609686675,-0.0855648101322862
PDM,2023-03-21,-0.0015542682981655265,0.8970879851339436,0.003939093901830282,-0.03520270110994917,-0.10407253914015163,0.044334787274921475
PEBO,2023-05-09,4.9424881664108345e-05,0.5503217941193289,-0.038546607197511615,-0.049226825939186133,0.05557738257535226,0.10038268245684137
PENN,2015-12-01,0.001286154085828967,0.8632498079721866,-0.005129012943494472,-0.022879810465938892,-0.06852497189221009,-0.15010741946024878
PENN,2019-08-16,-0.0023938084269483294,1.4510019250059019,0.05338292562136849,0.0862177345108989,0.117862826735781,0.3243615225958203
PENN,2020-05-18,-0.00023074935358879218,1.7724990727668033,0.1810647086621957,0.36337566630779883,0.39701070506932623,0.7916761196043399
PENN,2024-09-12,-0.0016011330786533421,1.8609858969495645,0.10309226114063194,0.08761993766071892,0.05492160018001408,0.101342998531698
PEPG,2024-04-09,0.0017875768669708082,1.686860543054518,-0.02620460406330901,0.06249704056991884,0.055769155661618844,0.16118421837676636
PFIS,2015-05-22,,,,,,
PFIS,2016-02-29,-0.0002560167147618384,0.995059838743082,0.03853793689258322,0.03827510913469913,-0.009701485108852449,-0.023661479223260777
PFIS,2018-11-07,-0.00039130688977993523,0.6050368828148391,0.036199312224242275,0.07294047949330355,0.1622987609179453,0.09649179438411766
PFIS,2020-05-18,-0.0002170294257783051,1.3178141142230966,-0.03649714710882704,-0.001492439807304874,0.04211977728555156,-0.07049922561668659
PFIS,2022-09-19,0.0010730011001860863,0.4510504400912308,-0.00934548043143923,0.004246706503820049,0.0761067297567696,0.03931410734740696
PFIS,2023-10-19,-0.0014118766139692939,1.04061300629521,0.015351920230259074,0.020992765024470138,0.076382194899977,0.12744853070984452
PFIS,2024-08-08,-0.0009738715632663281,0.8645391723529999,-0.03837469228778413,-0.03839934100528409,0.05944573541048972,0.07411397063342068
PFS,2020-05-18,-0.0020994508534125894,1.2099866935991532,0.047845338699154125,0.11070738781313076,0.22626679360753527,0.19848509520137006
PFS,2020-09-11,-0.002462018237979796,1.355730258217227,0.046508250118060174,0.03244495738986183,0.10710885213050383,0.3489026895767392
PFS,2023-05-10,-0.0003017955360797332,0.7246793837751984,-0.010062497048817407,0.05576251187835027,0.06997333164587775,0.1705957302425771
PGC,2016-02-26,0.0004839970375051041,0.629447934053176,0.010419307574037393,0.011541303730897508,-0.026770227126182367,0.04910902042784554
PGC,2016-04-27,-0.0007961369556547048,0.5640022448871057,-0.03611430964614708,-0.06897215144940472,-0.003548598928954305,0.04806782288970572
PGC,2016-09-07,-0.0005516875415606837,0.8261448285083974,0.02077815756338955,0.05599346161689022,0.12986296101048206,0.363720169008962
PGC,2018-11-07,-0.0005862731079094407,0.7193814946052585,0.009481064235003493,0.01959565038263146,-0.012051738533350448,0.028078411876948123
PGC,2020-03-19,0.00010045780147025814,1.0105243461147693,0.07922598967373365,0.2782070716702709,0.24724484856192797,0.20040256161524309
PGC,2020-11-09,-0.002910382149545698,1.4387034534914276,0.20749605172052926,0.21308272748225437,0.28689291678959555,0.4764132686617196
PGC,2022-05-24,-9.583543331104012e-05,0.7188787362452843,0.02990841192134275,0.025433404198937675,-0.047321259739741856,0.09321737000417098
PGC,2023-03-29,0.0005871050941288126,0.7047927748288355,-0.03681358450138539,-0.06729691193214826,-0.2329176244781483,-0.17981965341310122
PGY,2024-04-09,0.00030545915170034836,3.1190431319810155,0.01354707529263622,-0.02646554092829502,-0.0024143261194406775,-0.012289532257584806
PHAT,2022-05-16,-0.0037802676951653956,1.2456803711794708,0.2269183990904076,0.11518191578245558,0.2895813686200774,0.46182040048547524
PHAT,2023-04-11,0.0010588118068286891,1.6645527359484114,0.08849516679948968,0.2101184693802813,0.4735948162179221,0.4112351769880509
PI,2020-03-17,0.0021434948033079047,1.5193121261945741,-0.12010581918524257,0.10229140947408674,0.19492494777393088,0.14802204104043504
PINE,2019-12-13,,,,,,
PINE,2020-03-16,,,,,,
PIPR,2020-03-20,-4.595333938363873e-06,1.1658777798777433,0.06499316994679533,0.20849252326936327,0.11995347964346306,0.2245927775094118
PJT,2015-12-21,,,,,,
PJT,2016-08-19,,,,,,
PJT,2017-03-22,0.00023566940180032493,1.3955072753115476,-0.02522738203140349,-0.032745805575680346,-0.016082715110737673,0.012614108464643285
PK,2020-03-13,-0.0018169554324999732,0.946279753836739,-0.16106958256024084,-0.08821335187492951,0.055213730239612756,0.6396909197218624
PKOH,2020-03-26,-0.0012326820759376018,1.386822051016696,0.15636048176059958,0.1140444522207444,-0.20198678992572663,-0.12441915914756947
PL,2021-12-23,,,,,,
PLAY,2022-10-18,0.002329414099370391,1.6465918566547841,0.02047382493567993,-0.01311271785123759,-0.08642558224911258,-0.038163025622875435
PLAY,2022-12-30,0.0018506559974354165,1.4925420715225501,0.01791051031474955,0.10898880879625504,0.06269439676601901,-0.1370022416954844
PLAY,2024-12-19,-0.002232176332691827,1.57404809216017,0.027284039180872716,0.08929628038469536,,
PLBC,2015-02-25,,,,,,
PLBC,2018-02-27,0.0013436579159995315,0.1209622800522886,-0.022023937387710225,-0.029948027010739058,-0.0635865035283545,0.0311317776486321
PLBC,2018-12-03,0.0010725203404207408,0.24208796510266642,0.034979909485427924,-0.027767644873980046,0.009078805227533855,-0.01850891467601726
PLBC,2019-11-01,-0.0009358641308612645,0.36390519811664795,-0.0029615909625736866,-0.0023893371543950844,0.1760110621897644,0.17679443917979457
PLNT,2020-03-16,0.0004280554442273774,0.8225764527089665,-0.32436113928625276,-0.12259918607546075,0.21266711733317242,0.28662312143515145
PLPC,2022-09-16,-5.4939170099713175e-05,0.602133523888953,-0.00335616703270353,-0.03544588917007001,0.03724468605306035,0.12222107810591215
PLSE,2017-09-26,0.006585426893597392,1.4716099371923925,-0.05937081913145249,-0.035919637302826726,0.07164073284157395,-0.2106126623781158
PLSE,2023-12-14,0.00412909684877801,1.3147783183433783,-0.03247214948918791,0.1804532915229787,-0.21755605315284587,-0.20592882713405078
PLYM,2017-06-14,,,,,,
PLYM,2017-12-08,,,,,,
PLYM,2018-03-22,,,,,,
PLYM,2018-12-21,-0.001011905012479607,0.20547596389339073,0.07326319355526785,0.09660012778357074,0.3469533548101247,0.41825290452576386
PM,2018-05-15,-0.0006138011818176333,0.5500257393061445,0.0032119247908031614,-0.007747369769851792,0.02788140883331745,0.0719237692258671
PMT,2020-03-30,0.0006051202962002833,0.4203193213614165,-0.04997537473601771,-0.33118969955344824,-0.1652419313902619,0.45257718119410273
PNFP,2020-06-12,-0.0012501388370213546,1.3154702961811602,0.05994435919728539,0.06533820526762926,-0.03585261306358622,-0.03892656975987862
PODD,2015-05-28,,,,,,
PODD,2016-12-12,-0.00011445728567830822,1.4913654348830807,-0.011713083926541818,0.02410684195720452,0.07745685140760271,0.11919768142628698
PODD,2017-05-18,0.0007385428864831094,1.931588323999965,0.012374647671210475,-0.0017278245904827913,0.15922061759667766,0.15799301283694495
PRAA,2023-06-06,0.00016631754379941205,0.46519312952990705,0.09642623682290569,0.11494342556591225,0.09519053898903462,-0.08904141444693146
PRCT,2021-09-21,,,,,,
PRG,2021-08-09,0.000562842504732645,0.8918374338678106,-0.006883486884094712,-0.0018162760629503553,-0.04484255293649722,-0.13284622891649378
PRG,2022-08-05,-0.002687440602358209,1.4640610802678378,0.07010546262066784,-0.0008086618725088677,0.1272931638730646,0.10038033276397167
PRGO,2018-11-14,-0.0012829428744470888,0.9523648968067842,-0.02958966385780104,-0.035799751258490956,-0.3436462478076511,-0.17009057622255364
PRGO,2021-12-20,2.993758562927698e-08,0.353939950502173,0.03633719979544475,0.039844285298339735,-0.0015673093266141448,0.049248936498296335
PRGO,2023-11-27,-0.00044335759316434443,0.4505062236877152,-0.012066384210738324,0.026413069840848034,0.08277886969665035,0.03239187109189298
PRGO,2024-03-07,-0.0009336009992141464,0.7257072282069142,0.08532883017627134,0.10493397646124332,0.15502427027918786,0.04683696492321267
PRGS,2020-10-05,-0.0005689874622141056,0.8057202029112863,0.024981320405859424,0.02392633175085348,0.026243836446766367,0.11908586366642465
PRIM,2018-02-27,-0.0006092239630929917,1.3994414863175308,0.07736076846854001,0.11750064160742305,0.20425963999072477,0.13995912639249428
PRM,2021-11-10,,,,,,
PRME,2022-10-26,,,,,,
PRME,2024-02-20,-0.0036776761457135688,1.855115689944162,0.022345590895533868,0.10579769925652821,-0.3067859869450778,-0.04229556141034954
PRU,2017-03-07,0.0008872596997446287,1.6153969225531482,-4.003953100253487e-05,-0.006087930724282744,-0.0747288158515845,-0.1360680963287553
PRU,2019-09-10,3.582527383602549e-05,1.1561334498668379,0.03689630081545072,0.037460534396356854,0.07224264737461113,0.03128520329166257
PSN,2020-03-17,,,,,,
PSN,2021-12-20,-0.0004170161648847639,0.7295712453329344,0.05350845144254225,0.07850715409363762,0.030070680015231843,0.2643041134874157
PTGX,2016-08-18,,,,,,
PTGX,2019-12-03,0.0033836672128506116,0.6993392716776563,0.252762023972337,0.16289897464036582,-0.003419326036871775,0.05220719092966451
PTON,2019-10-02,,,,,,
PVH,2022-09-07,-0.0015714863441266636,1.5209231665471152,0.03968730898984875,0.027847199447760353,0.03065789816098663,0.3695223981975311
PX,2024-03-28,-0.001094335534938763,0.9000207423704681,0.011075012383416908,0.017065356367010447,0.021464922062791984,0.02542615382576526
PYPL,2021-12-06,-0.001015646658006249,1.6685361076529304,-0.013864386699947832,-0.027315265849082657,-0.021550726426022338,-0.4214362484426045
PYPL,2022-02-22,-0.0027122934830619374,1.5669667260034459,0.0216582724328184,0.06179034902417341,0.16159367887041073,0.060230579532124906
QCRH,2015-05-15,,,,,,
QCRH,2018-12-14,-0.000763355535385524,0.46719488001223286,0.01903194207584169,-0.0052469051504138615,0.0505550359640073,0.05492705812537243
QCRH,2022-11-07,9.626298362672463e-05,0.6162976284106481,0.032814484973687594,0.014861898919530589,-0.024688133692873402,0.03636570910180009
QCRH,2023-03-21,4.7125646275909606e-05,0.6478899183193633,0.0024600584412748094,0.006406994116950137,-0.17510897103396872,-0.060809063223146415
QDEL,2020-09-04,0.006890939737247856,0.5690917902194665,-0.03290702306928204,-0.020328095470741072,0.3017704880106468,-0.18311298063514828
QNST,2023-05-19,0.0016570263015570758,0.9316676131502922,0.0743782426392393,0.0709938357544805,-0.10853990516895572,0.05382700854386095
QSR,2015-11-25,,,,,,
RAMP,2022-09-26,-0.00287520507265614,1.4996917033285342,0.05003061137452386,0.030062882706492725,-0.09746313503109558,0.32086504278279976
RAPT,2019-11-15,,,,,,
RAPT,2022-05-27,0.0024634874941011943,1.8908417584308328,0.0553046572921159,0.10499221678650986,0.5059462442284828,0.6631004869258221
RBA,2023-05-18,-0.00012719153371253868,0.5643637768444579,0.07363139465942017,0.05278447407344876,0.12405249419496533,0.07485461034628504
RBA,2023-08-29,-0.000576034947232438,0.6766423448539025,0.002461385639441763,0.07319326881132501,0.13671233440496883,0.05380890150103798
RBB,2017-07-26,,,,,,
RBB,2020-05-15,-0.0010011850539341568,1.1559133686104337,0.06202685659011893,0.07250920145060079,0.14529608447983838,0.08459799751787807
RBB,2021-04-21,0.0013062988415433441,1.1774321606563536,-0.005315585128425492,0.009407337878773275,0.18862281300520528,0.0677298440937002
RBB,2023-11-09,-0.0028124899260793127,1.263137474991758,-0.004111403570400175,0.11805669347368664,0.3851942962329956,0.2680015288405662
RC,2020-03-20,0.0005557776184699004,0.4646557982642557,-0.1296691673843729,0.46156444152457904,0.3829793992281328,0.7719943073560874
RC,2021-12-02,2.341786293109424e-05,1.2372569521350183,0.03223841950092514,0.03076475686567868,0.005037770667814764,0.06810687817826067
RCKY,2022-08-15,-0.0005148929694517751,1.2175565284624403,-0.0568349897646712,-0.08949308520249528,-0.15523176659461937,-0.10783525359450853
RCKY,2023-05-17,-0.0018369461349386706,1.3437710857713476,-0.03009395095052498,-0.013456588294911878,0.017431864438777273,-0.05253815462026869
RCUS,2018-03-19,,,,,,
RCUS,2019-06-28,-0.0007753139047278553,1.118841228980884,0.012839029995089199,0.08837910378538225,-0.028285041339871864,0.2078097743445488
RDN,2016-02-11,-0.0008031243263051916,0.7110500381611559,0.05538340638117179,0.00439198925829626,0.06892298503896371,0.12252396311806402
RDN,2018-05-02,1.2120404110697886e-05,0.9133696506350801,0.005571921552780545,0.012676829097482734,0.028884005714027113,0.12517275592702626
RDVT,2018-06-18,,,,,,
RDVT,2019-04-03,0.001789809397077132,-0.2656209907499361,0.0013592881628660958,-0.007241334181572915,0.2891286018180302,0.487717202231317
RDVT,2019-06-11,0.00021703720021355288,0.16516948448990051,-0.02614260964131186,-0.005475477086876262,0.12244179896491242,0.12334989988694778
RELY,2016-09-09,,,,,,
REPX,2021-09-15,0.008598307125931627,2.7702599885118495,0.0651741257701543,-0.018310261246501085,-0.15174527138372484,-0.8336857609936876
REVG,2018-06-27,-0.002293519571464445,0.6880741730971911,0.020448250691116457,0.02684653771653884,0.11961297423587235,0.09883388904089335
REVG,2021-06-22,0.0038560849789016833,1.109453978493155,0.04552839968298572,-0.028478696870068612,-0.18118503499107946,-0.15071234639016615
REXR,2015-09-14,0.00013396374874351884,0.6615639441744909,0.000921869833431177,0.041330430830178455,0.12926900094822405,0.1641665414358638
REYN,2020-11-19,,,,,,
REYN,2021-08-12,-0.0005509109083761393,0.32019359189820024,0.00850487513738219,0.006394191783058728,-0.04639426048588001,0.017271308083677165
REZI,2018-12-17,,,,,,
REZI,2019-03-18,,,,,,
REZI,2019-06-12,,,,,,
REZI,2019-11-14,-0.0023351871490102944,1.467488330335166,0.12040765486401624,0.0905652499456171,0.2841071614964835,0.15485211356739584
REZI,2020-06-10,-0.005107676277257774,1.0536857764388108,-0.06315382958066622,0.1611228312971349,0.4738884924191043,0.5615670502798616
REZI,2020-11-19,0.0016311003173635032,1.2177096677671897,0.08617559820388705,0.12689233557121954,0.21017361427679587,0.31920664248673236
RGC,2017-08-29,,,,,,
RGEN,2024-06-14,-0.0006597350001002954,1.7503745419543741,-0.026327497986504456,-0.019583262667102672,0.28353581958564666,0.1586870448072456
RHP,2020-04-16,-0.0010133686064816873,0.823931532138547,-0.054537895813287565,-0.03275366164029059,0.2000269168169725,0.14518278400152407
RIG,2024-05-17,-0.0001159694491087965,1.026186900818859,0.03740001496442954,-0.038239209445296796,-0.1713432533050944,-0.16781012091527048
RIG,2024-08-05,-0.0030350704285735815,1.1636644917634285,0.0006772136453627123,0.020545553020028143,-0.06070030409272191,-0.1753989368475831
RIVN,2021-11-17,,,,,,
RKT,2020-08-11,,,,,,
RLAY,2020-07-21,,,,,,
RM,2019-09-04,-0.0013521124509081354,0.7590751955123513,0.020126518043319375,0.011792482561749022,0.04870278700934827,0.21252141186050136
RM,2020-06-02,-0.0021501921734195513,1.1298479342486003,0.09280122034813833,0.2014113775367258,0.03308454083689907,0.17831452626155758
RMNI,2017-12-08,-3.1560920783367206e-05,0.07055359597726293,0.0776540439591066,0.08238805927103621,0.17895629324349732,0.13272599673701238
RNGR,2017-08-18,,,,,,
RNR,2021-11-01,-0.0012395990718021379,0.6023165862732138,0.07555874048499026,0.10986559758203998,0.20289557017919768,0.19922349290526653
RNST,2015-12-10,0.0009350349811328315,0.7940875133311404,-0.012048620047534585,-0.002397341072158884,-0.11576532948375884,-0.10301917422349488
RNST,2017-08-14,0.0005850651087512311,1.4952350903340472,0.003737905272736158,-0.0023658251918899295,-0.007018874875559214,-0.10069733504519333
ROAD,2018-12-26,,,,,,
RPRX,2020-06-23,,,,,,
RRBI,2020-05-11,-0.000699553879615557,1.050672147689126,-0.013555558614484094,0.10579766451627891,0.08422066232707229,0.019239506468353137
RRBI,2023-05-15,-0.0003422784360003115,0.7307119759555211,-0.0026821742381296426,0.11734242042462825,0.08052208908366051,0.08800306808728679
RRC,2017-08-10,-0.0028143263608686937,1.2834524052458873,0.02069599855267083,0.07594527064137985,0.19710717056731597,0.19913629488173648
RSVR,2022-03-10,-0.0018785322537319973,0.26343111734138763,0.10047085264423634,0.13302740487469525,0.24294212568325646,0.12072600539198143
RSVR,2022-07-01,-0.00034720055698110223,0.46032283053778833,0.005917363605144124,0.002249730686987847,-0.03306697417663585,-0.1877492573452707
RTX,2020-10-30,-0.001859072537404448,1.2555153368239271,0.05126508889510511,0.03405685826368501,0.23735954856433988,0.20870851020284986
RXO,2023-11-24,-0.0001424764115872716,0.9300976070906323,0.018662009493001813,0.05158270261180754,0.07184882206151655,-0.015349810032830664
RXST,2021-08-06,,,,,,
RXT,2021-05-17,,,,,,
RYAM,2015-02-06,,,,,,
RYAM,2015-09-03,-0.004344260816642738,0.5111052483206782,0.16464238242884882,0.0816873521078687,0.45492414097058115,0.9374808490339566
RYAN,2021-07-28,,,,,,
RYI,2015-04-14,,,,,,
RYI,2015-11-19,-0.0014265391386819727,1.3882094663669298,-0.08787130783398098,-0.021215468264364042,0.04173869444672057,-0.12415129803112641
RYI,2016-04-07,-0.0009384580193023574,1.789055118545309,0.11983063596055592,0.20084769856890677,0.937168079292938,1.3264603104580466
RYI,2016-09-06,0.0035240893877767263,1.8485996222702112,0.04809459556688483,-0.10562557591531796,-0.22776341835126648,0.014393973602153484
RYI,2017-06-05,-0.001796149026621875,3.5341366305450754,0.06906845032863959,0.199960501066147,0.11463414369208165,0.12156203710957175
RYI,2017-08-29,-0.0024380891236078332,3.799072797224088,0.03131010309753981,0.044591514230433185,0.05999387880163317,0.034902257504881046
RYI,2018-11-28,0.0001243444842744761,1.6278963201975918,-0.00030302617668270977,-0.039680267485526166,-0.08444491106014868,0.011397221657846568
RYTM,2017-10-11,,,,,,
SABR,2023-08-09,-0.003730607692541096,1.8320034258719957,0.03743982170029468,0.0498827931708941,0.020271764171222742,0.08987970649228152
SAFE,2017-07-28,0.00019949738452855717,1.0928355825186795,0.0006661736245533859,-0.04938858536786967,-0.06998933589055759,-0.056138434025743235
SAFE,2018-05-16,-0.0009097422413285545,0.6310845830950742,-0.001218347754581941,0.008611313766993223,0.02597752137114903,-0.01456623310049241
SAIC,2024-04-15,0.0005751914470022153,0.7268507957065262,0.013469018520214746,0.025553821946882972,0.045757467594021134,-0.14963944238805404
SAIC,2024-07-11,0.0004236389458419186,0.5980341899944862,0.03659581162141584,0.07822054543747317,0.10419727268581287,0.2123245846262613
SAIC,2024-12-20,0.0003644891683604417,0.5965664142513623,-0.00046712369548440776,-7.802224096625527e-05,,
SANA,2024-02-12,0.0002575392247598299,1.5334934129347322,-0.00975800899390003,0.26891246271690683,0.38977893626975024,0.4218651976587938
SBCF,2015-06-01,0.0010425661395288004,0.7478188384352308,0.0011411882887722917,0.02719350424582765,0.04202864124803959,0.013797458656705015
SBCF,2017-02-17,0.0011885092611177489,1.0438010327767206,-0.0004663648021900023,-0.0426213315443367,-0.05345062652256626,-0.12446344706427064
SBGI,2020-12-10,-0.0018350654272841689,1.225064599049988,-0.012647312680492871,-0.01324766327343143,0.11559447691325073,0.3287864667698035
SBH,2017-06-06,-0.0022562864916987916,0.6485881348655458,0.037999282090760395,0.09982486674447047,0.17567563680611034,0.18743941077015747
SBH,2018-05-24,-0.0004602780794534443,0.6473918254076116,0.00640151824520182,-0.022815841863664088,0.05147349060451897,-0.01911419684230631
SBH,2019-05-31,0.0008894159181715047,0.8637405615238513,0.01734791497384647,-0.04210894749503856,-0.3124568881952332,-0.240137784645633
SBH,2019-09-03,-0.0009003293546434025,0.8460106735297946,-0.0364578206389629,0.1598036421683541,0.26553995682929804,0.44884917584123823
SBH,2020-06-08,-0.0013563510249440082,1.1724038675023316,-0.015210191828326284,-0.08414176538069229,-0.08714821791110729,-0.31887947710433445
SBH,2020-08-18,0.000622245892380102,1.2946302679130424,-0.032129510020337766,-0.09887760716258595,-0.40242935752640707,-0.2655096591646664
SBRA,2015-12-09,-0.0007763272424425705,0.6580675835980576,0.022695161985304548,0.01468850061265407,0.08236120684304006,0.17214986117088263
SBSI,2015-03-19,,,,,,
SBSI,2015-09-08,-0.0004967283235221196,1.1106540436656809,0.007313331611817152,-0.003945291796130857,0.018220230506315188,0.026307066971257516
SBSI,2015-12-18,3.880662130441588e-05,0.8998832914905665,0.0105872956310568,-0.0012004532410937892,-0.02701771561681495,0.0971561568128184
SBSI,2020-03-12,-0.00043319812639776024,1.0326746014181112,0.05922558019987775,0.17279711684124333,-0.005270970997011777,0.0065251001757751365
SBSI,2023-03-10,-0.00043314102040460255,0.46113599414397616,-0.05994513900472233,-0.04944959432495229,-0.06236501590413595,-0.1795751801879847
SBSI,2023-05-15,-0.0004981832817093179,0.5761628070342912,0.01903064037765557,0.06332758325372811,-0.019563388342666556,0.21259861510582478
SCHW,2023-03-29,2.8816620004288032e-05,0.8615887557636955,-0.041998737797661945,-0.12072808741250446,-0.14268555603202326,-0.06959297617590164
SCL,2015-03-04,,,,,,
SCL,2020-03-17,-0.00010820011071000064,1.0965998963072283,0.22703398694954258,0.04871932930963087,0.012019864201578113,-0.06220258892960527
SEE,2020-03-20,-0.0013850016158343619,0.8148909278870764,0.07185612952534504,0.08725924084072195,0.13613196930943092,0.2751711258734627
SEE,2022-09-01,0.0004034321001490255,0.8516688834258408,-0.01222023113020606,0.004937395518168658,-0.08374804739059785,-0.05762734016928241
SEE,2022-11-07,-0.00043544825255963874,0.919174603944248,0.046082801695757215,0.1006525314899851,0.1435747263655006,0.1834939666772381
SF,2018-11-09,-0.00086198580560939,1.4052583764114697,-0.013739142196312597,0.0267124518332132,0.0004792514715627437,0.1415260661607495
SFBS,2017-05-25,0.0004947664378142599,1.6329845088865098,-0.0027725448516556727,-0.02487894136721038,0.01386158200814306,-0.09589199254361751
SFBS,2019-09-05,-0.0012121289232955045,0.9251764165491632,0.014857613614491585,0.11368426801210609,0.13615671578527694,0.2126734793471804
SFBS,2020-03-17,-0.0003173130396256965,1.2782089100442156,0.14924223063496977,0.08202118089147124,0.16609775345707256,0.07436824641408368
SFBS,2023-05-08,-0.0014190845547584173,0.7291639972564732,-0.04307458270487434,-0.11136393867940259,-0.06768741027728202,0.27993300155837164
SFM,2018-12-10,0.0006332554312428108,0.6493302164283391,-0.013122907417059949,-0.022607758798796188,-0.026895148735694624,-0.1666649314115921
SFNC,2015-02-19,,,,,,
SFNC,2019-05-02,-0.0010647287830296706,0.8080586154895607,0.030292932134243982,0.012443643745582862,-0.02220985666542702,0.04573225357272458
SFNC,2022-05-05,-0.000499293675835953,0.8320917874068882,0.027569036008838997,0.0406263801777864,-0.013172717252690489,0.0043799266104110595
SFNC,2023-05-15,-0.0013660296989775726,0.8840239655807492,0.013536993229326152,0.099624802901041,0.13514093094673596,0.27496636221507853
SFST,2022-05-18,-0.0004196284219096017,0.6569377963688688,-0.005197292491819352,0.021048704852303292,0.0653002646311361,0.057784096812892385
SFST,2023-02-23,-0.0008997066917133142,0.6856970280140737,0.007729632212952196,-9.898509667482375e-05,-0.26559241147130624,-0.4633785552306981
SFST,2023-05-26,-0.0017474591015092665,0.7299545708091523,-0.028348261967948277,0.025338370069773797,0.04001903058910378,0.24088951613743395
SFST,2023-08-11,-0.0026556052199643294,0.8467678331947293,-0.010037580568344154,0.01377346095144387,0.035463193307226026,0.17163500508566537
SG,2018-12-13,,,,,,
SG,2019-08-29,,,,,,
SG,2021-11-23,,,,,,
SGRY,2019-09-10,-0.0031385173811956436,1.5252484950075262,0.20099308463874982,0.15897828188080976,0.2531791756278263,0.8522628655544564
SGU,2020-05-18,-0.0006369089659136354,0.7468720623931543,0.00374564141482101,0.03634220459799716,0.1297543079662517,0.19153532824213215
SHAK,2015-02-06,,,,,,
SHBI,2020-06-01,-0.0019453983631578234,1.4576369454565792,0.026520160813952122,0.07658459739925493,-0.03266977415276885,-0.03992630359225231
SHBI,2022-08-31,0.0006579456719769803,0.3228632683536455,-0.019687951916917485,-0.04631171215452448,-0.06828153720428332,-0.0025258896421621393
SHBI,2023-03-02,-0.0005658446929145021,0.4258742183219643,-0.014866901127842714,-0.03584620768076534,-0.239720048609129,-0.3870732817573144
SHBI,2023-05-18,-0.0015559878163102074,0.5468745356471202,-0.025738452350899502,-0.018245490905953437,0.03904844389020692,0.06667414821346207
SHBI,2023-11-30,-0.0029563180725991167,1.042153908947792,0.04512716813302876,0.08088427384625659,0.10201702411887645,0.019697075124711024
SHBI,2024-03-06,-0.0020268088354484944,1.4293153480049363,-0.028747585900988547,-0.031880119899846585,-0.03543977981682697,0.06843014177344817
SHEN,2024-05-13,-0.0009706856256008665,0.5168810736818248,0.030633083034532688,0.05246930280400171,-0.05955733855384236,-0.0024450858980267567
SHEN,2024-08-20,-0.0016282084673759339,0.5244702873774817,-0.016592674034979313,0.06274446370453093,-0.037065099224028966,-0.02740663534215542
SHO,2020-04-01,-0.0010162001916114512,0.8132831430526648,-0.05262663821683527,-0.034308328227218306,-0.1978627198870894,-0.11008885315896974
SIBN,2018-10-19,,,,,,
SIG,2016-06-23,-0.0008274110105874837,0.965703228163302,-0.015940010405103257,-0.03674573588652385,0.006589903541372205,-0.05801868789051702
SIG,2020-03-30,-0.0009453690754632162,2.646695723515019,-0.2327201050788974,-0.3170439566151565,-0.05019967397736349,0.020408149969934418
SITE,2016-05-18,,,,,,
SITM,2019-11-25,,,,,,
SJM,2018-12-28,-0.000277546084749057,0.40966180073198405,-0.012062265664550258,0.020272125822804084,0.0690691814308121,0.17704568239018434
SKT,2019-08-21,-0.0016362310519704958,0.5256979935724204,0.018029958829573995,-0.01236167198516596,0.07562191899675143,0.22332869163628313
SKYW,2020-03-16,-0.0005340411384718872,1.4822461429495621,-0.12623593773530814,0.23441826715665298,0.29107211382311116,0.48212446380303586
SLB,2018-03-28,-0.001060478961802308,0.7584888525056435,-0.00018786408941235538,0.012292710909764476,0.10038904484373408,0.06557794247744442
SLDB,2018-02-01,,,,,,
SLM,2015-11-18,-0.0012484162038926027,0.63989423358347,0.032163924748132657,0.023320042868684082,0.050010775154526704,0.07071450458621928
SLM,2016-11-07,4.459237337416811e-05,1.5156391568810894,-0.023127921862504633,0.24610900793011442,0.3588303725863695,0.41474637397036024
SLVM,2021-11-30,,,,,,
SM,2017-03-15,0.0016488985547872736,2.5347123376522678,-0.011586838743024908,-0.017924933377840423,-0.007542673278279486,-0.33730236183749
SM,2019-05-30,-0.001972934367387198,1.9571833158883403,-0.06936275170329698,-0.12409197912244274,-0.24142434300994714,-0.20406906801359365
SMBC,2020-06-01,-0.0014042943179302901,1.0890975742424494,-0.018352000792344732,0.05882405571822835,-0.09763160690395714,-0.07854351152693691
SMBC,2022-05-03,0.0008180129867772451,0.4306709019325968,0.02316196689048588,0.019980058788996512,0.06914379883518981,0.18071107892592653
SMBK,2015-10-27,0.0016903240814165846,-0.053744471689138165,-0.00924630132292482,-0.022057403974736826,-0.05666270897537297,-0.08034531329327828
SMBK,2018-03-16,-0.00034880949829517324,0.8768708543486134,0.03619058391359048,0.058094410425009436,0.07149390673799537,0.10788629673971141
SMBK,2018-11-09,-8.700735640983142e-07,0.49307868525565923,0.00511733328014303,0.003061554568241626,-0.08078518498891385,-0.05281509790265574
SMBK,2020-03-18,-0.0001228149320107985,0.9017221399795983,-0.09899305021347182,-0.09655689600945828,-0.08495906941814046,0.007444285724629025
SMBK,2023-05-15,-0.00025540204633744674,0.6833295368324349,0.013220296483991513,0.08609651137229632,0.04900317105367151,0.18101560628530808
SMPL,2018-02-13,,,,,,
SMPL,2020-05-07,-0.0008239771848885686,0.8606652842623934,0.0797998050076518,-0.06394040532961502,-0.051231999336368184,0.23770454868199714
SNDA,2021-12-30,0.004623327702200825,1.292325674972553,0.006028686228398493,-0.039840722604905635,0.08556622842145799,-0.013132056673515843
SNDA,2023-04-06,-0.0036014433718755687,0.47644637520579747,0.07968069389139001,0.27102093913322584,0.10705392143808617,0.4900833611804033
SNDA,2024-04-22,0.004538275843937503,0.1799201603687872,0.06526078972679088,0.06534518386996999,-0.1952300178097665,-0.17568999786395031
SNDA,2024-11-19,0.004852022951898963,0.700975319117003,0.08922190167309707,0.15060255530786174,,
SNEX,2021-12-23,9.250261290591847e-06,1.0734729705555652,0.010264172368524746,0.0013465784885479237,0.1603033654248062,0.29373626885958104
SNEX,2022-03-14,-0.00026772193008414984,0.901378268742167,-0.006736896221929273,0.01749707036848158,-0.017669555351223044,0.15002060298350217
SNV,2018-06-22,0.0006363178216892162,1.0100017076489598,0.0053360190203893135,-0.02782367786957545,-0.14034528411879457,-0.24779868829049362
SNV,2018-10-25,-0.00039713170010501243,0.9189261046178416,0.003201591174711249,0.017857247420228758,-0.04741375662937908,-0.01136961902881278
SNV,2023-05-05,-0.0012286826514564591,1.2573929300024442,0.0179714779848118,-0.026465432318895237,0.11146131001220227,0.1903596930843491
SOC,2024-02-16,0.0007620898748825121,-0.01446881702147542,-0.0348726398049197,-0.04008976854826139,-0.1446057506618452,-0.09511840626577706
SOFI,2021-08-27,,,,,,
SOFI,2022-03-18,-0.0018666051160979927,1.2724467562952686,0.0675174061378441,-0.007150311367979056,-0.18032998319785662,-0.006434476872026695
SPFI,2019-05-15,,,,,,
SPFI,2020-03-16,,,,,,
SPG,2020-03-19,-0.001318320525146273,0.6136165450920829,0.13230126366340417,0.32091919562173865,0.3942386597631829,0.6105262042256554
SPG,2021-03-22,0.00013791297077421288,1.5976603955501136,-0.05479435983667942,-0.04997821625526742,-0.05442556636416959,-0.00595307156391291
SPG,2021-07-26,0.0026162426688235295,1.1734929062500765,0.011301385341991179,0.00822168648318284,-0.02822763004055596,-0.035588104024658423
SPG,2021-10-04,0.0016265753562700077,1.465614044637725,-0.0127898582606456,-0.015245872442915007,0.06897288077418261,-0.047577335988695825
SPG,2022-04-04,0.0007548786452741782,1.2050639064359234,-0.014469302709163454,-0.01669798437337695,0.0071403557075047485,-0.1493458281378928
SPG,2022-07-05,0.00011738388024343214,1.1485208940531948,0.0016842442462107754,0.020539788373195464,0.04128102783078479,0.00975544566381744
SPG,2022-10-04,-0.00047798479787876526,1.0518427577396492,0.023516993995134218,0.07096839226921081,0.20845364062163318,0.25103051386041153
SPG,2023-01-03,-0.00034528705602936057,1.0013280501801944,0.028484521206478482,-0.023693181239976137,0.0004955559845950946,-0.10304210259130335
SPG,2023-04-03,0.0004030362159874785,1.020450183445262,-0.004887998880547867,-0.0194221043474688,-0.08869825394911166,-0.05104294314947987
SPG,2023-07-05,0.0001365448503479729,1.090774374372778,0.02741606403424684,0.039164798443819315,-0.004648463205074443,-0.027416829247449502
SPG,2023-10-03,0.0003670765290309739,1.0340422582846034,0.0038866837756942173,-0.00515855211366922,0.08460944109278112,0.20220493367747322
SPG,2024-01-02,-0.00047893467698795303,1.1320497846913349,-0.0012824883543585183,0.0029564972568281987,-0.03590170533044771,0.026472975196507327
SPG,2024-04-02,0.0007081302476442927,0.9564357430883882,-0.020731671604428986,-0.02040526065995973,-0.048183031047108776,-0.09720201999841799
SPG,2024-07-02,0.0004963576001018978,1.0127600332688387,-0.0004803839782678383,-0.019116588618508776,0.05864523619356679,0.06127345986934245
SPG,2024-10-01,0.0009816464303270577,0.9478829389885957,0.0033068298575547267,-0.015594528250521966,-0.013706019390607114,-0.06551190068962058
SPLP,2021-01-20,-0.0009323117068730963,0.6262810530495213,-0.005895859191086626,0.009848917513974542,0.005594379353735468,0.352982025941309
SPRY,2023-08-31,0.0026415238064632415,0.627738995370623,-0.005527290989894131,0.028675475394170466,-0.39199750581571846,-0.25912271000560744
SPT,2020-11-12,,,,,,
SR,2023-09-08,-0.0005666473883437547,0.7115132289699861,0.0072795822838787605,0.036473584137441645,0.03745913862971481,0.08210611930222828
SRE,2020-08-26,-0.0009072304647112551,1.0712013551206339,-0.02630665124739208,-0.043210849588092314,0.044935718886016274,0.05886607246831101
SRPT,2016-03-16,0.002576630765098516,1.5667919944562307,0.10604874310982473,0.1995664986620585,0.0983932751336776,0.5200577213239996
SRPT,2019-09-09,0.00010203295380271166,2.002049301550142,0.061357167962969784,0.0024463652920307215,-0.0008076226601222113,0.19349422248348758
SRRK,2018-05-31,,,,,,
SRRK,2023-10-18,-0.000652156184218782,1.0962010516866822,-0.11274885159336344,0.11177690437796942,0.41196841498712666,0.6542456414882317
SSB,2015-09-21,0.001125225233517781,0.8936128349774108,-0.0038946295596585905,0.03365879504399556,-0.06549884940153412,-0.12964765797392433
SSB,2021-07-26,0.0019644716602222295,0.9924272051733486,0.015267452752033752,-0.01072930943855303,-0.08648801446229057,-0.009425056322313273
SSNC,2018-11-21,0.0009300545133014981,0.7223471482485782,0.019181213431067216,0.049491031419650555,0.025424293267114574,0.19225207004843736
SSP,2015-01-28,,,,,,
SSP,2018-11-09,0.00023453368794228754,0.9127698469534361,0.010941200896659231,0.008600548303132076,-0.022314829664462677,0.07943017542833715
SSP,2022-05-19,-0.0003254425266675158,0.9858267385337162,0.00877699359824544,-0.057799053029700606,-0.1844361971950516,-0.029219020425734838
SSP,2022-11-07,-0.001094847219837541,0.9989454404016649,-0.14865660060872138,0.06777126584418598,0.048081488332593764,0.1780673377813382
STBA,2015-04-27,,,,,,
STBA,2016-03-01,0.0002619474829516095,0.8058946248746194,0.004063590127308173,0.002317359621746156,-0.041765182012416836,-0.041268531412447296
STBA,2019-06-11,-0.000536757447631472,0.6833282288073893,0.01205994993353118,0.006487486638420081,-0.004890332288454277,-0.06401577768103181
STBA,2020-05-15,-0.0010386545837622713,1.032689181262218,0.07597172097793793,0.06459170306430378,0.11307236532825159,0.04842075587469974
STBA,2021-03-08,-0.0011995089129889181,1.1530783385748917,0.02795556028204962,0.022991080810949013,-0.059671064774635685,0.03387832655590393
STEL,2023-05-05,-0.00023802855403373934,0.604711110615796,0.017926314934441266,-0.01483646344637565,0.10102487037484212,0.10610655950632919
STEP,2020-09-22,,,,,,
STKL,2015-12-15,-0.003105264198072214,1.2113863345480596,-0.00782731146948409,0.008563125675824259,0.02306267136739156,-0.08989974318240879
STKL,2017-03-09,0.0015440986239241546,1.221925248781617,0.033937222304757736,0.003150127768191368,-0.1298845670607506,0.20701174952330745
STKL,2017-05-23,0.0029009102270366595,1.2392848784780475,-0.006143785983328335,-0.04305720556323665,-0.05463332854771978,-0.24453044295761467
STKL,2018-03-19,-0.0006798783387175259,1.210390565440654,0.029423875609216867,0.023449427588197132,0.0009880682911400105,0.1711402390055966
STLD,2019-06-07,-0.002221733620377193,1.105125215131472,-0.009365315613823174,0.013330589598600218,0.22291977494940907,0.15334476135298702
STOK,2019-06-21,,,,,,
STRO,2020-05-14,0.0019051041943331042,1.7780279947203894,-0.0003768878240022061,-0.003930885844587666,-0.33623125723037284,-0.42299882069600736
STRT,2024-03-05,0.0004466286321265993,0.41454635679661256,0.006401703076228343,-0.04802714848849181,-0.12069619740635054,0.07337084603664606
STRW,2024-12-23,0.0020799261122178164,0.3739280364810162,-0.013363227455093716,-0.019227885700956085,,
SUN,2020-03-18,0.00025263281050264273,0.3697904426914315,0.0529795146841682,-0.010746801473572144,0.5172413737871018,0.5410459895890063
SUN,2024-05-31,0.0010576469478440148,0.41110485928156043,0.016794007056796654,0.060379665190008994,0.10096260915307265,0.005830320144145021
SWIM,2021-04-28,,,,,,
SWX,2020-03-25,-0.0005130104381231039,0.4229220734532249,0.1540148011232322,0.1316126579434045,0.18490336550681147,0.1011565132491323
SXC,2015-02-17,,,,,,
SYBT,2015-03-20,,,,,,
SYBT,2015-06-19,0.0005771654416308053,1.1394377771777568,0.018664871195409237,0.03122718432110503,-0.015386750703033471,0.009163314052150307
SYBT,2015-09-23,0.0007739282696097754,1.1027009731781743,0.020954928789569765,0.026879217152908808,-0.030074900124486326,-0.031410932657863044
SYBT,2016-02-24,0.0010427385440689785,0.9000725323510838,0.003992379720547551,0.01941657365828868,-0.08082427665225539,0.007923121630742089
SYBT,2016-05-25,0.000584656438360879,0.8691917007955101,-0.005201842730420511,-0.002025012274532197,-0.048509592602511455,-0.023024896420851315
SYBT,2016-08-19,0.00056034101401265,0.9116011828683716,0.009622288102798212,0.03655052840335231,0.09483854073817695,0.27381846490620243
SYBT,2016-11-22,0.0011429458007789564,0.9635739762756885,0.03550009858696941,-0.03136161697835013,0.04411617566959405,-0.059544463884484033
SYBT,2017-01-23,0.002045188845067049,1.0111941248593952,0.001088248065409015,-0.026450038447824013,-0.13561670114860744,-0.26645706284376497
SYBT,2017-03-27,0.0018713168252863974,1.2585449924091596,-0.013887695062950135,-0.003268139685080823,-0.08617254837502462,-0.23947690429731003
SYBT,2017-06-26,0.00046333165611388505,1.482627196792417,0.040418875656631645,0.08362793550052623,-0.06914443460265908,-0.09690643906879724
SYBT,2017-09-22,-0.0005524080212727884,1.6487739230128209,0.00842619692091175,0.041966094393956405,0.026155649151078667,0.01313908334905601
SYBT,2017-12-21,-0.002036206007405268,1.7324861209127627,-0.0028474694991657244,-0.01378512738191007,-0.032375682407171515,0.02753769337072579
SYBT,2018-03-27,-0.0008118543373311517,0.8290864805630636,0.011287763149987085,0.023612006498087364,0.09862414254476393,0.1390518116917562
SYBT,2018-06-26,-0.00022665354632229036,0.7369249845844021,-0.019179043196235358,-0.018329213341730054,-0.059000671981617965,-0.0955386160980611
SYBT,2018-10-30,-0.0003470481147811851,0.6531877286708705,0.02466874311885477,0.014652885784408569,-0.03705126201844934,0.16000450426830476
SYBT,2019-03-27,6.254039795845443e-05,0.6049364772165359,-0.004208084718196694,-0.008945605155936155,0.0036821223070976662,-0.012278758273285768
SYBT,2019-06-24,-0.0006526059970479176,0.7336327616486196,0.01788215217981557,0.047824546167847926,0.09682556836074885,0.12800391486225188
SYBT,2019-10-18,0.00014188208964424206,0.8048748401076216,0.02061028554561562,0.06425932401553563,0.07124738610628391,0.012887725136121488
SYBT,2019-12-27,0.0002255349711124516,0.8656843603160724,0.0019344756556594102,-0.01614628193172416,-0.07295663927778817,-0.16868796240003076
SYBT,2020-03-19,0.0002109371122424325,0.8846629989751315,-0.006434976745719065,0.02137074835596093,0.07493885852138935,0.11443813658745536
SYBT,2020-05-21,-0.0005529003951549509,1.1260437812278956,0.014186584201158717,0.07488618997257675,0.14687791366834146,0.244052774059908
SYBT,2020-07-27,-0.00010198222372964118,1.229913721935195,-0.0036427636881647754,-0.05212185621144925,0.005719188692919739,-0.14891303214614393
SYBT,2021-01-07,-4.2034365258683465e-05,1.1982207812936763,-0.05917870423076733,-0.03832627453375946,0.08806440971600883,0.0775773062634189
SYBT,2022-01-07,0.0016417549671526597,0.567896521679712,-0.028001274252853994,-0.03548140670744948,-0.19100208334426852,-0.29445319690968813
SYBT,2023-03-21,0.000847221879058091,0.4989922845053798,-0.0018493560677031798,0.018910341028597233,-0.18530123445974278,-0.18043788518358556
SYY,2016-06-14,0.001367869883444148,0.5014963619402566,0.003695300329885904,0.022765793782249806,0.005438611604746018,-0.019785051293998365
T,2021-05-24,-0.00045624554434149336,0.526079412387572,-0.01967790081482932,-0.02638224063904537,-0.04794734852315455,-0.05428345381235167
TALO,2021-11-22,0.0011513691645953187,1.8043779289903308,0.09865799800316555,0.08300224204699258,0.09115261521636754,0.36275640328755837
TARS,2020-10-20,,,,,,
TBBK,2016-09-09,-0.0015114116087538015,1.4206882566906494,0.036684472871515925,0.03459433397329635,0.22290375619332858,0.2700381107434032
TBBK,2017-06-15,-0.0004347124434509905,1.8415635717994825,0.0820692774503147,0.09062723597825803,0.13228768138634386,0.13880439584015022
TBBK,2019-11-25,-0.0003602669507270333,1.0605103178237367,0.051151408564715145,0.06382630421342594,0.08514241264687702,0.2270772460304245
TBBK,2020-05-21,-0.001351401867210415,1.4215986657994077,0.09253324891585876,0.230041303694334,0.2551098821637707,0.3278333480400516
TBBK,2024-05-08,-0.0008462886247033675,1.3335741734953186,0.01337297474452745,-0.008537044559697018,0.019402556155569448,0.4407058184265493
TBBK,2024-10-30,0.0007258772834306303,0.9435801152269241,0.045076371974597754,0.1387034714361059,0.09072423658357877,
TBN,2024-07-08,,,,,,
TBPH,2017-08-23,0.0010073376500292616,2.09098477031838,0.05297495048639914,0.13126533112538918,0.14512609131888957,-0.10814310035986834
TCBI,2021-11-22,-0.000573042474123517,1.280429789761038,0.04662102773985102,0.009451765251230457,0.09993696826386372,0.25806960156402714
TCBI,2023-05-19,-0.0003854190960692112,1.0473515773868205,0.010080257879597807,-0.029451049368096706,-0.011354328876720414,0.15371134541289885
TCBX,2021-11-16,,,,,,
TCBX,2023-06-01,-0.002427874685264528,0.6620444742087691,0.038075301622137285,0.06529625145401047,0.05206084709959306,0.28777963561237496
TDG,2024-05-09,0.0011273179137633903,0.8806076923421109,-0.011873832301872708,-0.047920895989962624,-0.06808052979300211,-0.13519177601673577
TDOC,2016-03-18,,,,,,
TDUP,2021-04-01,,,,,,
TDW,2019-05-24,-0.0011609119056072439,1.143520147605408,-0.009307324493229971,-0.013153771480723598,-0.03793068031961616,-0.29798050972060025
TDY,2021-03-04,-0.000675770422631578,1.1461432408880952,0.0394472081737891,0.022568003869259126,0.06347356661865411,0.05529245357039947
TEN,2017-03-27,-0.0019062409465249491,2.061826822213278,-0.013085802582587078,0.005351626167029224,-0.006324712812799383,-0.06656123646968304
TEN,2019-08-12,0.00010263297394506189,0.5811048599819002,-0.0055769117071416165,0.05119461162093215,0.021930686295162115,0.21215407144669696
TEN,2021-09-16,-0.0017428450099518553,1.022511097976013,0.002862663165241754,0.0826495911940928,0.17280593454326174,0.04825466734633729
TERN,2021-02-09,,,,,,
TERN,2022-12-28,0.0015061493444998143,0.7812540250915463,0.056587433904066474,-0.04273012993632233,0.03425445560354613,-0.004500146484868253
TEX,2015-03-09,,,,,,
TEX,2015-06-08,-0.002535300202693301,1.828546916325826,0.0034663203308102665,-0.006214282913624516,-0.03954710849033111,0.22956267478673503
TEX,2015-09-17,-0.0021587797355359867,1.7388875021097543,-0.023585067240520823,-0.13509315038129507,-0.0724899585219104,0.05578892148673155
TEX,2015-12-11,-0.001381249188813599,1.2840302007711344,-0.03674646341723402,-0.043681359688916316,0.3676795129046627,0.2879749967146411
TEX,2016-04-08,0.00013050571293496096,1.2858447656189727,0.020237242074120095,0.02040631118463037,0.05352523593331973,-0.1646615927169699
TEX,2016-08-05,0.0009527533558701182,1.2412757895081123,0.009908078292281238,-0.031780582897523654,-0.007937873581131192,-0.03380172348476195
TEX,2016-11-09,0.0008405293392343031,1.5563143187362298,0.14561027757650802,0.16651788011176272,0.20927943332773924,0.13517657104225275
TEX,2017-02-07,0.0008201496774689464,1.7273859763535928,-0.028982459824656498,-0.018052307459636964,-0.12874392370827561,-0.06512776318615446
TEX,2017-05-05,3.191822811058998e-05,2.311542146529781,-0.02137655249280724,-0.023801969458337242,0.041189371114374596,0.07342429277755677
TEX,2017-08-07,0.0003740534165134169,2.7111589130904328,-0.003439649165638412,0.002510420904512375,0.06956139818908684,0.043092058061881496
TEX,2017-11-07,0.000865653920832894,2.842096121280228,-0.03584555093125873,-0.07391082764093772,-0.10388192337006905,-0.18649663273406653
TEX,2018-01-10,8.499664536433215e-05,2.480897596915617,0.002349694475510842,-0.011841533446154653,-0.08536777770058716,-0.1571302607701539
TEX,2018-04-10,0.000262822136123476,1.3266783786284007,0.018958724679939795,0.04713885838114334,0.10007835831507932,0.10984624670579834
TEX,2018-06-13,-0.00043264655250200635,1.3351116885612717,-0.05316832690550935,-0.0458664953255971,0.023791704392238083,-0.11298960274166338
TEX,2018-11-13,-0.0010241943013198419,1.3307088263479876,0.023678548090894574,0.05509571647726079,0.0556336558019606,0.10403839092702878
TEX,2019-04-08,-0.00029212294378468215,1.5188308143565492,-0.019160461343931935,-0.021373401558358106,-0.12508332463317193,-0.15219377560757757
TEX,2019-06-11,-0.0012580983346383925,1.4608007348107146,0.023130460046787815,0.04920707864179815,0.149847287031849,-0.043763754305372
TEX,2019-09-11,-0.0008036131823095934,1.4478046602419214,-0.02590429601998833,0.005394073471935133,0.05718412424849505,0.033027782896000835
TEX,2019-12-16,-0.001147878584818442,1.6549902141275812,0.004643489042960223,0.005569535587596911,-0.16580031047722657,-0.2793473307328873
TEX,2020-04-10,-0.0018580232801483376,1.616635020841633,-0.09383942750511509,-0.19428450924442578,-0.05821198427138957,0.06662021534158431
TEX,2020-10-01,-0.00106257120223556,1.2761203237809502,0.11812940297328102,0.2361960966058864,0.3633576135001439,0.5618972102095613
TEX,2023-11-02,0.0010988279088893886,1.3245652339399576,0.03215976941801913,-0.020826634636398805,0.05136194696395015,0.043718546125979224
TFIN,2023-01-31,-0.0015121555221080019,1.2997208147960329,0.03526790628150142,0.15738767507543105,0.15369090100573074,-0.009621795054506554
TFIN,2023-06-08,-0.0014004413233051473,1.348617382139386,-0.008778763989653587,-0.023212711922023413,0.07783262315426835,0.06948054870221486
TGT,2017-03-09,-0.0013024529836098196,0.6510822674002554,0.005668130708415116,-0.005277518269680855,0.03983817322929498,0.08123309714849286
TH,2019-05-23,9.192180392167663e-05,0.017093335941737033,-0.018593927041682737,-0.059644684661879915,-0.1337671775212478,-0.39628752084045304
TH,2019-08-27,-0.00034895201360564886,0.08562427851749856,-0.022772708128840184,0.05974626369847082,0.1448801953049849,-0.3024094339846056
THC,2020-03-18,-0.0003916299018492898,1.7494245850244523,0.17540434562807988,0.40325968945315804,0.3285591162227641,0.31267081020455534
THFF,2020-03-24,-0.0004133462724276323,0.8984712982721621,-0.038440317590309615,0.027005782034466717,-0.09498371804255588,-0.04950186062418834
THFF,2022-12-08,0.000683975388805862,0.24580601505262173,-0.009162925882141978,-0.0318061401330389,-0.06702621077451885,-0.11455742634044973
THFF,2023-05-15,-0.000501027550207925,0.39215368046045335,0.010428450927881909,0.04958836013841303,0.019976820472481872,0.18114432951054887
THFF,2023-08-29,-0.0014045777007194171,0.6214090050755525,-0.004354551050308278,-0.0050440448058261065,-0.019690740328954046,0.0997618539421654
THFF,2024-05-20,-0.0002722516218457555,0.9901029038614935,-0.019752012281392152,-0.05141256701788059,-0.08883137695678743,0.060490863800934234
THR,2019-09-03,-0.00028270893810301856,1.0686093189765553,-0.01212034642890034,0.04963491830679935,0.01400314113197783,0.1452060180118465
THR,2022-06-15,-0.0005119971831523782,0.763171023733351,0.006315368396600405,-0.039715241242172766,-0.03429259938819421,0.12986846770699934
THR,2024-02-08,0.00020087994696688284,1.1925608113365629,0.036802388857457194,0.06580962319700961,0.10709564016085121,0.18530607724832832
TIPT,2021-03-18,-0.001830105529851904,1.1388839102879564,-0.029628882908612875,-0.03696947482534642,0.23650517902078066,0.3090119438240691
TKO,2023-11-14,0.0007653535809496033,0.64378177834326,-0.039412565520708986,-0.04425161433994461,-0.05693335299308,-0.02935778047499849
TKO,2024-10-01,0.001065832390001734,0.46503509405093496,0.0050033892442518015,0.02067505988533026,-0.10624398238739963,0.08050113272589704
TKO,2024-12-18,0.0015117243117530646,0.5418841669102621,-0.009801506926336604,-0.024758393179061443,,
TLN,2015-12-28,,,,,,
TLS,2020-11-23,,,,,,
TMHC,2016-02-19,-0.0006497500873269893,1.0833170505323702,0.0012360865478479792,0.01762008197144767,-0.0043693710477161,0.0004912872370650052
TNDM,2022-05-10,0.001139932093719914,1.2441165621179988,0.019052300730014415,0.03679889751277718,-0.12599103316490318,-0.23618174510369166
TNDM,2023-05-22,-0.002226768839241545,1.5562594071299045,0.06724400507099071,-0.04396107996107364,-0.16190442442204903,0.13151108935044992
TNDM,2023-11-29,-0.00332040499302145,1.0131621716781072,0.061708347186357884,0.17468916044299493,0.36685138054749983,0.49836883334862264
TOST,2021-10-29,,,,,,
TPB,2019-09-03,0.0019254753190926538,0.8603787021095034,-0.11548000664281845,-0.2445370160350147,-0.5303350076691966,-0.3955751844057046
TPB,2020-04-09,-0.0019904677491733216,0.5115402328452779,0.07534652482554101,0.008520715331384796,0.14995926556811318,0.24779798129039504
TPB,2021-10-29,-0.0006660975482916525,1.198222759445382,0.046352744712976866,0.059187067426592896,-0.0406518607497862,0.008477712286612364
TPC,2020-06-11,0.0009651493922824774,0.41588470129176147,-0.08249687412071255,0.00028228073050319893,-0.02711314320357528,-0.03695996185383558
TPL,2018-12-27,0.001597811846831814,0.8142457216322297,0.1211587451652126,0.17882886150629396,0.2326543033290472,0.2813060368392172
TPL,2021-05-11,0.003210903416439543,1.3410431528168358,-0.001523147384005526,-0.10614803276525454,-0.19554291904864216,-0.4337219590844951
TPL,2023-11-24,-0.0015207513287205762,0.8101474876133753,0.0010073619124518138,0.06679655194197351,-0.047025108535650485,-0.033039742708685926
TPL,2024-03-15,-0.0009090614447366771,0.536644181437457,0.018894312589078505,0.0233237724846363,0.1298133129113512,0.4068472290383599
TPL,2024-05-17,0.001141295345636991,0.3685729727096599,0.010831222238305724,-0.002679607076657628,0.1834050611085369,0.2677147044007482
TRC,2015-06-05,-0.001419566538621324,0.8033952755721131,0.01714412975095536,0.040297596947176176,0.08651882011755563,0.08067925425906564
TRC,2017-11-08,-0.0011964836894100483,1.0409343267449793,0.00795778820833681,0.085354996991092,0.07419196865233713,0.09977055562877887
TRDA,2021-11-05,,,,,,
TREE,2016-05-16,0.004089698599796058,1.6838370520180943,-0.04144636712083613,0.04483645656463324,0.04992850468593337,0.14170792275139504
TRNS,2017-06-16,0.0009657359738632643,-0.05963609748602299,0.002762151222868956,0.006912166276699024,0.05621784457893206,0.05636658257345163
TRNS,2022-02-16,0.002946807159534076,0.745514273162702,0.007130643525400276,-0.00882759045694187,-0.03520502582284758,-0.1908501836130883
TROX,2015-06-02,-0.0010581667529303027,1.2717483809609926,0.06131135320612692,0.030027739457444542,-0.15327278474512973,-0.6252625035409923
TROX,2018-12-13,-0.0023101590355423087,1.224343770689721,-0.004566968235572528,0.043234585820201676,0.18810585126121657,0.527999064126138
TROX,2019-06-13,-0.0017064387937990476,1.6751394490031983,0.022381106812429323,0.015272875357505704,0.02314447407307679,-0.14582456672018326
TRS,2022-11-14,-0.0007251892548306038,0.8399178628861663,0.0003193104020565189,0.027334343373390267,0.10116931204259628,0.14830510181887394
TRS,2023-05-15,-1.0362522084596912e-07,0.8485567377752234,0.000880271463768228,0.019543892017057633,0.003448235634504907,-0.0439696970868765
TRS,2024-03-11,-0.0015239289218705518,0.8923542302165149,-0.0049722323005695086,0.01010912901046512,0.11513212690585682,0.13328566947174042
TRST,2018-11-15,-0.0005787153578371011,0.6304204288983548,0.012526174740340044,0.020045891064475133,-0.022993384298681717,0.08515388534079875
TRST,2020-05-14,-0.0005915064800774782,1.3017037895784456,0.030012664895860408,0.09840871579823479,0.09047490867073693,0.027586058834711734
TRST,2020-09-04,-0.0012013333539268225,1.369856234826307,0.039800230706353745,0.0177058942777927,-0.019762529444037984,0.08258017310495608
TRST,2020-11-30,-0.002247663859298791,1.3217383999360979,-0.011078802596674736,0.012274665797964166,0.13990071263409115,0.18005607206464103
TRST,2021-08-18,-2.843153222695531e-05,0.7636143598325492,-0.01890096408325177,-0.036511106010487064,-0.010206575262322557,0.010286174062872931
TRST,2021-11-29,-0.00027552130416901976,0.8667003861592273,0.0068745099932950166,0.022708145069382662,0.06582464888418568,0.0997357850547159
TRST,2022-09-16,0.000709559013617352,0.37396249027546463,0.014234898562778283,-0.0012263434507789337,0.08503850104233991,0.08048636886106042
TRST,2023-03-16,0.0006428339512970941,0.4948862643051794,-0.005291815140684955,-0.06503709060472099,-0.18151911941989501,-0.185021208756534
TRST,2023-05-17,0.00018852429051763786,0.560132628889633,0.03999217791989287,0.04330469525633451,0.012757986171151694,0.04861245768503157
TRST,2023-11-16,-0.0015094147510711382,0.8349380461530538,-0.020901220883645263,-0.03488498977262876,0.11403661729863976,0.0024628207534549175
TRST,2024-02-15,-0.0012024416678132319,1.1030224043005847,0.02000205689052041,-0.007778160711548394,0.010489108497038026,0.05427894802032233
TRTX,2020-03-20,0.00034055997447045815,0.3244424042060894,-0.33711665453798145,0.24055207553386648,0.7122145386653641,0.9716746628901148
TRU,2017-03-16,0.0002404765026143177,1.289641895516636,0.007503423613986485,0.016124754901543345,0.049746975871333934,0.07072676515305867
TRVI,2019-05-13,,,,,,
TSHA,2022-02-04,-0.004406494393983224,1.802694167673055,0.039281718735323934,-0.00032896317731435226,-0.030439317593519578,-0.12826992011600294
TSN,2023-05-16,-0.0018770853993414543,0.6653588145544285,0.01336532141767062,0.053570170133816576,0.05169693769121671,0.18530173091273774
TW,2019-04-08,,,,,,
TWFG,2024-07-19,,,,,,
TWO,2015-11-18,-3.8677314409116746e-05,0.5040983510148185,0.016583444182597627,0.010147717003499833,0.03481090318844127,-0.01874926379173667
TWO,2017-11-20,0.0009321766537330825,0.5480231424968015,0.015717472010212275,-0.0033287862409091436,-0.019477498225738805,-0.06554849274396042
TXO,2023-11-22,,,,,,
TYRA,2021-09-21,,,,,,
UAL,2016-04-29,7.069953394463145e-05,1.0190036900973827,-0.031001007431479554,-0.040224793740402436,-0.08775746813097973,-0.03739752028391759
UBSI,2016-02-11,0.00029589372541525085,0.8413221451200099,0.011127801723969972,0.00897203750861776,0.0007439249554290429,0.027520507346430002
UBSI,2017-09-11,-0.001461438607149841,1.7321197010921445,0.039029563496677175,0.050364499737776895,0.09165750638261662,0.08009461186596546
UBSI,2023-06-07,-0.00035474505899410616,0.8164331228924752,0.027341684908857904,-0.042850039440154634,-0.05738321044962376,-0.06485650374763355
UCTT,2015-04-29,,,,,,
UFCS,2022-09-09,0.0022868887870540547,0.6006919739825461,0.00378664360314776,0.03567381944255434,0.07019494724149039,-0.1407497598028057
UFCS,2024-02-13,-0.001671856131346917,0.7075046225080741,0.1327986091007845,0.0795173314179664,0.020596331706133873,0.14823971997792582
UGI,2020-08-25,-0.0020649737646589324,1.11495359802417,-0.03914387379363939,-0.019753335005262326,0.07091094514033393,0.13019151146348934
UHAL,2017-05-30,-0.0006769161300437777,0.994017132163975,0.06177417108409082,0.0043148118841442006,0.040523950418740975,0.07237120282741742
UHAL,2020-03-26,-0.0007969030932162004,0.6239033204316053,0.003395578230620394,-0.07773293347096719,-0.005273412248339958,-0.008616941453594436
UHAL,2020-12-22,-5.004774809881005e-05,0.9176920939544,0.010854579365624357,0.0068768750270982865,0.0222612444015092,0.22911873296311086
UHAL,2021-06-29,0.0023801431354974214,0.7091351992751209,0.022778184715183315,-0.0059945400729908924,0.04727962899212347,-0.033511847876590464
UHAL,2023-02-21,0.0006084200050888895,0.8810960570284277,-0.007349913686237379,0.01288918401151642,-0.13155418091846346,-0.08524067398255132
ULS,2024-04-18,,,,,,
UMBF,2017-05-22,0.00021046339098624054,1.650253104879559,0.010100193762772358,-0.020454782189004504,0.043213028743874796,-0.0948523547396567
UMBF,2021-05-07,0.0016386951486983743,1.3077551473346332,0.0012131892207846908,0.018711324445146612,-0.10118049454349236,-0.20705301296853393
UMBF,2021-11-30,0.0008329456658536237,1.078637101952966,0.009751052303662305,0.0030971909915825796,0.03430643618991809,0.024329384768799537
UMBF,2022-02-10,0.0005798716539438081,1.0870267113594,0.036903428701224095,0.031844883597220444,-0.02032966042940533,-0.0071029998225928745
UMBF,2022-11-07,0.00013146264667089746,0.758618139248051,-0.013028456025934072,-0.023953466795901608,-0.044528287986215664,0.026340130835323855
UMBF,2023-03-14,-0.0003752613045587267,0.789173108874289,-0.016186818204192446,-0.033268149433348666,-0.06622640693871355,-0.0035202818661583934
UMH,2015-11-05,0.00024794925732891704,0.4633538414259698,0.003369925836036467,-0.01959251312764869,0.07708223561218826,-0.024438738533959767
UMH,2016-05-17,0.00031613240166281813,0.49796030537873515,-0.018352427330991336,-0.00616926958964808,0.10179072170062177,0.1704123551224787
UMH,2016-11-14,0.0011630248794468824,0.6538718643653969,-0.021283918676198305,-0.037618907831237114,0.03252874359538925,0.012298477906504774
UMH,2017-05-16,0.0017387425441143045,0.7767597661567096,0.022870799869877896,0.003350212480235079,-5.5086715703125434e-05,-0.15404299515784955
UMH,2017-08-17,0.0012832403490026323,0.9193371460663693,0.009957839873149566,0.03862242907785903,-0.035517306718259936,-0.11861557669553105
UMH,2017-11-16,0.0005288246559786255,0.7323692135379168,0.016374248615186878,0.023594974684149887,-0.07380170625085171,-0.24588100497695184
UMH,2018-12-06,-2.3176583278908056e-05,0.36767948797829497,0.02566296105243452,0.014922666745392539,0.006776882440331867,0.07482860134595382
UMH,2019-09-03,-0.0009569579130939746,0.4616624787134169,0.024175244818840293,0.05926102187697906,0.1296546809566624,0.21487738428404896
UMH,2020-04-17,0.0005100394386620896,0.7275758780719872,0.02199269387389568,0.01830794050630175,0.11649707899615988,0.020125682018703878
UMH,2020-11-09,-0.00023073964169041374,1.2833271066752105,0.050287783964895666,0.02441195099191035,0.04566592275000602,0.038619101170314904
UMH,2022-10-18,-0.0006138336156964656,0.6782035083207743,-0.023641918578330624,-0.007850242674403662,0.020312012628630784,0.030964418682269387
UMH,2022-12-19,-0.0007965134108428874,0.7313984433344366,-0.014963980961423432,-0.009864276084792265,0.10235280513403192,-0.11646456733529276
UMH,2023-03-17,-0.0008293420470083487,0.8623520951620001,-0.009414224099509082,0.00609859525300847,0.04712979036858479,0.10916434892094239
UMH,2023-07-18,-0.0011528973301663849,0.9984833020469304,-0.01333307567650154,-0.010947485566683395,-0.02882440756746988,-0.019468561958065185
UMH,2023-11-16,-0.001073416765394606,0.9610920659054757,-0.01984156745005765,-0.01574309188241159,0.03949921011121475,-0.022781790708554954
UNIT,2017-08-23,-0.0008355435267542466,1.2525189086959483,0.034378768354922894,0.023420746273223193,-0.13527886781492124,-0.13253667490396676
UNTY,2020-05-08,-0.0008712971988744489,1.4886153207266701,0.03341388722993016,0.022376076442763473,-0.018767797177969486,-0.19047697426163482
UNTY,2023-05-03,-0.0006399254388779904,0.39992992926068766,-0.019504157454857583,0.017055436104664867,0.11831422397069775,0.23301578728130012
UPB,2024-10-17,,,,,,
URI,2016-03-03,-0.001449853848581782,1.3773642496986933,0.05089141245722925,0.07261478432473192,0.10121779277385391,0.25123674210686425
URI,2018-10-26,-0.00016051518054944884,1.5785402710266156,0.018515330675769416,0.11030288299258004,-0.036066806435170344,0.1830123112423573
URI,2019-08-20,-0.0009615787423522335,1.9242590485208224,0.00687348529110178,-0.020941282383493572,0.10272884603418292,0.26594924779562207
USAU,2022-02-18,-0.0011907016003569874,0.7888190496323527,0.019198952260798617,0.037179839257306266,0.06092053813418916,-0.2279988871450744
USB,2023-05-09,-0.0013363300058280168,0.9307979739102877,-0.0072576808908280475,-0.02165989987221932,0.073539633868943,0.3258120537247876
USCB,2024-03-12,-8.846068795413264e-05,0.7316928676902513,0.008822587319678554,-0.002465941951823777,-0.055181636951869006,0.06746352331995634
USFD,2022-03-16,-0.0008299677922247751,1.289604151961974,-0.0016766799675876874,-0.021777341800169454,0.11874722812918585,-0.005886299514446462
USPH,2022-09-07,0.0009883776212943438,0.6427538872216192,0.004948637806642699,0.01626889265255989,0.05708000594099747,0.07215646616824212
UTZ,2021-08-18,0.002111853008284192,0.40416234791411393,-0.013062988752836506,0.0071267258503899845,-0.09441726930243632,-0.17493096216243592
UTZ,2022-03-08,-0.002257042946764737,0.8511861396377924,0.10204016655967801,0.04730287629375265,0.11907019216215278,0.18818353884893096
UTZ,2022-05-26,-0.002014528536998534,0.7590765389476796,0.021435421518305228,-0.004222378869733569,0.18038937447146644,0.32734733666354193
UUUU,2024-05-14,-0.0004974630080705479,1.1233821874704235,0.0033746644405627784,0.09539170420938009,-0.004867695387592262,-0.2738666659828653
UVE,2015-11-27,0.00300055609311932,1.2245642106076686,-0.044486401459215674,0.04015242869758108,-0.03769493822075561,-0.13006801060759354
UVE,2016-05-25,-0.0008724839515381227,1.3892497122867613,-0.0025954316296319946,-0.00975644939878935,-0.036871825178292045,0.14145186846960425
UVE,2019-11-25,-0.0020565111481894104,0.7016928797817746,0.0015727910015875088,-0.013869728279547725,-0.06386915431762825,-0.1104636254250276
UVE,2020-11-02,-0.0024049141732858997,1.1094203080356801,-0.019348738026175163,-0.02429630417524732,0.18065137904869755,0.11319887863286349
UVE,2022-03-07,0.0002578196313484948,0.6799785248748751,0.028310456469170346,0.03483680834874333,0.020570861879350165,0.07249285096422989
UVE,2022-10-03,0.00042862861200094137,0.4858256264628891,0.009188193899826572,-0.12421540817181712,-0.026107998938623447,0.06686806844682829
UVSP,2020-05-13,-0.0012775240534379409,1.0301238975276041,-0.028189823692330716,0.046319534478215824,0.024209057195039817,0.0911175783073796
VAC,2018-11-30,-0.0017599226299887234,0.875295149072284,0.027646220128128902,-0.052128721788610805,0.09179612913003557,0.32170671453362343
VALU,2020-08-20,0.0008043070772154392,1.4339483949056129,-0.04027117927167706,-0.050448813001919585,-0.07308393683259755,-0.029569750020330007
VC,2018-11-30,-0.0026837485609960366,1.1203296738599544,0.046424509213919656,-0.07625519516678825,0.11260599609279644,0.3074741838904908
VCTR,2018-03-02,,,,,,
VCTR,2021-11-29,0.0016938946031505365,1.218414251280189,0.03663687958962565,0.0027240896593032464,-0.055927565023651885,-0.0727519780278472
VECO,2017-12-18,-0.0035915211066143917,2.1689134375279506,-0.036328247060560016,-0.057416206267318096,0.038666650642018366,0.39119629130740957
VECO,2022-05-17,0.00035567942053721136,1.4030868699743464,0.016396894651627154,-0.05965789025003348,-0.04302963375082413,-0.036518414293894935
VERA,2021-05-18,,,,,,
VERA,2022-04-05,,,,,,
VERA,2023-03-07,-0.001042277350529452,0.9780040353270609,-0.017036254577901627,-0.11508685548311967,-0.22768942655281765,0.12320973571825394
VERX,2021-06-15,,,,,,
VFC,2022-12-15,-0.0030887735026696736,1.037631748584495,-0.01651395979926253,-0.0024288675496297804,0.1813460616611501,-0.026471575122778965
VFC,2024-02-27,-0.002398443640385167,1.5329358575795184,0.04697221733725421,0.032338623679378606,-0.07760773038925793,-0.1344884668681898
VICI,2018-02-05,,,,,,
VIR,2019-10-18,,,,,,
VKTX,2018-05-31,0.0072601685246371965,0.6220079784402958,0.969219990821222,0.9258548857530422,0.8775477799727301,0.7307310335422127
VLY,2015-06-25,-0.00027578452056321065,0.8010728475452826,0.007000981286284135,0.00844707455093496,-0.023380484086235442,-0.003092567630694794
VLY,2020-03-16,-0.0005145995872871548,1.2107730938663395,0.02963536693697423,0.03334290639106249,-0.018567719753907495,-0.018743034288480412
VLY,2023-03-15,-0.00024420970384673204,0.9809085689010989,0.01929408331709334,-0.03135162110116402,-0.11491787305783153,-0.16464847890441117
VLY,2023-05-23,-0.0015677248137570545,1.0761143142153275,0.03432658395364385,-0.00916318270217481,0.042734274062372825,0.2672081501279534
VNOM,2017-08-21,-0.0005556236027350044,1.3185543035309704,-0.019708107374965762,0.032692218036019224,0.1320748916911043,0.15545583672174063
VNT,2024-01-08,0.0014731298768859964,0.9892644591566438,-0.02059339916235959,-0.009430364847354699,0.11378576505170335,0.06377940194927419
VOR,2021-02-09,,,,,,
VOYA,2017-06-06,-0.00015976721355627846,1.8599824987059423,0.013499187471814299,0.07341072506911499,0.04473920478002399,0.08303616256055127
VRDN,2024-09-30,-0.0008811028276492864,1.3907780022952774,0.021589570879032006,0.01293691286110825,0.06924734395250062,-0.15981627954064126
VRNS,2022-11-16,-0.0012677758196387124,1.645520575074039,-0.023859336852086854,-0.04471027096586655,0.21059491706349648,0.26483619750416426
VRRM,2020-03-16,0.0015150374315996734,0.5176051111482258,-0.1101950749567274,-0.21892097910849878,0.0507921982764092,0.28334163039480753
VSEC,2019-05-21,-0.0020161982899025693,1.114775907860783,0.013928326461338052,-0.006734359377021638,0.04544928873297395,0.2962122157513591
VSEC,2020-03-31,-0.0005345925399832489,1.032398597225832,-0.06577144335134091,7.443464238035113e-05,0.22695238602916287,0.4694178619748203
VST,2017-12-14,0.0010033219460705608,0.711624636895387,-0.012998627236145529,0.02853853703006587,0.022913853394596215,0.0691549609889408
VST,2019-06-20,0.00020738874757461067,0.7435833569713742,0.005374273284771784,-0.06802235044336746,-0.0839102742057945,0.08445197244312933
VST,2020-09-21,-0.0018152669202677544,1.005417507943129,-0.011479857643959177,-0.008118900166244808,0.04091552797686867,0.03745068491959701
VST,2020-12-23,-0.0006448326348215609,0.9855335590017387,0.02831739856466259,0.06824311846418869,0.11220096066935749,-0.045418389560839455
VST,2021-03-05,-0.0006755589067703123,1.0358200780196491,0.0658039800726358,0.011669675462948143,-0.046566265992793024,-0.11712830465378823
VST,2021-05-19,-0.0013672861980338498,0.8768171027861531,0.01610530599797634,-0.0012254010203397005,0.17016528781862014,0.16118738939035945
VST,2022-06-21,0.0021090249223102925,0.6057201197317041,0.002689676482915161,0.008055482493277838,0.0003844332371686441,-0.026711215206853507
VSTM,2015-06-30,-3.8361224035698766e-05,1.2487678866802112,0.030875815711692595,0.014410338593665646,0.1568985905618022,-0.0043816603832478145
VSTS,2024-05-29,,,,,,
VTS,2023-03-24,,,,,,
VTS,2023-09-14,,,,,,
VTYX,2021-10-27,,,,,,
VVV,2016-09-30,,,,,,
VVV,2023-08-31,0.0007658952078290473,0.7891311197966913,0.016548248647320914,-0.0013638766936683372,-0.06608186634790415,-0.028798443870245122
VVX,2022-09-14,-0.0014532991433692227,0.7398372681269731,-0.016620797155840895,-0.05797339227503434,0.003960890537899705,0.04492381974417957
VVX,2023-11-17,0.001043484647852211,0.46300279088625634,-0.025742154416235202,0.009815585254157221,-0.00688356833288907,-0.1794144842677046
VVX,2024-09-10,8.652210171354176e-06,0.6294167118383648,-0.012494332881243773,0.054611079291214344,0.21931468079281677,0.1610941583443181
VYX,2024-08-30,-0.0018287635724020838,1.0531665073113787,-0.03467810017617122,-0.07419603870408464,-0.02744373852155676,0.11435750270481519
WAB,2019-05-24,-0.0013027293025174792,1.0006867510644966,0.05073000407058979,0.03549770334369192,0.12096000910405541,0.1370536326608615
WABC,2023-05-04,-0.000722966662617556,0.5516664385226528,0.03665467424255117,0.01584233891302303,0.10816001239071073,0.2720202051663028
WAFD,2020-03-11,0.00012321981350949324,0.9547165414795665,-0.011052439686396971,0.23353833457887796,-0.02611123432086497,0.040904545357233896
WAFD,2020-08-06,-0.001553935449794116,1.1814801974556675,0.039989636195427614,0.03410828689851226,-0.01256800514923669,0.010780962006070255
WAFD,2023-05-15,-1.3850101989855821e-06,0.8126819056527478,0.01393676056937231,0.07677600177258821,0.016718773282203205,0.12768752163160704
WBD,2022-05-10,-0.0017638547948951903,1.0216864032249429,-0.010057300856644635,0.061761333487828876,-0.0657987421960855,-0.04669520677804036
WBS,2020-05-14,-0.002484129235590852,1.6296378653865187,0.021331190758197904,0.1252700501856209,0.21804422510754487,0.24855964018693588
WBTN,2024-08-21,,,,,,
WDFC,2023-04-14,0.0001895436342185977,0.6736555559222662,0.03782117954211474,0.09758083139492188,0.04830862481727798,0.17593851260153753
WDFC,2024-05-10,0.0003061999668711128,0.9835747642586579,-0.0018138110894524674,0.004039411216293294,-0.12079412627027417,0.05863514398115988
WEAV,2021-11-17,,,,,,
WEN,2016-12-06,4.707500999115363e-05,0.9695974562333217,0.041235687363629425,0.05458088927989682,0.01935735925626713,-0.02175696767201578
WES,2024-03-06,3.202285665129936e-05,0.743288756465137,-0.007331229816560042,-0.022835525877988344,0.018352763985273614,0.07854795548523041
WEST,2023-03-20,0.002031021226887902,0.20800347595137994,-0.007041883240208399,0.006571399390161,-0.07574770293264592,-0.17662504236445023
WEST,2023-09-19,0.00020086229330003037,0.5087447715166021,-0.0583983550078673,-0.1205757356972535,-0.1673542334199108,-0.008139083557798313
WEST,2024-12-06,-0.0018711354708920303,0.67725133578448,-0.00016606369484638284,-0.047515855392370916,,
WFC,2017-05-05,-0.00013886225686221698,1.2617701889694826,-0.007017773487631383,-0.04000031970302078,-0.04875403630086435,-0.05986173789732449
WGO,2017-04-12,0.0012425040053449347,1.6354669381092461,-0.021247542039506934,-0.012378016183701513,-0.1035539387125069,0.1643770054799918
WGO,2020-04-13,0.0018588518838324336,1.39735536491925,-0.04102383795313454,-0.035187626603379665,0.3826869913198819,0.3047294374148984
WH,2019-08-19,7.301213700692329e-05,1.0031127723158544,0.01125922253604107,0.005467322536481134,0.01556237842215858,0.023200448060059758
WING,2015-06-17,,,,,,
WLKP,2018-03-07,-0.000312218667735901,0.513916203261155,-0.018952863794683007,-0.008688501523605145,0.015388592187630364,0.03326702333476823
WLKP,2018-12-03,0.0006306031272716806,0.3220252522513136,-0.0046769747093240365,-0.008220287826675736,0.017137409782111736,-0.03412120822259206
WLKP,2020-03-25,0.00026245121727621994,0.2573396178161604,0.07870293328599484,-0.008764237717141106,0.2232536266736151,0.30188879940160573
WMB,2017-06-20,0.0008274988628087802,1.5298827978272598,-0.026601702245594376,0.026907257359543316,0.04991270956325484,-0.020152314885086366
WMB,2018-11-06,-0.0004573616296488016,0.8120009006795725,0.007919341880718233,-0.04816451693897289,-0.051185113613740306,0.10528699042223379
WMB,2019-08-23,-0.00016930535156622328,0.8611053288892613,-0.01538725648668129,0.0010892967065983736,0.01041924445298881,-0.08776789317960144
WMB,2023-03-15,0.0005290974247144567,0.6665572337621585,-0.023262625595125964,-0.027047178211003144,-0.0332594299333228,-0.03982643088522685
WMK,2017-08-31,-0.0005840124091982504,0.7427978299354175,0.0004312195850613412,-0.04553439100266079,-0.031132219993282674,-0.11228309607422618
WMK,2017-11-14,-0.0018573807024375832,0.6180682107906025,0.04017231504381921,0.10366011591597442,0.2417716024555369,0.20138631952752967
WMK,2019-06-04,-0.0013152996470459852,0.3545574896995596,-0.0037484634143371085,-0.014272738739623276,-0.008991650434314949,0.09909377398039437
WMS,2015-03-03,,,,,,
WMS,2019-10-07,0.0004608428956619282,0.8959768617344149,0.010318713291164596,0.027855850717979608,0.022011475127116344,0.03793774115063936
WOOF,2021-01-21,,,,,,
WOW,2017-12-22,,,,,,
WOW,2018-03-22,,,,,,
WOW,2018-06-05,-0.0039972915063259005,0.6234126486262681,0.035586032787016345,0.11173683047679747,0.35294826183719835,0.5417571334577038
WOW,2018-12-14,0.0006642677483576109,0.7695735349531155,0.02053778090479919,-0.04956225433552611,-0.11354232748207713,0.0014644959558569107
WOW,2019-09-17,-0.0018852612024947083,0.9261817277244558,0.0314676255371399,0.06365354992735998,0.05108828625415994,0.148796826201772
WPC,2020-05-15,-0.0007037090806490989,1.091495986583782,0.027976312385192575,0.06159318912789225,0.1604569338742693,0.17188441519054196
WRD,2017-06-02,,,,,,
WSBC,2020-03-13,-0.00136212096981661,0.8835429580583051,-0.007483413823106397,0.043860290401009694,0.06849733390060025,0.023210184028185553
WSBC,2020-08-12,-0.0023693915859071732,1.1727302971529676,-0.02429369313817626,-0.036290529997301146,-0.009303614871581163,0.15291303347888446
WSBC,2023-05-19,-0.0002006620004543137,0.673716531345407,0.0010998390965999312,0.018358432924485486,0.059090549291947125,0.09544689696836547
WSC,2019-03-25,-0.0013636360805516971,1.0039008308425679,-0.04209749146778494,-0.0368399784875438,0.2094438772699473,0.29763324347291703
WSC,2024-11-19,-0.001264994924779425,1.1386216734464083,-0.009414769107144637,0.07655499649943853,,
WSR,2015-05-28,,,,,,
WSR,2016-08-22,0.0015483290806469418,0.7878701198846972,0.023404234361274062,-0.004664075890331668,-0.11651683183014552,-0.14360589946695584
WTBA,2016-03-02,0.0006586558926794497,0.8286628618856664,0.016987374395427888,-0.022874167435137715,-0.05704696127663341,-0.06529919657670459
WTBA,2019-05-23,-0.0008276068790158329,0.9001489299386025,0.006382305082089153,0.0009102190528068165,-0.022309053263516107,0.0009875137360294047
WTBA,2020-05-18,-0.00041764430119886956,1.0326200744122287,0.01143106502303029,0.07920812890767041,0.06867564629526376,0.012347951463210481
WTBA,2023-05-25,-0.001452422754501326,0.7798143410974169,-0.015051226615982377,0.04760381618413685,0.0458438838689993,0.13356790682229838
WTW,2016-03-03,-0.00017521942208996506,0.6844132330270294,-0.0010511546792657173,-0.0005062461505280186,-0.007274801011514266,0.06859827926156942
WULF,2022-04-13,0.0026482201310740984,1.6901249395220037,0.029882790690650755,-0.11340487678357822,-0.3857475111816647,-1.1385400616681534
WVE,2015-11-18,,,,,,
WWD,2022-09-06,-0.0003359239116244546,0.8762592604053374,0.0080533892430586,0.018375860557572194,0.02160626264025273,0.03129263879201223
WWW,2022-12-13,-0.0012075076600737286,1.2828621233236408,0.08256299380572296,0.024223357189098148,0.44136725583854064,0.6045965617628242
XERS,2018-06-27,,,,,,
XERS,2019-03-12,,,,,,
XHR,2015-12-08,,,,,,
XHR,2017-03-08,0.00034047201924933626,1.2584325711564537,-0.030131900803530717,-0.008660312866924435,0.04384565816604924,0.018124131088991004
XRAY,2019-06-07,0.000707928565970701,0.7073048179739164,0.014569361068874544,0.005256905648134844,-0.04393404997699086,-0.130185108028396
XRAY,2023-11-27,-0.00030552720724669706,1.03557107824664,0.006559164733712577,0.043109564045318696,0.1429587867425653,-0.007988321867836403
YEXT,2022-03-14,-0.003884468403279587,1.5204121533885067,0.009833871390962473,0.04855083512308028,0.14088359141940493,0.21918341235462432
YORW,2015-03-19,,,,,,
YORW,2015-10-19,5.163306246474865e-05,0.7656878573922534,-0.004184411019170387,-0.037014032012932116,-0.010305843357503378,0.10227185633917987
YORW,2016-04-18,0.0009814270566682896,0.4642593264000686,0.029810605654205617,-0.08178191451682877,-0.19561986145858187,-0.09788727502951504
YORW,2016-07-18,0.0014200437666518635,0.48501218351699227,-0.015199260489981206,-0.006987483478062464,-0.12526350915541595,-0.15106533901554622
YORW,2016-10-17,0.0009400859450005944,0.4317931157591776,0.05978745812248713,0.10313286340270282,0.226155896581493,0.13929207855584658
YORW,2016-12-21,0.0008198143349096965,0.5456270918603467,0.013917584473316095,0.004526445917843828,-0.1283404740763504,-0.15265014995471415
YORW,2017-04-19,7.959384348615067e-05,0.9501244527016324,0.03585320080646858,0.09076123477205168,-0.08406218746840739,-0.05928503679440066
YORW,2017-06-21,0.00021921643482458766,0.9061101532230871,-0.031052103534152907,-0.057971220581640316,-0.08059839632662297,-0.15310666870497774
YORW,2017-10-18,-0.0004222533211571843,1.213058233424199,0.015879973411493196,-0.02851782533106442,0.0050576666931909445,-0.1940390450622169
YORW,2017-12-21,-0.0010405369793832777,1.1577598186468723,0.001586722095119078,0.007734337564649906,-0.06542065273684186,-0.025884336130231916
YORW,2018-04-17,-0.0013229122041787307,0.7466605841583146,0.0006510844174965127,0.025102124352408654,0.04773714191162333,0.060378022411555696
YORW,2018-10-23,-0.0007334196183801063,0.5595063229859178,0.005777569559566321,0.008060520490542521,0.038679748727666594,0.04404245328736776
YORW,2018-12-28,-0.00023132800793181757,0.3737505912378787,0.022643575748319197,-0.009863192283454912,0.06064109622030489,0.07335429474360602
YORW,2019-03-21,0.0002949365491436847,0.4752109290796612,-0.01841275477350882,-0.010394245167262721,-0.035954270566685334,-0.01601152282325618
YORW,2019-07-17,0.0004852657199750699,0.49774332049368025,0.000594602968684133,0.0005832545959792521,0.06031027292108513,0.19783227766900546
YORW,2019-09-23,0.0011535718189430225,0.5122245681479936,0.03332919802715957,0.056655719919195734,-0.0054652629827020745,0.02533575811862572
YORW,2020-04-20,0.0018472344805194286,0.7428859533969626,-0.027870802403535264,-0.050120961114573606,-0.09412062045671897,-0.11380490265303231
YORW,2020-07-21,0.001142644486855322,1.2198167135554157,-0.02382419800660892,-0.02999368018747528,-0.241134368237873,-0.26610339924049187
YORW,2020-10-20,-0.00030910884898682225,1.2093334153786497,0.006251105829740006,0.01709103829267341,-0.04458748164593123,-0.06338963541655927
YORW,2021-01-20,-0.0004847683603062923,1.1927173143949017,-0.040175650312351,-0.03578405164764743,-0.07584018023372593,0.04297861787763222
YORW,2021-04-20,-0.0007831461523991489,0.7957106006901565,0.007909330873887047,-0.021947778708999763,0.0036779563271395975,-0.08237355335143638
YORW,2021-10-20,-0.00010299563845757323,0.7417264620924512,0.010221597624148914,0.007483378512797536,0.005783345113823977,-0.04084963790726983
YORW,2022-01-19,-0.00012041260683021445,0.710406228997764,0.011447794888279447,0.055556032295965015,0.06890269667659513,-0.030664706470315016
YORW,2022-04-20,-0.0003346132915106269,0.5141561563897418,0.0037600251182888372,-0.025687302547503232,0.04142580666137331,0.08911524899168183
YORW,2022-07-20,-0.0004100863399851793,0.27701271011717,-0.009052914061544797,0.005862919430969935,0.06679916676504255,-0.018736370511835562
YORW,2022-10-20,-7.361342258872148e-05,0.3294785927345301,-0.00610396388035404,0.021076752020093383,0.06854994842400099,0.0900249704333757
YORW,2023-01-19,0.00047615227410323173,0.41364460852097873,-0.012623992555137083,-0.023890659315623113,-0.07660947076465738,-0.07345052093211757
YORW,2023-03-22,0.00042450406764497423,0.46764500082736427,-0.02559156232719029,0.0030061140444506947,-0.057364479118532555,-0.07752637698433457
YORW,2023-07-21,0.0003182423609937021,0.5402425234251348,-0.015923738398819616,-0.04736162586218223,-0.06673245254208537,-0.14789367857549746
YORW,2023-10-23,-0.0003563242774162623,0.3927799165623572,-0.0017745247636085683,0.004474104817983514,0.07704447746743058,-0.014070940259317181
YORW,2024-01-19,-0.0009266896017000652,0.38023658398064264,0.019468107681984426,-0.005908825035788636,0.011410582696640893,-0.02412887116699052
YORW,2024-03-21,-0.0013021049626239368,0.5168276398422647,0.0009003510131604508,0.02760755406207572,0.09057219105116368,0.07421465829115878
YORW,2024-07-17,-0.0008089028209961275,0.6369146475941647,0.0297979851077215,0.055629831764713436,-0.008565040240544223,-0.07681441962743774
YORW,2024-10-17,-0.0002538552504383004,0.587192631874095,-0.004935839797954216,-0.0484146362110109,-0.06914049035482471,
YUMC,2024-08-19,-0.0031460456272592967,0.8310450147159003,-0.012361504406398698,0.010279154366907127,0.4386049091421191,0.5164101340257589
ZBH,2023-09-29,-9.012175137094395e-05,0.739074779421597,-0.0069951534584599484,-0.015028110554389901,-0.07838976258526059,0.008885176393146049
ZBIO,2024-09-20,,,,,,
ZBRA,2015-12-16,5.078214959294735e-05,1.2859088372969383,-0.04988384729290348,0.0034452452702725504,-0.077302575255315,-0.05205065265875994
ZBRA,2023-08-11,-0.0008476275717206081,1.6394482722951484,0.026457967225402022,0.10338626260105273,-0.03716456273357577,-0.1195434012261523
ZD,2023-06-02,-0.0001636356307397252,1.0517823033097728,0.04018374626283037,0.07136138908731278,0.13832423896341184,0.060577387417772646
ZETA,2024-11-19,0.0045176160807210465,1.6736027076344884,0.15839742265501966,-0.025446739085608475,,
ZEUS,2015-05-07,,,,,,
ZEUS,2017-05-18,-0.0017365717503001624,2.3641809878100206,-0.010091922631867381,-0.04873023690868078,0.1199559643940493,0.0033532211033536763
ZION,2023-05-08,-0.0024644058647279176,1.22473958799526,0.03761197770362587,0.042458068701374856,0.2110896942964424,0.5561621187683738
ZS,2018-03-20,,,,,,
ZUMZ,2023-06-13,-0.002806042257039821,1.48030776532613,-0.013524509225096576,0.10723254941385116,0.272523007641635,0.2796953856950276
ZVRA,2023-06-30,0.0006523935475079327,0.9561197293675681,0.006487164575419754,-0.0026494379508207183,0.04996185738265674,-0.00015843147834716104
ZVRA,2024-07-17,-0.0005256171027639863,1.392102701676649,0.005529287208758161,0.0181285860345579,0.1984408405505483,0.2776391817443929
