ticker,company_name,event_date,cluster_start,cluster_end,n_unique_insiders,n_transactions,insider_names,total_value,avg_price,first_trade_date,last_trade_date,first_filing_date,last_filing_date,market_cap,car_1,car_5,car_30,car_60
AA,Alcoa Inc.,2015-04-13,2015-04-10,2015-04-10,3,3,Harvey Roy Christopher; Sorrell Martin; Tata Ratan,88101,13.11,2015-04-10,2015-04-10,2015-04-13 09:56:52,2015-04-13 10:00:25,16532263936.0,0.019348680881999702,0.033603855560819795,-0.030670685301102174,-0.17827183434526694
AA,Alcoa Inc.,2016-02-11,2016-02-02,2016-02-09,4,4,Collins Arthur D Jr; Plant John C; Sorrell Martin; Tata Ratan,620712,7.785,2016-02-02,2016-02-09,2016-02-04 11:46:11,2016-02-11 10:16:47,16532263936.0,0.012554061260296567,0.007441236924244254,0.18382057701417276,0.1412602688799005
AA,Alcoa Inc.,2016-04-28,2016-04-20,2016-04-26,3,3,Schmidt Ulrich; Sorrell Martin; Tata Ratan,95281,10.326666666666666,2016-04-20,2016-04-26,2016-04-20 15:18:16,2016-04-28 14:11:33,16532263936.0,0.002047361767974043,-0.09056121379680615,-0.1619197528707097,-0.11005744579891208
AA,Alcoa Inc.,2016-07-21,2016-07-13,2016-07-20,3,3,Schmidt Ulrich; Sorrell Martin; Tata Ratan,95295,10.62,2016-07-13,2016-07-20,2016-07-15 08:04:11,2016-07-21 09:46:12,16532263936.0,-0.004461064234583922,0.00807192526345224,-0.04383863992241088,-0.15358677253084874
AAL,American Airlines Group Inc.,2019-06-05,2019-06-04,2019-06-04,7,7,Cahill John T; Eberwein Elise R; Isom Robert D Jr; Johnson Stephen L; Kerr Derek J; Leibman Maya; Parker W Douglas,3089880,27.90142857142857,2019-06-04,2019-06-04,2019-06-04 16:35:22,2019-06-05 17:58:36,8227395072.0,0.028048123287823357,0.039976308695777174,0.0882394832908906,-0.14100151409918693
AAOI,"Applied Optoelectronics, Inc.",2016-06-20,2016-05-25,2016-06-16,3,3,Chen Min-Chu (Mike); Moore Alan D; Yeh William H,1259180,10.07,2016-05-25,2016-06-16,2016-05-27 16:06:36,2016-06-20 06:00:52,6509804032.0,0.014006112032567186,-0.034374829445700694,0.13560673426538328,1.156346472992657
AAOI,"Applied Optoelectronics, Inc.",2024-03-19,2024-02-27,2024-03-18,3,4,Lin Che-Wei; Lin Chih-Hsiang (Thompson); Yeh William H,802352,13.35,2024-02-27,2024-03-18,2024-02-28 16:02:11,2024-03-19 16:20:18,6509804032.0,0.09993434199112339,0.10087896727386969,-0.21289564951554496,-0.2803463397395175
AAP,Advance Auto Parts Inc,2016-09-06,2016-08-18,2016-09-01,7,7,Bergstrom John F; Cushing Robert B; Ferraro John Francis; Greco Thomas; Slone Reuben E; Smith Jeffrey C; Tyson Charles E,12725464,158.37428571428572,2016-08-18,2016-09-01,2016-08-19 16:24:22,2016-09-06 20:30:21,3119791104.0,0.017943313102476877,-0.0230658539399613,-0.08148625021025091,0.05645383384984193
AAP,Advance Auto Parts Inc,2017-06-05,2017-05-26,2017-06-01,6,6,Buss Brad W; Greco Thomas; Karaboutis Adriana; Lee Eugene I Jr; Slone Reuben E; Smith Jeffrey C,49683126,134.28833333333333,2017-05-26,2017-06-01,2017-05-30 08:07:54,2017-06-05 16:06:12,3119791104.0,-0.04323830261875161,-0.046392371127124354,-0.28278857756326237,-0.3170642349092
AAP,Advance Auto Parts Inc,2023-06-13,2023-06-07,2023-06-09,6,6,Bailo Carla Jean; Ferraro John Francis; Hilson Joan M; Jones Jeffrey J II; Lee Eugene I Jr; Pertz Douglas A,1160726,65.43499999999999,2023-06-07,2023-06-09,2023-06-09 16:24:07,2023-06-13 16:39:19,3119791104.0,0.04169243567913483,0.021005848894542822,0.042853637341000894,-0.061492627474289185
ABBV,Abbvie Inc.,2019-06-28,2019-06-26,2019-06-26,3,3,Austin Roxanne S; Chase William J; Rapp Edward J,3326920,67.36666666666667,2019-06-26,2019-06-26,2019-06-28 16:47:26,2019-06-28 16:48:25,413503979520.0,0.034301042007340854,-0.00082132848045946,-0.0523187355721233,0.038355394337278303
ABCB,Ameris Bancorp,2017-06-02,2017-05-08,2017-05-31,3,3,Bowen William I. Jr.; Hill Leo J; McCague Elizabeth A,84540,44.69,2017-05-08,2017-05-31,2017-05-08 15:38:01,2017-06-02 11:42:06,5420123136.0,-0.002588768997075608,0.11784223093747803,0.051992673003725454,-0.003193031614015407
ABCB,Ameris Bancorp,2020-03-17,2020-03-11,2020-03-13,7,8,Bowen William I. Jr.; Creasy Ross L; Ezzell Robert Dale; Lynch Robert P; McKendry William D; Pierson Michael T; Proctor H Palmer Jr,639100,25.54,2020-03-11,2020-03-13,2020-03-12 09:55:12,2020-03-17 08:00:25,5420123136.0,-0.06888040209902258,-0.02338461328351671,0.008545293087855788,-0.18481578539883392
ABCB,Ameris Bancorp,2023-05-24,2023-05-01,2023-05-23,5,6,Choate William Millard; Lahaise James A; McKendry William D; Proctor H Palmer Jr; Stokes Nicole S,1228549,30.75333333333333,2023-05-01,2023-05-23,2023-05-02 16:47:14,2023-05-24 15:15:15,5420123136.0,-0.018741077945786944,-0.02751416425081954,-0.009178651355087553,0.18004155398963673
ABCL,Abcellera Biologics Inc.,2020-12-17,2020-12-15,2020-12-15,5,5,Hayden Michael R; Lecault Veronique; Montalbano John S.; Stimart Tryn; Thiel Peter,62443300,20.0,2020-12-15,2020-12-15,2020-12-17 20:30:08,2020-12-17 20:38:00,1124725376.0,0.033979745903827796,-0.108599688017473,-0.026299718295918595,-0.314239526612737
ABCL,Abcellera Biologics Inc.,2021-12-07,2021-11-11,2021-12-03,3,3,Booth Andrew; Lo Andrew; Thermopylae Holdings Ltd.,5207914,14.496666666666664,2021-11-11,2021-12-03,2021-11-15 06:05:11,2021-12-07 15:17:31,1124725376.0,0.09661235080942299,-0.035146159927082365,-0.30458544187831793,-0.3134353771773769
ABCL,Abcellera Biologics Inc.,2022-06-08,2022-05-12,2022-06-06,3,5,Booth Andrew; Lecault Veronique; Thermopylae Holdings Ltd.,13442226,6.659999999999999,2022-05-12,2022-06-06,2022-05-16 14:13:24,2022-06-08 15:32:53,1124725376.0,0.1059163340646877,0.27179964348046215,0.3316446069286496,0.43686912847917214
ABR,Arbor Realty Trust Inc,2020-03-17,2020-03-12,2020-03-16,3,4,Elenio Paul; Lazar Melvin F; Van Der Reis Dennis,243908,8.2875,2020-03-12,2020-03-16,2020-03-12 16:15:46,2020-03-17 16:30:29,1775591296.0,-0.37252624362523457,-0.4315655846998028,-0.2406801817906038,-0.014138233344088036
ABR,Arbor Realty Trust Inc,2023-11-29,2023-10-30,2023-11-27,3,8,Elenio Paul; Green William C; Kaufman Ivan,2277705,12.3325,2023-10-30,2023-11-27,2023-11-01 16:28:36,2023-11-29 16:40:56,1775591296.0,0.03159485831779896,0.09075517128004174,0.16767712710533988,-0.020976901352409705
ABSI,Absci Corp,2021-07-28,2021-07-26,2021-07-26,8,8,"Bedrick Todd; Casdin Eli; Casdin Partners Master Fund, L.P.; Jonasson Zachariah; Korman Sarah; McClain Sean; McGinnis Karen K; Redmile Group, LLC",80569600,16.0,2021-07-26,2021-07-26,2021-07-28 16:29:35,2021-07-28 21:01:15,386454848.0,0.22643662554964816,0.08627510632883584,-0.40633106251879725,-0.5253145522644069
ABSI,Absci Corp,2022-02-10,2022-01-19,2022-02-09,3,3,Bedrick Todd; Korman Sarah; McClain Sean,98343,7.46,2022-01-19,2022-02-09,2022-01-19 18:43:36,2022-02-10 09:01:18,386454848.0,0.10376375471305876,0.05408533647501401,-0.09503753003363502,-0.3729443105488285
ACCO,Acco Brands Corp,2018-11-02,2018-10-31,2018-11-01,3,3,Elisman Boris; Fenwick Neal V; Schneider Pamela R,156253,7.960000000000001,2018-10-31,2018-11-01,2018-11-01 14:29:56,2018-11-02 11:40:51,360544544.0,-0.010174307389682724,-0.032047635037699584,-0.12711431227210912,0.05827812450517522
ACDC,Profrac Holding Corp.,2024-05-28,2024-04-25,2024-05-23,3,5,"Thrc Holdings, LP; Wilks Farris; Wilks Matthew",33124140,12.588,2024-04-25,2024-05-23,2024-05-21 15:56:37,2024-05-28 16:50:26,906164672.0,0.022630550436625985,-0.045895014803174816,-0.18612852098219324,-0.3891179462454084
ACHR,Archer Aviation Inc.,2024-12-13,2024-11-21,2024-12-11,3,3,Diaz Deborah; Goldstein Adam D; Stellantis N.V.,5139698,6.416666666666667,2024-11-21,2024-12-11,2024-11-21 21:38:02,2024-12-13 15:37:26,4933213696.0,0.23302849461662922,0.3420874600080084,,
ACI,"Albertsons Companies, Inc.",2020-08-17,2020-08-03,2020-08-14,5,5,Allen Sharon L.; Davis Steven A; Fennebresque Kim S; Sankaran Vivek; Schumacher Alan H,543098,14.9,2020-08-03,2020-08-14,2020-08-05 16:05:26,2020-08-17 16:05:28,9623868416.0,0.009470908712313708,-0.03690556344526141,-0.06475377284081396,-0.0389288358738038
ACI,"Albertsons Companies, Inc.",2021-06-04,2020-06-30,2020-06-30,4,4,Dimond Robert B; Morris Susan; Pryor Juliette Williams; Theilmann Michael T,296000,16.0,2020-06-30,2020-06-30,2021-06-04 16:27:36,2021-06-04 16:34:48,9623868416.0,0.012780652724852182,0.004227232617664889,0.0073113174401509,0.3781768858156864
ACIC,American Coastal Insurance Corp,2023-09-21,2023-08-25,2023-09-20,3,3,Davis Kern Michael; Hood III William H.; Maroney Patrick,153202,7.456666666666667,2023-08-25,2023-09-20,2023-08-28 17:06:38,2023-09-21 16:42:18,565677568.0,0.018739635798579846,0.015006660860471976,0.01930860122407574,0.06413656204281426
ACLS,Axcelis Technologies Inc,2024-03-11,2024-02-23,2024-03-11,3,3,Coogan James Gordon; Lawson Douglas A.; Low Russell,116195,111.88666666666668,2024-02-23,2024-03-11,2024-02-26 08:15:07,2024-03-11 16:15:28,2662205440.0,-0.01006703089571992,-0.020532457675809357,-0.12229571440298426,0.08790685981334434
ACLX,"Arcellx, Inc.",2022-02-10,2022-02-08,2022-02-08,4,4,"Carroll Jill; New Enterprise Associates 15, L.P.; Novo Holdings A/s; Sr One Capital Management, LLC",86250000,15.0,2022-02-08,2022-02-08,2022-02-09 17:42:27,2022-02-10 08:41:09,6594698752.0,0.07391561322203066,0.09841993892262457,-0.001009961567280393,-0.3528223635133422
ACNB,Acnb Corp,2015-03-30,2015-03-06,2015-03-27,14,17,Cathell David W; Elsner Frank III; Glass Lynda L; Kelley Scott L; Lott James J; Miller Robert Wayne; Newell Donna M; Patterson J Emmett; Potts Daniel W; Schultz Marian B; Sites David L; Stock Alan J; Wheeler Harry L; Williams James Eugene,36624,20.502352941176472,2015-03-06,2015-03-27,2015-03-10 11:01:47,2015-03-30 10:00:31,519967520.0,-0.011748703241282299,-0.007484563132996058,-0.02208963551947274,0.0027847756166583526
ACNB,Acnb Corp,2015-06-26,2015-06-15,2015-06-25,12,13,Elsner Frank III; Glass Lynda L; Kelley Scott L; Lott James J; Miller Robert Wayne; Newell Donna M; Patterson J Emmett; Potts Daniel W; Schultz Marian B; Sites David L; Stock Alan J; Williams James Eugene,21850,20.564615384615383,2015-06-15,2015-06-25,2015-06-22 14:23:09,2015-06-26 14:22:26,519967520.0,0.020175454682771488,0.04245402743745175,0.021654082845630862,0.1081723284478413
ACNB,Acnb Corp,2015-09-21,2015-08-21,2015-09-15,13,14,Alloway Richard Lee II; Elsner Frank III; Glass Lynda L; Kelley Scott L; Lott James J; Miller Robert Wayne; Newell Donna M; Patterson J Emmett; Potts Daniel W; Schultz Marian B; Sites David L; Stock Alan J; Williams James Eugene,23250,20.464285714285715,2015-08-21,2015-09-15,2015-08-25 09:46:55,2015-09-21 15:30:58,519967520.0,0.008836037883210968,0.06487320708724642,-0.040536472747384256,-0.012787937517077408
ACNB,Acnb Corp,2015-12-18,2015-12-15,2015-12-15,13,13,Alloway Richard Lee II; Elsner Frank III; Glass Lynda L; Kelley Scott L; Lott James J; Miller Robert Wayne; Newell Donna M; Patterson J Emmett; Potts Daniel W; Schultz Marian B; Sites David L; Stock Alan J; Williams James Eugene,19250,21.48,2015-12-15,2015-12-15,2015-12-18 08:13:22,2015-12-18 09:11:51,519967520.0,0.00971313840987964,0.0002888006212824479,0.08404249950473708,0.038645460017565414
ACNB,Acnb Corp,2016-03-31,2016-03-15,2016-03-30,15,15,Alloway Richard Lee II; Cathell David W; Elsner Frank III; Glass Lynda L; Helt James; Kelley Scott L; Lott James J; Miller Robert Wayne; Newell Donna M; Patterson J Emmett; Potts Daniel W; Schultz Marian B; Sites David L; Stock Alan J; Williams James Eugene,29699,22.22666666666667,2016-03-15,2016-03-30,2016-03-18 14:28:25,2016-03-31 11:03:09,519967520.0,-0.016383523720774784,0.021619080154886672,0.007170117940583864,0.09807527301192343
ACNB,Acnb Corp,2016-06-21,2016-06-15,2016-06-15,16,16,Alloway Richard Lee II; Cathell David W; Elsner Frank III; Glass Lynda L; Helt James; Kelley Scott L; Lott James J; Miller Robert Wayne; Newell Donna M; Patterson J Emmett; Potts Daniel W; Ritter Thomas A; Schultz Marian B; Sites David L; Stock Alan J; Williams James Eugene,129250,24.0,2016-06-15,2016-06-15,2016-06-17 15:37:08,2016-06-21 14:09:24,519967520.0,0.027440741660183177,0.07376195949007336,0.023950222870449567,0.11561695040619457
ACNB,Acnb Corp,2016-09-21,2016-09-15,2016-09-15,13,13,Alloway Richard Lee II; Elsner Frank III; Glass Lynda L; Kelley Scott L; Lott James J; Miller Robert Wayne; Newell Donna M; Patterson J Emmett; Potts Daniel W; Schultz Marian B; Sites David L; Stock Alan J; Williams James Eugene,26750,27.089999999999993,2016-09-15,2016-09-15,2016-09-21 15:48:48,2016-09-21 16:54:52,519967520.0,-0.0007636582623495869,-0.020705465171646287,0.020988248404692378,0.13977484221044834
ACNB,Acnb Corp,2016-12-21,2016-11-22,2016-12-15,13,14,Alloway Richard Lee II; Elsner Frank III; Glass Lynda L; Kelley Scott L; Lott James J; Miller Robert Wayne; Newell Donna M; Patterson J Emmett; Potts Daniel W; Schultz Marian B; Sites David L; Stock Alan J; Williams James Eugene,28275,31.985714285714295,2016-11-22,2016-12-15,2016-12-06 13:30:32,2016-12-21 13:09:52,519967520.0,-0.0047394656846989625,-0.035629073175748815,-0.1113283453709063,-0.11999850512107546
ACNB,Acnb Corp,2017-03-24,2017-03-15,2017-03-22,13,14,Alloway Richard Lee II; Elsner Frank III; Glass Lynda L; Kelley Scott L; Lott James J; Miller Robert Wayne; Newell Donna M; Patterson J Emmett; Potts Daniel W; Schultz Marian B; Sites David L; Stock Alan J; Williams James Eugene,84375,30.546428571428574,2017-03-15,2017-03-22,2017-03-21 12:16:56,2017-03-24 14:22:34,519967520.0,-0.010173025194797347,-0.024342250972993473,0.040679787953517677,-0.04497018811197562
ACNB,Acnb Corp,2017-06-21,2017-05-19,2017-06-15,13,18,Alloway Richard Lee II; Elsner Frank III; Glass Lynda L; Kelley Scott L; Lott James J; Newell Donna M; Patterson J Emmett; Potts Daniel W; Schultz Marian B; Sites David L; Stock Alan J; Stone Thomas R; Williams James Eugene,206344,29.23944444444444,2017-05-19,2017-06-15,2017-05-23 09:23:24,2017-06-21 11:54:27,519967520.0,0.0024176161719565714,0.028952422937742694,-0.03859134980785617,-0.09392453309346116
ACNB,Acnb Corp,2017-09-12,2017-08-10,2017-09-07,11,11,Alloway Richard Lee II; Cathell David W; Elsner Frank III; Helt James; Lott James J; Newell Donna M; Rasmussen Tom N; Schultz Marian B; Seibel Douglas A; Sites David L; Stock Alan J,213293,26.65090909090909,2017-08-10,2017-09-07,2017-08-14 12:38:36,2017-09-12 11:59:18,519967520.0,-0.013077301340023828,0.019647760570250083,-0.0013915943024904731,0.040153988228688986
ACNB,Acnb Corp,2017-12-21,2017-09-15,2017-09-15,17,17,Alloway Richard Lee II; Elsner Frank III; Glass Lynda L; Herring Todd L; Kelley Scott L; Lott James J; Newell Donna M; Patterson J Emmett; Potts Daniel W; Rasmussen Tom N; Ritter Thomas A; Schultz Marian B; Seibel Donald Arthur Jr; Sites David L; Stock Alan J; Stone Thomas R; Williams James Eugene,43413,26.98,2017-09-15,2017-09-15,2017-09-20 14:49:54,2017-12-21 11:17:16,519967520.0,0.0032193423379947017,-0.011068664406116868,-0.08813177596268373,-0.01468564984716414
ACNB,Acnb Corp,2018-03-21,2018-03-15,2018-03-15,16,16,Alloway Richard Lee II; Elsner Frank III; Glass Lynda L; Herring Todd L; Kelley Scott L; Lott James J; Newell Donna M; Patterson J Emmett; Potts Daniel W; Ritter Thomas A; Schultz Marian B; Seibel Donald Arthur Jr; Sites David L; Stock Alan J; Stone Thomas R; Williams James Eugene,46750,29.38,2018-03-15,2018-03-15,2018-03-21 09:01:37,2018-03-21 14:33:33,519967520.0,6.797873669550647e-05,0.01591520221855036,0.0541945363633658,0.04068641500129866
ACNB,Acnb Corp,2018-06-21,2018-06-15,2018-06-15,17,17,Alloway Richard Lee II; Elsner Frank III; Glass Lynda L; Helt James; Herring Todd L; Kelley Scott L; Lott James J; Newell Donna M; Patterson J Emmett; Potts Daniel W; Ritter Thomas A; Schultz Marian B; Seibel Donald Arthur Jr; Sites David L; Stock Alan J; Stone Thomas R; Williams James Eugene,49250,31.630000000000003,2018-06-15,2018-06-15,2018-06-20 16:21:02,2018-06-21 10:04:02,519967520.0,0.1115998482755608,0.078966593488217,0.028252664236551484,0.17844519337064213
ACNB,Acnb Corp,2018-12-20,2018-11-26,2018-12-14,6,7,Elsner Frank III; Glass Lynda L; Helt James; Seibel Douglas A; Sites David L; Stone Thomas R,44390,36.09428571428572,2018-11-26,2018-12-14,2018-11-28 09:57:57,2018-12-20 14:22:17,519967520.0,0.0442052829861691,-0.020868750463902686,-0.1827654471847575,-0.21748083768798765
ACNB,Acnb Corp,2019-03-21,2019-03-15,2019-03-15,4,4,Elsner Frank III; Glass Lynda L; Helt James; Stone Thomas R,4250,37.11,2019-03-15,2019-03-15,2019-03-21 11:36:18,2019-03-21 14:21:24,519967520.0,-0.02574336469860028,-0.007769362982758321,0.01881165833570897,-0.007290814487033392
ACNB,Acnb Corp,2019-06-20,2019-06-14,2019-06-14,4,4,Elsner Frank III; Glass Lynda L; Helt James; Stone Thomas R,4250,36.47,2019-06-14,2019-06-14,2019-06-20 12:37:42,2019-06-20 14:37:35,519967520.0,-0.0027092772354448957,-0.017799964614490293,-0.002010431268310242,-0.07017049179003276
ACNB,Acnb Corp,2019-09-19,2019-09-13,2019-09-13,4,4,Elsner Frank III; Glass Lynda L; Helt James; Stone Thomas R,4250,35.48,2019-09-13,2019-09-13,2019-09-19 11:50:49,2019-09-19 13:29:03,519967520.0,0.02895227960383795,-0.01765828036917949,-0.0060892517215196396,-0.021023368897599592
ACNB,Acnb Corp,2019-12-20,2019-12-13,2019-12-13,4,4,Elsner Frank III; Glass Lynda L; Helt James; Stone Thomas R,4250,35.94,2019-12-13,2019-12-13,2019-12-20 08:40:47,2019-12-20 10:21:25,519967520.0,-0.004576391756511811,-0.008164482299794051,-0.06330941111895783,-0.10623957656800886
ACNB,Acnb Corp,2020-03-20,2020-03-13,2020-03-18,5,5,Elsner Frank III; Glass Lynda L; Helt James; Potts Daniel W; Stone Thomas R,24936,22.654,2020-03-13,2020-03-18,2020-03-20 11:39:23,2020-03-20 13:42:09,519967520.0,0.09389850564764313,0.006598374679630092,-0.128277407083496,-0.20718081925303866
ACNB,Acnb Corp,2020-06-19,2020-06-15,2020-06-15,4,4,Elsner Frank III; Glass Lynda L; Helt James; Stone Thomas R,4750,25.31,2020-06-15,2020-06-15,2020-06-19 11:54:11,2020-06-19 13:49:52,519967520.0,-0.004356265894981393,0.023949937554142098,-0.1626039618029299,-0.20205826095706103
ACNB,Acnb Corp,2020-09-30,2020-09-15,2020-09-29,7,8,Elsner Frank III; Glass Lynda L; Helt James; Kelley Scott L; Rasmussen Tom N; Sites David L; Stone Thomas R,78118,21.10875,2020-09-15,2020-09-29,2020-09-21 13:06:12,2020-09-30 14:39:42,519967520.0,-0.05030267068209471,0.0034765538234433624,0.020109149955221506,0.07754948895963287
ACNB,Acnb Corp,2020-12-30,2020-12-15,2020-12-28,6,8,Elsner Frank III; Glass Lynda L; Helt James; Schultz Marian B; Sites David L; Stone Thomas R,163741,26.27875,2020-12-15,2020-12-28,2020-12-18 15:22:28,2020-12-30 09:08:08,519967520.0,-0.02187519684493333,0.031027552566262884,-0.010936795090209062,0.10785230409823154
ACNB,Acnb Corp,2021-04-01,2021-03-15,2021-03-31,5,5,Elsner Frank III; Glass Lynda L; Helt James; Kelley Scott L; Stone Thomas R,13870,31.8,2021-03-15,2021-03-31,2021-03-19 14:15:58,2021-04-01 13:23:09,519967520.0,-0.022918532761386112,-0.04405328174987633,-0.07737361316531555,-0.10701754422433085
ACNB,Acnb Corp,2021-06-21,2021-06-15,2021-06-15,4,4,Elsner Frank III; Glass Lynda L; Helt James; Stone Thomas R,4750,28.27,2021-06-15,2021-06-15,2021-06-21 09:14:17,2021-06-21 14:01:14,519967520.0,-0.006347194444517701,-0.005997353720816001,-0.041863477337211075,-0.068170441577873
ACNB,Acnb Corp,2021-09-21,2021-09-15,2021-09-15,4,4,Chaney Kimberly S; Elsner Frank III; Helt James; Stone Thomas R,6625,27.63,2021-09-15,2021-09-15,2021-09-21 10:40:07,2021-09-21 12:46:59,519967520.0,-0.002972124783643171,0.019316672659462242,-0.045972645407694746,-0.004670769143021669
ACNB,Acnb Corp,2021-12-21,2021-12-15,2021-12-15,3,3,Elsner Frank III; Helt James; Stone Thomas R,3750,29.37,2021-12-15,2021-12-15,2021-12-21 10:55:28,2021-12-21 12:06:14,519967520.0,-0.003937854680367225,0.03110948162612881,0.12777743521398233,0.18711073027235814
ACNB,Acnb Corp,2022-03-18,2022-02-14,2022-03-16,5,7,Elsner Frank III; Helt James; Kelley Scott L; Stock Alan J; Stone Thomas R,239876,32.75714285714286,2022-02-14,2022-03-16,2022-02-15 08:51:19,2022-03-18 17:04:28,519967520.0,-0.0008092336053679983,0.008365422590397298,0.07497231167055673,0.10617723588671213
ACNB,Acnb Corp,2022-07-01,2022-06-14,2022-06-30,6,7,Elsner Frank III; Helt James; Kelley Scott L; Lott James J; Sites David L; Stone Thomas R,184253,31.56857142857143,2022-06-14,2022-06-30,2022-06-16 16:16:04,2022-07-01 10:37:14,519967520.0,0.04005809694681961,0.025283474036872366,0.08582812040223398,0.0785872301319317
ACNB,Acnb Corp,2022-09-20,2022-09-15,2022-09-15,3,3,Elsner Frank III; Helt James; Stone Thomas R,3750,32.73,2022-09-15,2022-09-15,2022-09-20 13:04:36,2022-09-20 15:56:28,519967520.0,0.02381405331149178,0.010178225207676861,0.11558683628513067,0.16169800748217233
ACNB,Acnb Corp,2022-12-20,2022-12-15,2022-12-15,3,3,Elsner Frank III; Helt James; Stone Thomas R,10202,37.87,2022-12-15,2022-12-15,2022-12-20 15:32:28,2022-12-20 16:09:48,519967520.0,0.03525489195297049,0.027232113243890188,-0.06770558839464869,-0.20883436796616595
ACNB,Acnb Corp,2023-03-21,2023-03-15,2023-03-15,3,3,Elsner Frank III; Helt James; Stone Thomas R,5196,31.92,2023-03-15,2023-03-15,2023-03-20 15:00:20,2023-03-21 14:43:12,519967520.0,0.0010439225526114315,0.010755926906234059,-0.15391439215609148,-0.08352285979766871
ACNB,Acnb Corp,2023-06-21,2023-05-18,2023-06-15,3,6,Elsner Frank III; Helt James; Stock Alan J,158167,30.956666666666667,2023-05-18,2023-06-15,2023-05-22 14:50:47,2023-06-21 14:15:58,519967520.0,0.029064198552144593,0.028705805606834445,0.07364555421164543,0.042696648838406626
ACNB,Acnb Corp,2023-09-20,2023-08-21,2023-09-15,3,4,Elsner Frank III; Helt James; Kelley Scott L,36271,32.724999999999994,2023-08-21,2023-09-15,2023-08-22 15:20:03,2023-09-20 13:13:54,519967520.0,-0.006562216241178476,-0.004410013795397072,0.06631019592762655,0.2967470167237731
ACRS,"Aclaris Therapeutics, Inc.",2015-10-30,2015-10-07,2015-10-28,6,12,"Cha Albert; Fmr LLC; Mehra Anand; Ra Capital Management, LLC; Sofinnova Venture Partners Viii, L.P.; Vivo Ventures Vii, LLC",51891209,12.07,2015-10-07,2015-10-28,2015-10-09 16:03:48,2015-10-30 15:53:11,329369536.0,0.00852442616337079,0.014372792633143616,0.6048916933837026,0.5452307773522411
ACRS,"Aclaris Therapeutics, Inc.",2018-04-09,2018-04-05,2018-04-06,3,3,Ruffo Frank; Tullman Stephen A.; Walker Neal,629856,16.626666666666665,2018-04-05,2018-04-06,2018-04-09 08:38:48,2018-04-09 16:51:51,329369536.0,0.03316359067025876,0.05089371865076586,0.10722450570761599,0.15275607258076263
ACT,"Enact Holdings, Inc.",2021-09-20,2021-09-20,2021-09-20,11,11,Addesso Dominic James; Derstine Michael; Fisk John D; Gould Brian; Gupta Rohit; Mitchell Hardin Dean; Restrepo Robert P Jr; Sheehan Daniel J IV; Still Debra; Thompson Westley V; Waleski Anne G,3040000,19.0,2021-09-20,2021-09-20,2021-09-20 16:05:27,2021-09-20 16:11:29,6179010048.0,0.018102709280010676,0.08669034569720702,0.1127704928842761,0.05036384611484279
ADC,Agree Realty Corp,2015-06-29,2015-06-03,2015-06-26,3,3,Agree Joey; Agree Richard; Rubenfaer William S.,650484,29.909999999999997,2015-06-03,2015-06-26,2015-06-04 14:04:15,2015-06-29 12:28:10,9861194752.0,0.00739935192004193,0.0292501305642614,0.04174009228562514,0.09656717608979337
ADC,Agree Realty Corp,2017-05-17,2017-05-04,2017-05-17,4,4,Agree Richard; Frankel Merrie S.; Rakolta John Jr; Rubenfaer William S.,1683262,44.8975,2017-05-04,2017-05-17,2017-05-04 16:05:18,2017-05-17 16:48:22,9861194752.0,0.023824463878279634,0.019429898845107152,0.02922056883048496,0.07196444399173285
ADC,Agree Realty Corp,2019-07-16,2019-06-26,2019-07-01,3,3,Agree Joey; Erlich Craig; Rakolta John Jr,708854,63.78666666666666,2019-06-26,2019-07-01,2019-06-27 08:30:15,2019-07-16 16:16:49,9861194752.0,-0.00370027826296615,0.01518920446517813,0.1663338759439169,0.1690788219254914
ADC,Agree Realty Corp,2019-12-19,2019-12-09,2019-12-17,4,5,Agree Richard; Erlich Craig; Lehmkuhl Greg; Rubenfaer William S.,1728802,69.37,2019-12-09,2019-12-17,2019-12-11 07:50:19,2019-12-19 09:00:26,9861194752.0,-0.012511641382768945,0.001647360270473408,0.0776813265116636,-0.046275031565703895
ADC,Agree Realty Corp,2020-04-06,2020-03-16,2020-04-03,4,6,Erlich Craig; Frankel Merrie S.; Lehmkuhl Greg; Rossi Jerome R,222899,56.400000000000006,2020-03-16,2020-04-03,2020-03-17 08:30:20,2020-04-06 08:30:21,9861194752.0,-0.01604687222218426,0.010205068725608113,-0.1059695384215027,-0.058785909171843675
ADC,Agree Realty Corp,2021-03-04,2021-02-22,2021-03-03,6,8,Agree Joey; Agree Richard; Erlich Craig; Lehmkuhl Greg; Leopold Simon; Rakolta John Jr,3916881,63.4575,2021-02-22,2021-03-03,2021-02-24 16:09:26,2021-03-04 08:00:20,9861194752.0,0.01981829331501439,0.015498159732078465,-0.0020624441892052037,0.02356730595992862
ADC,Agree Realty Corp,2021-10-08,2021-09-13,2021-10-08,6,8,Agree Joey; Agree Richard; Erlich Craig; Frankel Merrie S.; Judlowe Michael; Rakolta John Jr,2114674,62.545,2021-09-13,2021-10-08,2021-09-14 16:05:24,2021-10-08 16:05:21,9861194752.0,-0.0020670407702875204,-0.0006376710640230154,-0.04663372343484973,-0.03887194027693619
ADC,Agree Realty Corp,2023-05-30,2023-05-08,2023-05-26,5,9,Agree Joey; Breslin Stephen; Coughenour Peter; Erlich Craig; Rakolta John Jr,2540326,65.45333333333332,2023-05-08,2023-05-26,2023-05-10 07:00:06,2023-05-30 06:30:09,9861194752.0,0.007388725941897656,-0.002706024047208988,-0.05163127823932179,-0.0746144167899736
ADC,Agree Realty Corp,2023-08-16,2023-08-02,2023-08-15,5,6,Agree Joey; Agree Richard; Coughenour Peter; Erlich Craig; Rakolta John Jr,4561021,62.76833333333334,2023-08-02,2023-08-15,2023-08-03 06:30:08,2023-08-16 06:30:08,9861194752.0,0.01035496150146109,0.011863130098988428,-0.0670672462955001,-0.047357092060258954
ADC,Agree Realty Corp,2024-01-11,2023-12-11,2024-01-10,4,4,Agree Joey; Agree Richard; Lehmkuhl Greg; Rakolta John Jr,1672536,61.162499999999994,2023-12-11,2024-01-10,2023-12-12 06:30:06,2024-01-11 06:30:06,9861194752.0,0.005990997710066948,-0.034408176023577264,-0.155220896431721,-0.14528560509665722
ADC,Agree Realty Corp,2024-03-15,2024-02-15,2024-03-14,4,6,Agree Joey; Agree Richard; Breslin Stephen; Rakolta John Jr,3532572,56.51,2024-02-15,2024-03-14,2024-02-16 06:30:17,2024-03-15 06:30:06,9861194752.0,0.012551835659461053,-0.004618992820153656,0.06160808149994179,0.05782611389073389
ADM,Archer Daniels Midland Co,2015-11-30,2015-11-04,2015-11-24,4,5,Luciano Juan R; Sanchez Francisco J; Taets Joseph D.; Young Ray G,569403,38.706,2015-11-04,2015-11-24,2015-11-04 15:27:53,2015-11-30 15:54:01,32716912640.0,0.0012382087537827768,-0.02302461465763317,0.011551729357271223,0.02641156549677348
ADMA,"Adma Biologics, Inc.",2015-03-23,2015-03-13,2015-03-19,6,8,Grossman Adam S; Grossman Jerrold B; Guiheen Lawrence P.; Lenz Brian; Mond James; Richman Eric I,209769,8.161249999999999,2015-03-13,2015-03-19,2015-03-17 20:43:28,2015-03-23 16:20:03,3908771072.0,0.09300326212475818,0.02129110223413555,-0.11079492046878703,-0.0703151968038267
ADMA,"Adma Biologics, Inc.",2015-12-22,2015-11-19,2015-12-18,3,10,Grossman Adam S; Grossman Jerrold B; Lenz Brian,250456,8.998000000000001,2015-11-19,2015-12-18,2015-11-23 16:05:41,2015-12-22 08:01:24,3908771072.0,-0.02227659183718156,-0.06588247620805177,-0.2794356079600854,-0.3157519606711996
ADMA,"Adma Biologics, Inc.",2016-05-05,2016-05-03,2016-05-03,4,4,Grossman Adam S; Grossman Jerrold B; Lenz Brian; Mond James,1618754,6.5,2016-05-03,2016-05-03,2016-05-05 19:25:21,2016-05-05 19:27:25,3908771072.0,-0.07478330627164509,-0.11985202122079142,0.04505886494064226,-0.07886980516778996
ADPT,Adaptive Biotechnologies Corp,2019-07-03,2019-07-01,2019-07-01,4,4,Cohen Chad M; Hill Nancy Louise; Viking Global Investors LP; Viking Global Performance LLC,10244000,20.0,2019-07-01,2019-07-01,2019-07-02 17:11:32,2019-07-03 17:52:06,2472773120.0,0.03480794310843116,-0.04185764316420004,0.2691043715065099,-0.22174966809282515
ADT,Adt Inc.,2023-05-08,2023-05-04,2023-05-05,5,5,Haenggi Jamie Elizabeth; Jackson Delu; Porpora Kenneth; Thorsen Wayne; Young Donald M.,999164,5.392,2023-05-04,2023-05-05,2023-05-04 20:26:44,2023-05-08 16:34:32,5617552384.0,0.054467145601489686,0.05116207249120919,0.008715882871884295,0.013312489850545006
ADTN,"Adtran Holdings, Inc.",2022-09-06,2022-09-01,2022-09-04,4,4,Foliano Michael; McCray Gregory James; Stanton Thomas R; Wilson James Denson Jr,9840,22.33,2022-09-01,2022-09-04,2022-09-06 17:49:39,2022-09-06 18:49:14,791545984.0,-0.11553501400997146,-0.16841846836538976,-0.08587001411564221,-0.146056527096725
AES,Aes Corp,2015-11-13,2015-11-09,2015-11-12,4,4,Da Santos Bernerd; Gluski Andres; Hackenson Elizabeth; O'Flynn Thomas M.,501370,9.975,2015-11-09,2015-11-12,2015-11-09 20:48:59,2015-11-13 16:11:14,10097874944.0,0.004414202327905237,-0.02798867999071175,-0.030856726885104213,0.03820723423147332
AES,Aes Corp,2017-11-14,2017-11-10,2017-11-13,4,4,Da Santos Bernerd; Gluski Andres; Miller Brian A; O'Flynn Thomas M.,501027,10.475,2017-11-10,2017-11-13,2017-11-13 08:07:11,2017-11-14 19:51:18,10097874944.0,0.011937799579237018,-0.023985575251257996,-0.047774312329415536,-0.07246891643750963
AES,Aes Corp,2020-03-23,2020-03-13,2020-03-20,11,11,Da Santos Bernerd; Freedman Paul L; Gluski Andres; Khanna Tarun; Krueger Lisa; Mendoza Tish; Moreno Leonardo; Morse John B Jr; Nebreda Julian; Pimenta Gustavo; Rubiolo Juan Ignacio,541406,9.937272727272727,2020-03-13,2020-03-20,2020-03-16 06:22:32,2020-03-23 16:24:12,10097874944.0,0.0038357605145118434,0.0072255968016325944,-0.14033050397113933,-0.22101589292270862
AES,Aes Corp,2023-08-16,2023-08-08,2023-08-16,3,3,Laulis Julia M.; Monie Alain; Shaughnessy Maura,1240288,19.08,2023-08-08,2023-08-16,2023-08-08 16:07:28,2023-08-16 16:04:35,10097874944.0,0.017679727406565426,0.017461864888671075,-0.14430029682461198,-0.10493796183944915
AES,Aes Corp,2024-04-15,2023-11-07,2023-11-21,6,7,Coughlin Stephen; Da Santos Bernerd; Falu Ricardo Manuel; Freedman Paul L; Gluski Andres; Rubiolo Juan Ignacio,1004889,16.504285714285714,2023-11-07,2023-11-21,2023-11-08 07:29:35,2024-04-15 19:50:19,10097874944.0,-0.04145736292759816,0.012885210674652425,0.22915663528044372,0.02481513570967797
AESI,Atlas Energy Solutions Inc.,2023-03-15,2023-03-13,2023-03-13,3,3,Allison Jeffrey L; Brigham Ben M; Rogers Douglas G,5301000,18.0,2023-03-13,2023-03-13,2023-03-15 18:54:12,2023-03-15 19:02:28,1230438656.0,-0.0406811471457027,-0.016831173776767128,0.020252586476392054,-0.02437443790582816
AFRM,"Affirm Holdings, Inc.",2021-01-28,2021-01-13,2021-01-15,5,5,"Founders Fund V Management, LLC; Gic Private Ltd; Khosla Ventures Iv, L.P.; Philips Jeremy; Rabois Keith",15304415,49.0,2021-01-13,2021-01-15,2021-01-15 16:19:15,2021-01-28 21:38:24,15932683264.0,-0.04254489178583698,0.001588643681068591,-0.2967601048278844,-0.37850870600399866
AGIO,"Agios Pharmaceuticals, Inc.",2019-11-15,2019-11-12,2019-11-13,3,3,Celgene Corp /de/; Fouse Jacqualyn A; Schenkein David P,13999941,31.0,2019-11-12,2019-11-13,2019-11-14 16:06:15,2019-11-15 16:05:09,1668705024.0,0.04843648288542313,0.08664643027246788,0.350911141268504,0.42609095044220036
AGM,Federal Agricultural Mortgage Corp,2020-06-12,2020-05-14,2020-06-11,3,3,Dobrinski Everett M; Faivre-Davis Sara Louise; Sexton Robert G,241345,59.56666666666666,2020-05-14,2020-06-11,2020-05-18 16:35:16,2020-06-12 17:30:05,1728756992.0,0.05316392718803398,0.02762091847731174,-0.13454772131341441,-0.020011706735040935
AGO,Assured Guaranty Ltd,2020-04-02,2020-03-12,2020-03-31,3,8,Borges Francisco L; Feldstein Andrew T; Jones Thomas W,6021028,26.0925,2020-03-12,2020-03-31,2020-03-16 16:21:03,2020-04-02 17:19:04,4135851008.0,-0.09896889677902598,0.22750471040418985,-0.13377867897075713,-0.21092800839390047
AGYS,Agilysys Inc,2015-03-12,2015-02-06,2015-02-10,3,3,Dennedy Jim; Jones Jerry C; Seebeck Janine K.,87097,10.473333333333334,2015-02-06,2015-02-10,2015-02-10 16:10:57,2015-03-12 18:06:13,2205092096.0,0.024131081307992908,0.031348760019266564,0.06544983596485654,-0.017448032919655354
AGYS,Agilysys Inc,2020-03-23,2020-03-16,2020-03-17,3,3,Jones Dana Sue; Keating Melvin L; Srinivasan Ramesh,246767,17.536666666666665,2020-03-16,2020-03-17,2020-03-16 20:24:19,2020-03-23 09:46:17,2205092096.0,0.02085096080998894,-0.028135874597406962,0.04024615482591254,0.09677317770283866
AHCO,Adapthealth Corp.,2022-03-15,2022-03-02,2022-03-11,3,4,"Clemens Jason A; Griggs Stephen P; Skyknight Capital Fund Ii, L.P.",1376919,15.37,2022-03-02,2022-03-11,2022-03-03 16:38:05,2022-03-15 17:01:45,1277599232.0,0.03618208114597299,0.043008187263790854,-0.1367416259381552,0.17904306199958409
AHCO,Adapthealth Corp.,2022-06-21,2022-05-20,2022-06-16,3,6,"Skyknight Aero Holdings Ii, LLC; Skyknight Capital Fund Ii, L.P.; Skyknight Capital, L.P.",9592551,17.231666666666666,2022-05-20,2022-06-16,2022-05-24 16:43:31,2022-06-21 16:15:19,1277599232.0,0.015525558496459091,0.045951296022355814,0.30776917503750223,0.043835341983892384
AHH,"Armada Hoffler Properties, Inc.",2019-06-20,2019-06-18,2019-06-18,6,6,Cherry James C.; Haddad Louis S; Hardy Eva S; Hoffler Daniel A; O'Hara Michael P; Snow John W.,610000,25.0,2019-06-18,2019-06-18,2019-06-20 16:27:47,2019-06-20 16:45:28,647902656.0,-0.005754435584923501,-0.038982565167131944,0.01149166704950133,0.04172285294445155
AHH,"Armada Hoffler Properties, Inc.",2020-03-19,2020-03-13,2020-03-17,3,3,Cherry James C.; Haddad Louis S; Hoffler Daniel A,637872,9.443333333333332,2020-03-13,2020-03-17,2020-03-16 18:51:23,2020-03-19 17:10:22,647902656.0,0.004632848653612576,0.12161883383455341,-0.0568701958130009,-0.1428764978234438
AHH,"Armada Hoffler Properties, Inc.",2024-04-17,2024-03-12,2024-04-04,4,4,Allen George F; Gartman Dennis H.; Kirk A Russell; Wimbush Frederick Blair,75221,10.4325,2024-03-12,2024-04-04,2024-03-14 17:17:30,2024-04-17 16:12:59,647902656.0,0.023852534505561795,0.042939801627112306,0.07035004852963711,0.05203222850461775
AHH,"Armada Hoffler Properties, Inc.",2024-07-11,2024-07-05,2024-07-10,3,3,Gartman Dennis H.; Kirk A Russell; Wimbush Frederick Blair,60432,11.05,2024-07-05,2024-07-10,2024-07-09 17:12:30,2024-07-11 16:34:19,647902656.0,0.06300290494984395,0.06610670758421533,0.08600892667193849,-0.026156267270677214
AHH,"Armada Hoffler Properties, Inc.",2024-10-07,2024-09-26,2024-10-03,8,10,Allen George F; Carroll James A; Cherry James C.; Gartman Dennis H.; Haddad Louis S; Hoffler Daniel A; Kirk A Russell; Wimbush Frederick Blair,3249479,10.594,2024-09-26,2024-10-03,2024-09-30 16:57:13,2024-10-07 17:05:07,647902656.0,0.0033584856475987745,-0.01794613317839122,-0.005257896633253711,
AI,Arlington Asset Investment Corp.,2017-11-06,2017-10-27,2017-11-03,3,3,Konzmann Richard Ernst; Michael Ralph S III; Tonkel J Rock Jr,158652,11.333333333333334,2017-10-27,2017-11-03,2017-10-30 09:00:17,2017-11-06 08:59:48,1280854912.0,,,,
AIN,Albany International Corp /de/,2024-11-05,2024-11-05,2024-11-05,4,4,Gaug Joseph M; Hansen Robert Alan; Kleveland Gunnar; Starr Robert D.,317204,71.285,2024-11-05,2024-11-05,2024-11-05 13:03:39,2024-11-05 13:18:37,1681119744.0,0.10257100257670815,0.10864554707193763,0.07504537787076648,
ALAB,"Astera Labs, Inc.",2024-03-22,2024-03-22,2024-03-22,3,3,Alba Manuel; Hurlston Michael E.; Lazar Jack R,1322892,36.0,2024-03-22,2024-03-22,2024-03-22 16:46:59,2024-03-22 17:06:09,18689552384.0,0.32967297957081165,0.10872826857134699,0.22839633825344396,-0.003423257845435179
ALB,Albemarle Corp,2015-02-12,2015-01-30,2015-02-11,4,4,Maine Douglas L; Nokes Jim W; Obrien James J /ky; Sherman John Jr,696732,49.28,2015-01-30,2015-02-11,2015-01-30 16:49:57,2015-02-12 16:15:46,19412971520.0,0.012740567123705082,0.022232692442198942,-0.02405920009483431,0.17350679412892078
ALB,Albemarle Corp,2023-05-15,2023-05-05,2023-05-10,3,3,Coleman Kristin M.; Masters J Kent; Norris Eric,1489774,186.3766666666667,2023-05-05,2023-05-10,2023-05-08 16:46:54,2023-05-15 16:15:28,19412971520.0,0.053717866367134715,0.0372083462317343,0.04609601524487905,-0.10672166438916275
ALCO,Alico Inc,2016-03-07,2016-02-12,2016-03-04,4,4,Brokaw George R; Krusen W Andrew Jr; Trafelet Remy W; Wilson Clayton G,351324,24.625,2016-02-12,2016-03-04,2016-02-16 12:00:12,2016-03-07 16:14:59,311472352.0,-0.027827395371888275,-0.06557002230301512,-0.009429125738284583,0.0866346785889629
ALDX,"Aldeyra Therapeutics, Inc.",2019-10-02,2019-09-06,2019-09-30,5,10,Brady Todd C; Bronstein Ben; Clark David J; Douglas Richard; Joyce Martin Joseph,556220,5.705,2019-09-06,2019-09-30,2019-09-10 17:01:08,2019-10-02 07:36:25,307431776.0,0.08302937663214749,0.034495392697811544,0.15226329246087156,0.18325984716974442
ALEX,"Alexander & Baldwin, Inc.",2015-09-02,2015-08-25,2015-09-02,3,5,Ching Meredith J; Hulihee David C; Kuriyama Stanley M,1012090,33.652,2015-08-25,2015-09-02,2015-08-25 20:44:46,2015-09-02 20:07:54,1516842112.0,0.015081975622703192,0.019216406368826933,0.05392128138918362,0.031100623973814523
ALEX,"Alexander & Baldwin, Inc.",2020-03-17,2020-03-11,2020-03-17,3,6,Benjamin Christopher J; Harrison Robert S; Pasquale Douglas M,296112,11.381666666666666,2020-03-11,2020-03-17,2020-03-11 14:43:26,2020-03-17 20:54:18,1516842112.0,-0.10062529777627893,0.030775301847943082,0.12380470469790095,-0.037922448667917275
ALGN,Align Technology Inc,2019-08-14,2019-08-02,2019-08-14,3,3,Hogan Joseph M; Myong Anne; Pudipeddi Vamsi Mohan Raj,1304943,188.33,2019-08-02,2019-08-14,2019-08-06 18:13:03,2019-08-14 19:06:23,13238909952.0,-0.014919148620590739,-0.030482393329459456,-0.036437860812917,0.36445588510655536
ALGN,Align Technology Inc,2022-11-03,2022-11-02,2022-11-02,3,3,Hogan Joseph M; Myong Anne; Thaler Warren S,2485142,190.01666666666668,2022-11-02,2022-11-02,2022-11-03 17:05:32,2022-11-03 17:08:50,13238909952.0,0.00638258089303112,0.04429161146220495,0.07972117925824018,0.4767960681011225
ALLO,"Allogene Therapeutics, Inc.",2018-10-17,2018-10-15,2018-10-15,6,6,"Belldegrun Arie; Chang David D; Humer Franz B; Pfizer Inc; Tpg Group Holdings (Sbs) Advisors, Inc.; Witte Owen N.",15310008,18.0,2018-10-15,2018-10-15,2018-10-17 17:10:22,2018-10-17 17:32:48,568567232.0,-0.06575074368612943,-0.07648678760050875,0.2223543308529603,0.14648453286848462
ALLY,Ally Financial Inc.,2016-05-05,2016-05-04,2016-05-04,3,3,Brown Jeffrey Jonathan; Halmy Christopher A; Magner Marjorie,319840,16.81,2016-05-04,2016-05-04,2016-05-04 15:03:28,2016-05-05 10:05:02,12302700544.0,0.011320858697363878,-0.011108829465531711,-0.043946927724272555,-0.015778607046127435
ALMS,Alumis Inc.,2024-08-27,2024-07-01,2024-07-01,4,4,"Akkaraju Srinivas; Foresite Capital Management V, LLC; Foresite Labs, LLC; Tananbaum James B.",145000000,16.0,2024-07-01,2024-07-01,2024-07-03 21:30:10,2024-08-27 16:10:05,3510049024.0,-0.010175242890429481,-0.06629962084861685,-0.22538919882752884,-0.3146700571127682
ALRS,Alerus Financial Corp,2019-09-18,2019-09-17,2019-09-17,10,10,Bohn Karen; Case Lloyd G; Compton Kris; Coughlin Daniel E; Lorenson Katie A; Mathews Michael S; McConn Ann; Newman Randy L; Taylor Karin M; Vetter Galen G,900438,21.0,2019-09-17,2019-09-17,2019-09-18 16:04:56,2019-09-18 16:08:41,619659136.0,0.0054186364625001815,0.009127830862426967,-0.016780335465328977,-0.01643055603962318
ALRS,Alerus Financial Corp,2023-03-20,2023-03-08,2023-03-17,3,4,Keney Missy; Lorenson Katie A; Villalon Alan,88929,17.192500000000003,2023-03-08,2023-03-17,2023-03-09 10:53:50,2023-03-20 14:30:36,619659136.0,0.01301543315806386,-0.024574542896138696,-0.20613935626813007,-0.023876889162324
AMCR,Amcor Plc,2020-03-18,2020-03-16,2020-03-16,3,3,Delia Ronald Stephen; Roegner Eric V; Wilson Ian,1194738,7.723333333333334,2020-03-16,2020-03-16,2020-03-16 17:21:31,2020-03-18 11:18:05,21794695168.0,0.24123191245453846,0.25559332904888254,0.28400028667735966,0.3825195407121311
AMG,"Affiliated Managers Group, Inc.",2020-09-15,2020-09-01,2020-09-15,4,5,Atkinson Tracy A; Churchill Dwight D.; Horgen Jay C.; Jeffery Reuben III,928108,68.752,2020-09-01,2020-09-15,2020-09-01 17:10:33,2020-09-15 16:41:29,8728399872.0,0.02652464876286187,0.0015582988518511032,0.16223859219383363,0.402344992119291
AMH,American Homes 4 Rent,2016-12-02,2016-11-09,2016-12-01,3,4,Benham Douglas N; Gustavson Tamara Hughes; Hughes B Wayne Et Al,20084624,21.3025,2016-11-09,2016-12-01,2016-11-10 17:04:26,2016-12-02 17:16:04,12606888960.0,0.029149481544999523,0.006497277049367645,-0.013354310232832622,0.05923332270765602
AMH,American Homes 4 Rent,2018-05-29,2018-05-07,2018-05-29,3,5,Benham Douglas N; Gustavson Tamara Hughes; Hughes B Wayne Et Al,15465280,21.376,2018-05-07,2018-05-29,2018-05-09 17:07:27,2018-05-29 19:24:11,12606888960.0,0.017167759542996652,0.04930278461815374,0.13072187321089834,0.1070879219140124
AMH,American Homes 4 Rent,2018-11-13,2018-10-10,2018-11-09,3,5,Benham Douglas N; Gustavson Tamara Hughes; Hughes B Wayne Et Al,54630658,21.01,2018-10-10,2018-11-09,2018-10-12 18:22:51,2018-11-13 18:23:53,12606888960.0,0.001356386795861031,-0.0017774897668736411,0.05444015519426826,0.09551733781900396
AMH,American Homes 4 Rent,2020-03-19,2020-03-11,2020-03-18,4,6,Benham Douglas N; Goldberg David; Heim Stephanie G; Kropp James H,655926,20.94666666666667,2020-03-11,2020-03-18,2020-03-12 17:31:50,2020-03-19 19:48:55,12606888960.0,-0.09858700870748205,-0.12865387398646377,-0.1609915450448336,-0.07491869693688491
AMH,American Homes 4 Rent,2022-05-19,2022-05-12,2022-05-18,3,4,Benham Douglas N; Gustavson Tamara Hughes; Mayala-McIntyre Anita Marie,27839122,30.9275,2022-05-12,2022-05-18,2022-05-16 17:16:43,2022-05-19 20:09:01,12606888960.0,0.003779892915446448,-0.0179481477093415,-0.004016941708892552,-0.04130982885207035
AMLX,"Amylyx Pharmaceuticals, Inc.",2022-03-17,2022-01-06,2022-01-11,6,6,Cheng Isaac; Fonteyne Paul R.; Milne George M Jr; Morningside Venture Investments Ltd; Olinger Margaret; Viking Global Investors LP,49529960,19.0,2022-01-06,2022-01-11,2022-01-10 20:30:59,2022-03-17 17:14:49,1549554048.0,-0.03145063392047809,-0.09055333303272395,-0.5562176560521855,-0.2965734726699387
AMN,Amn Healthcare Services Inc,2024-03-07,2024-02-27,2024-03-06,8,8,Caballero Jorge A.; Foletta Mark G; Fontenot Teri G.; Grace Caroline; Harris R Jeffrey; Knudson Jeffrey R; Trent-Adams Sylvia; Wheat Douglas D,1944587,57.07875,2024-02-27,2024-03-06,2024-02-27 21:02:29,2024-03-07 13:45:46,811076288.0,0.040739813178019446,-0.02667044689611464,0.002615153719878194,-0.0871768801450965
AMR,"Alpha Metallurgical Resources, Inc.",2021-03-19,2021-03-17,2021-03-17,4,4,Eidson Charles Andrew; Nicholson Roger Lee; Stetson David J.; Whitehead Jason E.,175829,12.12,2021-03-17,2021-03-17,2021-03-17 16:44:09,2021-03-19 18:23:36,2264185856.0,-0.04024474219387775,-0.04077222946590675,-0.11626308094557569,0.6332212425492605
AMRC,"Ameresco, Inc.",2015-06-10,2015-05-11,2015-06-08,3,14,Foy Douglas I; Sakellaris George P; Wisneski Francis V Jr,1710367,6.963571428571428,2015-05-11,2015-06-08,2015-05-13 16:18:08,2015-06-10 17:01:23,1473048960.0,0.02941339597483461,0.018552109231176894,-0.05355000225921447,-0.1516113937126059
AMRC,"Ameresco, Inc.",2015-11-19,2015-11-02,2015-11-17,3,8,Gagnon Neil; Sakellaris George P; Wisneski Francis V Jr,885021,6.4925,2015-11-02,2015-11-17,2015-11-04 21:01:45,2015-11-19 16:57:10,1473048960.0,0.0002196219976553504,0.012515084335581461,-0.055889734221224674,-0.23460228318220033
AMRX,"Amneal Pharmaceuticals, Inc.",2019-05-16,2019-05-13,2019-05-15,3,3,Bhadauria Pradeep; Boyer Andrew S; Todisco Joseph,387300,9.273333333333335,2019-05-13,2019-05-15,2019-05-13 17:27:15,2019-05-16 16:59:54,4184170496.0,-0.018809623329801517,-0.04256923863373263,-0.20966096082594143,-0.6894123087552844
AMSF,Amerisafe Inc,2017-06-01,2017-05-26,2017-05-31,3,3,Garcia Philip A; Morris Jared A; Morris Millard E,311443,51.50333333333333,2017-05-26,2017-05-31,2017-05-31 18:32:32,2017-06-01 17:56:56,651189504.0,0.026338027901394723,0.0222129940511,0.04960645495677296,0.02857632542269095
AMTB,Mercantil Bank Holding Corp,2018-12-27,2018-12-21,2018-12-21,9,9,Capriles Alberto; Copeland Frederick C Jr; Dana Pamella J; Figueredo Alfonso; Palacios Miguel; Peraza Alberto; Villamil Jose Antonio; Villar Guillermo; Wilson Millar,805480,13.0,2018-12-21,2018-12-21,2018-12-27 18:20:08,2018-12-27 18:34:33,913893824.0,-0.005608274489895315,-0.009071839362416512,0.08918426759511999,-0.09157392962862021
AMTB,Amerant Bancorp Inc.,2021-05-14,2021-05-03,2021-05-12,4,4,Capriles Alberto; Figueredo Alfonso; Palacios Miguel; Plush Gerald P,181315,19.9375,2021-05-03,2021-05-12,2021-05-04 18:25:42,2021-05-14 06:20:32,913893824.0,0.06759772854272184,0.0703973221777785,-0.04715411322701024,0.020963874412972094
AMTB,Amerant Bancorp Inc.,2022-05-25,2022-05-02,2022-05-24,3,3,Holroyd Samantha; Quelch John; Suarez Oscar,34202,27.756666666666664,2022-05-02,2022-05-24,2022-05-03 17:18:35,2022-05-25 16:58:59,913893824.0,-0.005040334616621234,-0.00788225733437109,0.011152980959924674,-0.0960833633648357
AMTB,Amerant Bancorp Inc.,2022-08-04,2022-07-25,2022-08-03,4,4,Fleitas Armando; Levine Howard A.; Martin Silvio Marshall; Plush Gerald P,51042,26.7675,2022-07-25,2022-08-03,2022-07-26 16:35:30,2022-08-04 16:27:03,913893824.0,0.03397873432206455,0.06717464725074418,0.055750735574091936,0.18818441656289076
AMTB,Amerant Bancorp Inc.,2023-05-04,2023-04-25,2023-05-02,4,4,Esterripa Juan; Levine Howard A.; Martin Silvio Marshall; Plush Gerald P,98507,17.815,2023-04-25,2023-05-02,2023-04-26 20:09:13,2023-05-04 17:27:44,913893824.0,0.004878714139690876,-0.03523795422948672,0.10465225709689774,0.08326825660216075
AMWD,American Woodmark Corp,2022-04-04,2022-03-01,2022-03-31,4,4,Culbreth Michael Scott; Joachimczyk Paul; Rodriguez David A; Tang Vance W,798216,52.78999999999999,2022-03-01,2022-03-31,2022-03-03 11:44:29,2022-04-04 10:24:08,696406336.0,0.009705632123654384,-0.014125255812199033,0.154004961330948,0.08580954809516728
AMWD,American Woodmark Corp,2022-06-24,2022-06-03,2022-06-23,3,3,Akoma Latasha; Culbreth Michael Scott; Tang Vance W,507030,45.25666666666666,2022-06-03,2022-06-23,2022-06-08 08:52:05,2022-06-24 08:57:39,696406336.0,0.06062230746011377,0.09077354502278245,0.0887480219415493,0.11864271170103002
ANAB,Anaptysbio Inc,2017-02-01,2017-01-31,2017-01-31,5,5,"Frazier Healthcare V, LP; Frazier Healthcare Vii, L.P.; Lydon Nicholas; Novo A/s; Topper James N",18999990,15.0,2017-01-31,2017-01-31,2017-01-31 16:16:40,2017-02-01 16:22:30,1477813504.0,-0.004004501990159226,0.1612160906901836,0.5170664675768091,0.5231215997686873
ANDE,"Andersons, Inc.",2019-11-12,2019-11-07,2019-11-11,6,6,Blair Jeffrey; Bowe Patrick E.; Dowdle Stephen F; Jorgenson Corbett J.; McNeely Joseph E; Pirolli James J,552969,21.458333333333332,2019-11-07,2019-11-11,2019-11-12 14:37:56,2019-11-12 14:57:57,2222197504.0,0.038077120158820144,0.03208573411877813,0.08909127380128878,0.005164877377494603
ANDE,"Andersons, Inc.",2020-05-22,2020-05-07,2020-05-21,4,4,Dowdle Stephen F; Krueger William E.; Mullin Patrick S.; Pirolli James J,520715,12.63,2020-05-07,2020-05-21,2020-05-11 09:11:35,2020-05-22 14:20:22,2222197504.0,0.022854038964009504,0.013009479478955699,0.011471267142703967,0.3026749934234434
ANF,Abercrombie & Fitch Co /de/,2015-03-25,2015-03-05,2015-03-25,5,5,Brooks Bonnie R.; Burman Terry Lee; Gallagher Sarah M.; Martinez Arthur C; Perrin Charles R,732703,21.4,2015-03-05,2015-03-25,2015-03-09 13:07:05,2015-03-25 15:46:00,4670267392.0,-0.007487771626817796,0.0011388840505123232,-0.012706329688349394,-0.010781709238163018
ANF,Abercrombie & Fitch Co /de/,2015-06-29,2015-06-04,2015-06-22,3,3,Angelides Christos E.; Horowitz Bonadies Fran; Stapleton Craig R,1451318,22.376666666666665,2015-06-04,2015-06-22,2015-06-05 16:26:59,2015-06-29 17:37:22,4670267392.0,-0.07002439480710188,-0.07867239496964151,-0.13429027968749474,0.007025946972556096
ANF,Abercrombie & Fitch Co /de/,2020-03-16,2020-03-11,2020-03-13,3,4,Anderson Kerrii B; Horowitz Fran; Lipesky Scott D.,532990,10.69,2020-03-11,2020-03-13,2020-03-13 13:01:16,2020-03-16 13:45:17,4670267392.0,-0.09823471793026972,-0.1039699706573336,-0.0760347715182208,-0.10809543255506648
ANGI,"Angie'S List, Inc.",2015-03-18,2015-02-17,2015-03-16,3,6,"Chuang John H.; Kapner Steven M.; Tri Ventures, Inc.",124215,5.784999999999999,2015-02-17,2015-03-16,2015-02-18 16:08:34,2015-03-18 17:10:21,355992256.0,0.011257268082707883,0.015493490500160134,-0.09397037137112407,-0.00814459642469445
ANGI,"Angie'S List, Inc.",2015-05-18,2015-04-15,2015-05-15,4,7,"Chuang John H.; Kapner Steven M.; Maurer Michael S; Tri Ventures, Inc.",223609,6.222857142857143,2015-04-15,2015-05-15,2015-04-17 16:12:55,2015-05-18 16:09:56,355992256.0,-0.02318550257006924,-0.027916250573376433,-0.006659772334719483,-0.26764902425546533
ANGO,Angiodynamics Inc,2017-07-25,2017-07-20,2017-07-24,3,3,Clemmer James C; Donnelly Howard W; Reed Jan Stern,475406,15.796666666666669,2017-07-20,2017-07-24,2017-07-21 18:43:07,2017-07-25 14:33:37,455039904.0,-0.01735212938790165,-0.027620778293892978,0.03777133156047241,-0.0019143623523543152
ANGO,Angiodynamics Inc,2024-10-10,2024-10-07,2024-10-08,3,3,Clemmer James C; Nighan Warren Jr; Trowbridge Stephen A,135847,5.993333333333333,2024-10-07,2024-10-08,2024-10-08 16:32:02,2024-10-10 15:22:57,455039904.0,0.048404231529945996,0.033736340744292326,0.11445120308628298,
ANIP,Ani Pharmaceuticals Inc,2021-12-22,2021-12-06,2021-12-20,3,3,Haughey Thomas; Pera Antonio R; Thoma Jeanne,275064,42.70333333333334,2021-12-06,2021-12-20,2021-12-07 16:17:43,2021-12-22 20:06:48,1709066496.0,0.04457553447839957,-0.05121639190688376,-0.16928076500979938,-0.4015955503651871
ANIP,Ani Pharmaceuticals Inc,2022-03-23,2022-03-17,2022-03-21,4,4,Gassert Chad; Lalwani Nikhil; Shanmugam Muthusamy; Walsh Patrick D,890381,27.6525,2022-03-17,2022-03-21,2022-03-21 21:58:12,2022-03-23 21:05:44,1709066496.0,0.01510156596386758,0.02849967614058846,0.1086958741884344,0.06991194933602529
ANNX,"Annexon, Inc.",2020-07-30,2020-07-28,2020-07-28,5,5,"Bain Capital Life Sciences Investors, LLC; Clarus Lifesciences Iii, L.P.; Flynn James E; Lew Jennifer; Satter Muneer A",25534000,17.0,2020-07-28,2020-07-28,2020-07-28 12:54:23,2020-07-30 20:00:16,809373376.0,-0.03255777526271153,0.10013677188626247,0.2944638920413669,0.2349688201526383
ANRO,"Alto Neuroscience, Inc.",2024-02-08,2024-02-06,2024-02-06,4,4,"Alpha Wave Global, LP; Etkin Amit; Savitz Adam; Smith Nicholas Conrad",9947008,16.0,2024-02-06,2024-02-06,2024-02-07 16:36:56,2024-02-08 16:32:33,624744064.0,-0.1342531615012904,-0.17012578650749388,-0.2082354162248068,-0.2868784687436402
APA,Apache Corp,2015-08-31,2015-08-26,2015-08-27,4,4,Harris Margery M; Montgomery William C; Olson W Kregg; Riney Stephen J,582308,40.235,2015-08-26,2015-08-27,2015-08-27 10:14:03,2015-08-31 10:19:29,11395499008.0,-0.0008789660131369725,-0.02682882179822821,-0.01611023957336921,0.08516414639992087
APA,Apache Corp,2017-08-24,2017-08-07,2017-08-23,3,5,Lawrence George D; Lowe John E; Pitman Charles J,277506,41.94799999999999,2017-08-07,2017-08-23,2017-08-08 11:36:13,2017-08-24 14:22:09,11395499008.0,-0.004473076979558566,-0.046771788964602656,0.07724076654107326,-0.030150221954038825
APA,Apache Corp,2019-06-03,2019-05-07,2019-05-31,3,3,Ellis Juliet S; Lowe John E; Meyer William Mark,298497,27.81,2019-05-07,2019-05-31,2019-05-07 15:04:52,2019-06-03 16:23:46,11395499008.0,0.06796436877149903,0.05801743342809251,-0.12617420453444717,-0.23459382317426203
APD,Air Products & Chemicals Inc /de/,2015-08-26,2015-08-24,2015-08-25,4,4,Cogut Charles I; Ghasemi Seifi; Painter Corning F.; Stanley John D.,2911989,134.8825,2015-08-24,2015-08-25,2015-08-25 08:17:40,2015-08-26 12:02:59,60793995264.0,-0.02075816153040244,-0.012756684715792721,-0.05036944398562393,-0.07446230227661754
APLE,"Apple Hospitality Reit, Inc.",2015-08-31,2015-08-21,2015-08-28,7,7,Buckley David P; Gathright Kristian M; Hugh Redd; Knight  Justin G; Knight Glade M; Knight Nelson; Peery Bryan,1317785,17.065714285714286,2015-08-21,2015-08-28,2015-08-24 10:55:57,2015-08-31 13:28:51,2881491968.0,0.01632566851510231,0.07561258708004215,0.05456943170884654,0.05336403467381401
APLE,"Apple Hospitality Reit, Inc.",2016-09-15,2016-09-07,2016-09-14,4,7,Fosheim Jon A; Hugh Redd; Knight Glade M; Peery Bryan,354165,18.37142857142857,2016-09-07,2016-09-14,2016-09-09 16:36:20,2016-09-15 16:47:44,2881491968.0,-0.0017119434728345428,0.004392644386695732,-0.025032029510616005,0.02907818962285469
APLE,"Apple Hospitality Reit, Inc.",2017-03-17,2017-03-03,2017-03-16,3,3,Fosheim Jon A; Hugh Redd; Knight Glade M,269929,19.153333333333332,2017-03-03,2017-03-16,2017-03-06 16:22:42,2017-03-17 16:19:34,2881491968.0,-0.0029201509444836127,-0.007454099348380261,-0.0031740140629534785,0.003583344769011676
APLE,"Apple Hospitality Reit, Inc.",2017-08-29,2017-08-11,2017-08-28,4,5,Fosheim Jon A; Hugh Redd; Knight  Justin G; Knight Glade M,900642,17.794000000000004,2017-08-11,2017-08-28,2017-08-11 16:32:11,2017-08-29 16:29:46,2881491968.0,0.007633686367410908,0.024389641134235696,0.0336418390011739,0.04449688382809702
APLE,"Apple Hospitality Reit, Inc.",2018-03-16,2018-02-28,2018-03-15,5,7,Buckley David P; Hugh Redd; Knight  Justin G; Knight Glade M; Knight Nelson,923885,17.09857142857143,2018-02-28,2018-03-15,2018-03-02 16:29:32,2018-03-16 16:20:50,2881491968.0,0.018778704408116353,0.025712431384581236,0.07352179144482307,0.07487115899511121
APLE,"Apple Hospitality Reit, Inc.",2018-12-10,2018-11-09,2018-12-06,6,9,Buckley David P; Hugh Redd; Knight  Justin G; Knight Glade M; Knight Nelson; Peery Bryan,475073,15.867777777777778,2018-11-09,2018-12-06,2018-11-13 16:23:40,2018-12-10 16:57:19,2881491968.0,-0.009157839222993736,-0.0020991766504084852,-0.019349701404453135,0.01172142648403196
APLE,"Apple Hospitality Reit, Inc.",2019-03-11,2019-03-01,2019-03-07,3,3,Hugh Redd; Knight Glade M; Nickel Daryl Arthur,493676,16.453333333333333,2019-03-01,2019-03-07,2019-03-04 16:26:13,2019-03-11 16:18:46,2881491968.0,-0.006634492409326231,-0.02274389916651809,-0.05397502952567401,-0.051994657400954325
APLE,"Apple Hospitality Reit, Inc.",2020-03-12,2020-03-10,2020-03-10,3,3,Bunting Glenn W Jr; Hugh Redd; Knight Glade M,180966,11.36,2020-03-10,2020-03-10,2020-03-12 16:37:19,2020-03-12 16:38:31,2881491968.0,-0.11515294261855602,-0.36525825672500767,-0.24672768834663716,0.10956634461112014
APLE,"Apple Hospitality Reit, Inc.",2020-09-14,2020-08-17,2020-09-11,6,6,Clarke Jeanette; Hugh Redd; Knight Glade M; Labrecque Rachel; Perkins Elizabeth; Rash Matthew,85265,10.085,2020-08-17,2020-09-11,2020-08-18 16:54:36,2020-09-14 16:23:11,2881491968.0,0.08358956179183719,-0.05489997915410316,0.01360794555398126,0.16145641735972682
APLE,"Apple Hospitality Reit, Inc.",2021-08-24,2021-08-10,2021-08-20,4,4,Clarke Jeanette; Hugh Redd; Knight Glade M; Labrecque Rachel,96004,14.53,2021-08-10,2021-08-20,2021-08-11 16:19:59,2021-08-24 16:35:26,2881491968.0,0.01150440845509304,0.01110413958558798,0.1329448266129135,0.044566810098018994
APLE,"Apple Hospitality Reit, Inc.",2022-06-14,2022-05-16,2022-06-10,5,5,Knight  Justin G; Knight Glade M; Labrecque Rachel; Perkins Elizabeth; Rash Matthew,117445,15.69,2022-05-16,2022-06-10,2022-05-17 17:15:20,2022-06-14 16:24:58,2881491968.0,0.03616122107203612,-0.011481627486244594,0.03673394030568855,0.01631972403268378
APLE,"Apple Hospitality Reit, Inc.",2023-06-02,2023-05-05,2023-05-31,4,4,Gathright Kristian M; Hugh Redd; Knight Glade M; Rash Matthew,102967,14.9525,2023-05-05,2023-05-31,2023-05-09 16:21:18,2023-06-02 16:43:45,2881491968.0,0.017272849962453485,0.030269571952540764,-0.02964059292724186,-0.025061933959245275
APLE,"Apple Hospitality Reit, Inc.",2024-05-23,2024-05-16,2024-05-21,3,3,Bunting Glenn W Jr; Hugh Redd; Knight Glade M,96634,14.696666666666667,2024-05-16,2024-05-21,2024-05-20 17:21:19,2024-05-23 16:25:51,2881491968.0,-0.005444769525031368,0.002016548935060314,-0.08211785146354045,-0.07406147080732628
APLS,"Apellis Pharmaceuticals, Inc.",2017-11-15,2017-11-13,2017-11-13,4,4,"Cormorant Asset Management, LLC; Hillhouse Capital Management, Ltd.; Morningside Venture Investments Ltd; Venbio Global Strategic Fund II L.P.",44835196,14.0,2017-11-13,2017-11-13,2017-11-13 16:26:06,2017-11-15 16:32:06,2577050880.0,-0.011349768697446971,-0.05166673099394892,0.5170718745342748,0.01791323872513617
APO,Apollo Global Management LLC,2015-05-28,2015-05-11,2015-05-26,3,3,Ducey Michael E; Kraft Robert K; Richards Pauline,275731,21.700000000000003,2015-05-11,2015-05-26,2015-05-13 16:55:57,2015-05-28 21:51:21,62151651328.0,0.017803478076776957,0.046675700257296615,0.014335123502208447,-0.059579524450916965
APO,Apollo Global Management LLC,2017-08-15,2017-07-19,2017-08-11,3,9,Kraft Robert K; Richards Pauline; Tiger Global Management LLC,27464658,28.493333333333332,2017-07-19,2017-08-11,2017-07-21 16:54:23,2017-08-15 16:53:45,62151651328.0,0.013839649735657433,0.012838879990697105,0.007932236127448533,0.009679834101750107
APO,"Apollo Global Management, Inc.",2021-05-26,2021-05-11,2021-05-25,3,3,Clayton Walter Joseph III; Krongard A B; Richards Pauline,530605,57.30666666666667,2021-05-11,2021-05-25,2021-05-12 16:09:35,2021-05-26 16:01:39,62151651328.0,0.019566518631427998,0.014804887662056565,0.03563749743034306,-0.06111656968744117
APP,Applovin Corp,2021-05-19,2021-04-19,2021-05-17,5,5,Billings Craig Scott; Chen Herald Y; Foroughi Arash Adam; Georgiadis Mary Margaret Hastings; Vivas Eduardo,9001371,68.392,2021-04-19,2021-05-17,2021-04-19 16:05:33,2021-05-19 21:05:06,148325072896.0,0.0480440060096774,0.050042893527297405,0.05575642122940727,-0.20782079220389493
APPS,"Digital Turbine, Inc.",2021-08-19,2021-08-18,2021-08-19,3,3,Chestnutt Roy H; Deutschman Robert M; Sterling Michelle M,327060,50.06666666666666,2021-08-18,2021-08-19,2021-08-19 13:04:14,2021-08-19 15:54:27,502380736.0,-0.03359495422866576,0.010363661676112024,0.43344167912719367,0.3319088540570714
APPS,"Digital Turbine, Inc.",2023-09-19,2023-09-14,2023-09-15,3,4,Deutschman Robert M; Groos Holyce Hess; Karish Jeff,349706,6.672499999999999,2023-09-14,2023-09-15,2023-09-14 13:58:58,2023-09-19 09:25:25,502380736.0,-0.0022653730193734622,-0.06959888519257784,-0.2309658070858016,-0.04104907813699721
AQST,"Aquestive Therapeutics, Inc.",2018-12-11,2018-11-21,2018-12-10,8,12,Barber Daniel; Boyd Peter E.; Braender Lori J; Kendall Keith J; Marshall Ken W.; Maxwell John T.; Schobel Alexander Mark; Wood Theresa,308358,9.533333333333331,2018-11-21,2018-12-10,2018-11-26 13:35:15,2018-12-11 17:41:13,502652800.0,-0.054661046732933594,-0.1454741002440283,-0.0581360608201541,-0.12443038367924075
AR,Antero Resources Corp,2019-05-31,2019-05-22,2019-05-31,3,11,Hardesty Benjamin A.; Rady Paul M; Warren Glen C Jr,855163,6.818181818181817,2019-05-22,2019-05-31,2019-05-22 18:44:58,2019-05-31 17:53:03,11597454336.0,0.03888455103426203,-0.04615998540938149,-0.30293102887461365,-0.560831229576093
ARDX,"Ardelyx, Inc.",2015-06-12,2015-06-05,2015-06-10,11,11,"Barrett M James; Barris Peter J; Baskett Forest; Drant Ryan D; Kerins Patrick J; Kolluri Krishna Kittu; Mott David M; New Enterprise Associates 12, Limited Partnership; Ringold Gordon; Sandell Scott D; Schultz Peter G",310651873,11.108181818181816,2015-06-05,2015-06-10,2015-06-08 17:08:20,2015-06-12 18:29:46,1525438976.0,0.17355125513972602,0.12779607023925665,0.329075832741903,0.4639299968884486
ARDX,"Ardelyx, Inc.",2016-07-20,2016-07-18,2016-07-18,15,15,"Barrett M James; Barris Peter J; Baskett Forest; Florence Anthony A. Jr.; Kerins Patrick J; Kolluri Krishna Kittu; Makower Joshua; Mott David M; Nea 15 Gp, LLC; New Enterprise Associates 12, Limited Partnership; Sakoda Jon; Sandell Scott D; Sonsini Peter W.; Viswanathan Ravi; Weller Harry R",206666707,8.73,2016-07-18,2016-07-18,2016-07-20 16:36:53,2016-07-20 16:45:00,1525438976.0,0.08390551928785817,0.10844288381241829,0.019161731776868418,0.4105543080636822
ARES,Ares Management LP,2015-12-16,2015-11-18,2015-12-15,6,19,Arougheti Michael J; Kaplan David B; Kissick John H.; McFerran Michael R; Rosenthal Bennett; Weiner Michael D,7228953,13.90842105263158,2015-11-18,2015-12-15,2015-11-19 20:03:49,2015-12-16 13:13:15,37278068736.0,0.024525428674656458,0.04290381987575742,-0.062281629363817204,0.13120481805206996
ARHS,"Arhaus, Inc.",2021-12-16,2021-12-10,2021-12-15,4,4,Chi Lisa; Phillipson Dawn; Porter Jennifer E; Reed John P,1090235,11.2775,2021-12-10,2021-12-15,2021-12-13 17:53:00,2021-12-16 17:06:13,1128508160.0,0.05252153447254304,-0.06892545551862295,-0.16369471381262113,-0.320060408788829
ARHS,"Arhaus, Inc.",2022-06-02,2022-05-12,2022-06-01,6,8,Adams Albert T; Beargie William; Chi Lisa; Phillipson Dawn; Porter Jennifer E; Reed John P,936563,5.921250000000001,2022-05-12,2022-06-01,2022-05-16 18:39:20,2022-06-02 16:34:18,1128508160.0,0.01674466266098218,-0.014764180836154273,-0.0076034904864703545,0.5430753636064497
ARI,"Apollo Commercial Real Estate Finance, Inc.",2015-03-13,2015-03-02,2015-03-11,3,4,Press Eric; Rothstein Stuart; Salvati Michael,2214514,16.932499999999997,2015-03-02,2015-03-11,2015-03-04 15:03:16,2015-03-13 17:00:36,1472769280.0,-0.00892783639742134,0.02876953149910677,0.02722209900544348,0.02141983504420697
ARIS,"Aris Water Solutions, Inc.",2021-10-28,2021-10-26,2021-10-26,4,4,Coy Debra; Schroer Brenda R; Templin Donald C.; Yzaguirre Mario Max,1319487,13.0,2021-10-26,2021-10-26,2021-10-28 21:19:44,2021-10-28 21:20:03,4180780032.0,-0.056240569373714244,-0.07707972228680937,-0.11078453698909196,0.04916844561641709
ARMK,Aramark,2015-02-25,2015-02-11,2015-02-23,3,3,Barr David; Goldman Sachs Group Inc; Mehra Sanjeev K,220354545,30.813333333333333,2015-02-11,2015-02-23,2015-02-13 14:36:13,2015-02-25 15:20:12,10739479552.0,0.0189794551960214,0.034322645412934616,0.005179044013701728,0.0021165309424056034
ARMK,Aramark,2020-03-23,2020-03-11,2020-03-23,5,5,Bruno Marc A; Creed Greg; King Karen Marie; Sadove Stephen I; Zillmer John J,1823138,20.346,2020-03-11,2020-03-23,2020-03-11 17:13:16,2020-03-23 19:32:52,10739479552.0,-0.10234802407233223,-0.0581400630331812,0.0476767019579174,-0.08351364214460166
AROW,Arrow Financial Corp,2023-11-07,2023-10-11,2023-11-03,6,9,Behan Mark; Dake Gary C; Kaiser David D; Miller Elizabeth; Owens William L; Read Colin L,633779,20.769999999999996,2023-10-11,2023-11-03,2023-10-12 12:55:43,2023-11-07 11:09:57,549109952.0,-0.015770534573567252,0.030179802539777256,0.12730655122026535,-0.1249946413342311
ARR,"Armour Residential Reit, Inc.",2016-05-04,2016-05-04,2016-05-04,3,3,Mountain James R; Ulm Scott; Zimmer Jeffrey J,531764,19.786666666666665,2016-05-04,2016-05-04,2016-05-04 10:34:53,2016-05-04 17:01:19,2129826944.0,0.008265870071129444,0.019797839263202777,-0.01917145258443309,0.0379120132698092
ARR,"Armour Residential Reit, Inc.",2016-12-28,2016-12-19,2016-12-28,3,5,Mountain James R; Ulm Scott; Zimmer Jeffrey J,681291,21.35,2016-12-19,2016-12-28,2016-12-19 11:30:52,2016-12-28 11:08:16,2129826944.0,0.021442518969746915,0.024413817654285408,-0.007105358695778996,0.02169611847561259
ARR,"Armour Residential Reit, Inc.",2017-03-21,2017-02-21,2017-03-21,3,3,Gruber Mark; Ulm Scott; Zimmer Jeffrey J,264061,21.94666666666667,2017-02-21,2017-03-21,2017-02-22 14:11:38,2017-03-21 11:49:24,2129826944.0,0.02051141347544072,0.04247010669277096,0.1538942060515538,0.22368014675208148
ARR,"Armour Residential Reit, Inc.",2017-10-30,2017-10-27,2017-10-30,4,4,Gruber Mark; Harper Gordon; Mountain James R; Zimmer Jeffrey J,317011,25.3675,2017-10-27,2017-10-30,2017-10-30 14:44:50,2017-10-30 17:53:18,2129826944.0,-0.012382633565547363,-0.05595774489981298,-0.0008354187226695675,-0.13071187640372262
ARR,"Armour Residential Reit, Inc.",2018-03-09,2018-02-16,2018-03-09,3,3,Gruber Mark; Mountain James R; Zimmer Jeffrey J,283708,22.736666666666665,2018-02-16,2018-03-09,2018-02-16 14:05:01,2018-03-09 15:12:32,2129826944.0,0.0016839275672175802,0.01791998009838136,0.05194126513128339,0.04487648424764079
ARR,"Armour Residential Reit, Inc.",2019-05-23,2019-04-26,2019-05-22,4,6,Mountain James R; Staton Daniel C; Ulm Scott; Zimmer Jeffrey J,3211541,18.625,2019-04-26,2019-05-22,2019-04-26 11:50:48,2019-05-23 08:27:00,2129826944.0,0.018882303906476383,0.004551393543968052,0.010558487936684013,-0.0474102591676151
ARR,"Armour Residential Reit, Inc.",2020-04-06,2020-03-13,2020-04-06,4,5,Hollihan John P III; Mountain James R; Ulm Scott; Zimmer Jeffrey J,401304,10.732,2020-03-13,2020-04-06,2020-03-13 13:48:06,2020-04-06 14:04:13,2129826944.0,0.16779114551693275,0.25847480248442767,0.056458583847101895,0.23298151384819232
ARRY,"Array Technologies, Inc.",2020-10-19,2020-10-19,2020-10-19,8,8,Bolland Stuart M.; Cheraso Jennifer K.; Creasy Lucas D.; Forth John Bradford; Fusaro James Macmillan; Krantz Jeffrey P.; Macvane Charlotte A.; Patel Nipul M.,11605132,22.0,2020-10-19,2020-10-19,2020-10-19 16:15:09,2020-10-19 16:15:37,1145608192.0,-0.00029478694044171583,0.03686804602361038,-0.011569808307215323,0.14976176186356405
ASB,Associated Banc-Corp,2015-06-02,2015-06-01,2015-06-01,6,6,Crowley Ruth M; Del Moral-Niles Christopher; Flynn Philip B; Gerken R Jay; Hickey Scott; Stein David L,1340000,25.0,2015-06-01,2015-06-01,2015-06-02 15:41:55,2015-06-02 15:49:11,4375633408.0,0.03451643087974521,0.07751310819356261,0.08107799517918624,0.017890104865938228
ASB,Associated Banc-Corp,2016-09-09,2016-09-07,2016-09-08,5,5,Bergstrom John F; Jeffe Robert A; Klappa Gale E; Stein David L; Williams John B,2689692,23.97,2016-09-07,2016-09-08,2016-09-08 16:06:34,2016-09-09 16:08:50,4375633408.0,0.01093607362345006,-0.011072764889329512,-0.003823033678411192,0.16380433746395617
ASB,Associated Banc-Corp,2020-06-11,2020-06-09,2020-06-09,6,6,Bergstrom John F; Crowley Michael T Jr; Gerken R Jay; Haddad Michael J; Klappa Gale E; Lau Timothy J,775000,25.0,2020-06-09,2020-06-09,2020-06-11 12:46:41,2020-06-11 13:12:30,4375633408.0,0.0011173899974450396,-0.02523600807877402,-0.1080256334531462,-0.14989992342428027
ASGN,Asgn Inc,2018-11-20,2018-10-26,2018-11-19,6,6,Callaghan Brian J.; Dameris Peter T; Dyer Joseph Wendell; Painter Jennifer Hankes; Sheridan Edwin A.; Wilson George H,3645356,66.44666666666667,2018-10-26,2018-11-19,2018-10-26 16:27:13,2018-11-20 19:54:58,1792545920.0,0.03237725504193201,0.01870788735404183,-0.09707682665138728,-0.0547102347949866
ASIX,Advansix Inc.,2019-12-12,2019-11-26,2019-12-10,3,3,Marberry Michael; Sansone Daniel F; Spurlin Sharon,299869,19.86,2019-11-26,2019-12-10,2019-11-27 16:15:22,2019-12-12 16:29:28,494999040.0,0.029951969335286543,0.06650389993400929,-0.11023601747271161,-0.39595323031103125
ASIX,Advansix Inc.,2020-03-16,2020-03-11,2020-03-13,4,4,Blindenbach Willem L.; Kane Erin N; Karran Todd D.; Marberry Michael,392177,9.515,2020-03-11,2020-03-13,2020-03-11 18:43:05,2020-03-16 16:32:04,494999040.0,0.3220875504467967,0.2626339444192075,-0.051281273985997355,0.15249642536678465
ASLE,Aersale Corp,2023-08-21,2023-08-11,2023-08-18,7,8,Barimo Basil; Fedder Judith Ann; Finazzo Nicolas; Fry James; Garmendia Martin; Levy Andrew C; Wright Frederick Craig,2454766,11.69125,2023-08-11,2023-08-18,2023-08-14 17:50:52,2023-08-21 17:28:36,358134240.0,0.09534768840914998,0.12047242044034068,0.16794404460659174,0.10158330445939168
ASLE,Aersale Corp,2024-03-18,2024-03-12,2024-03-15,5,6,Fedder Judith Ann; Finazzo Nicolas; Garmendia Martin; Nichols Robert B.; Wright Frederick Craig,655346,7.116666666666667,2024-03-12,2024-03-15,2024-03-13 19:20:24,2024-03-18 21:01:25,358134240.0,-0.03145372131334201,-0.01551262011637733,-0.03772358242972085,-0.15878965335338668
ASLE,Aersale Corp,2024-06-18,2024-05-20,2024-06-14,3,3,Fedder Judith Ann; Finazzo Nicolas; Kehler Claude Robert,55060,7.393333333333333,2024-05-20,2024-06-14,2024-05-21 18:01:58,2024-06-18 16:19:40,358134240.0,-0.0013032321113318757,-0.03151401253100328,-0.016528553719847294,-0.25939282853763324
ATAI,Atai Life Sciences N.V.,2021-06-24,2021-06-22,2021-06-22,9,9,Angermayer Christian; Apeiron Investment Group Ltd.; Auerbach Michael; Brand Florian; De Rosnay Alexis; Kalali Amir H; Rao Srinivas; Smiley Andrea Heslin; Weaver Gregory L,21437445,15.0,2021-06-22,2021-06-22,2021-06-24 16:15:27,2021-06-24 16:16:22,1340261888.0,-0.08783500426414748,-0.04954013254498468,-0.26469361106057554,-0.1788921017952807
ATEC,"Alphatec Holdings, Inc.",2021-11-30,2021-11-08,2021-11-26,6,7,Bakst Evan; Hochberg Jason; Hunsaker Craig E; Miles Patrick; Pelizzon David R; Segal Paul,2838626,11.415714285714284,2021-11-08,2021-11-26,2021-11-10 14:38:49,2021-11-30 12:19:47,1970663296.0,0.01925819574862142,0.0863491608921747,0.11663121797312836,0.0498604667303737
ATEC,"Alphatec Holdings, Inc.",2022-06-13,2022-05-13,2022-06-09,3,3,Berkowitz Mortimer III; Pritzker Jennifer N.; Segal Paul,675806,7.486666666666667,2022-05-13,2022-06-09,2022-05-17 17:27:45,2022-06-13 11:59:07,1970663296.0,-0.02273251448393343,-0.10574556625162634,0.019494364580196377,0.04690509566128953
ATEC,"Alphatec Holdings, Inc.",2024-08-26,2024-08-02,2024-08-23,4,5,Bakst Evan; Demski David M; Pelizzon David R; Valentine Keith,1152948,6.07,2024-08-02,2024-08-23,2024-08-05 14:48:20,2024-08-26 16:32:07,1970663296.0,0.10205932711796017,0.20254748603913197,-0.08548492569893384,0.613913320821194
ATEX,Anterix Inc.,2021-03-08,2021-02-17,2021-03-05,4,7,"Daniels Leslie B; Gray Timothy; Owl Creek Asset Management, L.P.; Yazdi Mahvash",7412122,42.82857142857143,2021-02-17,2021-03-05,2021-02-19 16:17:18,2021-03-08 18:21:54,684687040.0,0.012162871219631999,0.05108570949882796,0.009275666822192719,0.05675676706168575
ATEX,Anterix Inc.,2021-08-19,2021-08-16,2021-08-19,3,3,Akhavan Hamid; Daniels Leslie B; Gray Timothy,156781,55.74666666666667,2021-08-16,2021-08-19,2021-08-18 19:12:41,2021-08-19 18:55:36,684687040.0,0.019229171613469376,0.006840414167519349,0.14422223049260186,0.04002586960930343
ATGE,Adtalem Global Education Inc.,2021-03-03,2021-02-04,2021-03-02,8,9,Boden Holland Katherine Alice; Burke William W; Hrinak Donna J; Kiser Georgette D.; Logan Lyle; Malafronte Michael W; Phelan Kenneth J; White James D,492092,39.97,2021-02-04,2021-03-02,2021-02-05 16:20:49,2021-03-03 16:19:55,3579815168.0,0.016851428120863043,0.014821043811781953,-0.036377365805498885,-0.12530637844247527
ATGE,Adtalem Global Education Inc.,2021-12-03,2021-11-08,2021-12-02,3,4,"Beard, Stephen W.; Kiser Georgette D.; Malafronte Michael W",745228,31.97000000000001,2021-11-08,2021-12-02,2021-11-09 17:20:51,2021-12-03 16:52:11,3579815168.0,0.059636006525436436,0.02650718175500666,0.026844534503844164,-0.15223612895229566
ATGE,Adtalem Global Education Inc.,2022-02-23,2022-02-10,2022-02-23,8,9,Deshazer Charles; Hrinak Donna J; Kiser Georgette D.; Logan Lyle; Malafronte Michael W; O'Keefe Sharon; Phelan Kenneth J; Wardell Lisa W,1535994,23.48333333333333,2022-02-10,2022-02-23,2022-02-10 16:48:35,2022-02-23 17:49:56,3579815168.0,-0.012217426269540699,0.11083230343607764,0.380709734793679,0.6563905707926546
ATI,Allegheny Technologies Inc,2015-10-29,2015-10-22,2015-10-28,4,4,Davis Elliot S; Harshman Richard J; Kramer Kevin B; Pipski John R,408381,14.2425,2015-10-22,2015-10-28,2015-10-23 16:40:46,2015-10-29 16:53:08,21493522432.0,0.012421270543379381,-0.024934065243770842,-0.07925516760475881,-0.3262886240637066
ATI,Allegheny Technologies Inc,2019-08-15,2019-08-13,2019-08-14,6,6,Ball M Leroy; Davis Elliot S; Harris Timothy J; Kramer Kevin B; Powers Elizabeth C; Wetherbee Robert S,295388,17.953333333333337,2019-08-13,2019-08-14,2019-08-14 08:56:05,2019-08-15 06:57:55,21493522432.0,-0.01170508621453803,0.022349748183162932,0.13233785216827165,0.2649405685161941
ATNI,"Atn International, Inc.",2023-11-22,2023-11-20,2023-11-20,3,3,Ganong Richard J; Lenehan Pamela F; Prior Michael T,707099,31.133333333333336,2023-11-20,2023-11-20,2023-11-21 14:34:26,2023-11-22 15:23:05,447041568.0,0.010103653150916214,-0.020515103285247638,0.20774947172586522,0.060839904638483766
ATRO,Astronics Corp,2022-09-19,2022-09-06,2022-09-15,3,3,Frisby Jeffry D; Hedges Nancy L; Johnson Warren C,113180,8.686666666666667,2022-09-06,2022-09-15,2022-09-08 16:02:26,2022-09-19 16:05:32,2696411904.0,0.04796540758029377,0.05034147713884818,0.10332630068213478,0.1889421143821448
AUB,Atlantic Union Bankshares Corp,2022-11-15,2022-11-01,2022-11-10,4,4,Asbury John C; Ellett Frank Russell; Gorman Robert Michael; Tedesco Maria P,1157281,34.559999999999995,2022-11-01,2022-11-10,2022-11-02 14:40:44,2022-11-15 15:00:23,5351556608.0,-0.005184802598293681,0.013996667713688238,0.04771955583408427,0.08459328112691278
AUPH,Aurinia Pharmaceuticals Inc.,2021-05-13,2021-05-11,2021-05-11,5,5,Donley Matthew Maxwell; Greenleaf Peter; Leversage Jill; Mackay-Dunn R. Hector; Miller Joseph M,242288,10.542000000000002,2021-05-11,2021-05-11,2021-05-11 16:53:55,2021-05-13 16:17:55,1865543936.0,0.028249304694161648,0.11117239790540334,0.21087215887559796,0.2955825226494213
AVAH,"Aveanna Healthcare Holdings, Inc.",2021-12-17,2021-11-17,2021-12-15,3,4,Afshar David; Strange Tony; Windley Rodney D,254421,6.745,2021-11-17,2021-12-15,2021-11-18 18:08:01,2021-12-17 17:56:51,1520874880.0,0.07464765071734603,0.11909742482635388,-0.11385374132340043,-0.0668457675450681
AVBP,"Arrivent Biopharma, Inc.",2024-02-01,2024-01-30,2024-01-30,4,4,"Gordon Carl L; Healy James; Hillhouse Investment Management, Ltd.; Orbimed Advisors LLC",33999966,18.0,2024-01-30,2024-01-30,2024-01-31 16:10:47,2024-02-01 16:47:58,988275776.0,-0.009832163636992464,-0.011093024445683941,-0.154683008666322,-0.30133243502684137
AVDL,Avadel Pharmaceuticals Plc,2017-09-25,2017-09-12,2017-09-21,6,6,Anderson Michael S; Divis Greg J; Hatten Sandra L; Stapleton Craig R; Thompson Phillandas T.; Thornton Peter J.,480840,9.498333333333331,2017-09-12,2017-09-21,2017-09-14 16:58:56,2017-09-25 16:58:43,2123997824.0,0.0045649454369620646,0.10499948571817463,-0.031480942780653276,-0.21182954447073643
AVDL,Avadel Pharmaceuticals Plc,2018-06-27,2018-06-26,2018-06-26,3,3,Anderson Michael S; Divis Greg J; Thompson Phillandas T.,168800,5.9366666666666665,2018-06-26,2018-06-26,2018-06-27 18:58:03,2018-06-27 19:02:20,2123997824.0,-0.01848945194543994,0.007427675414681367,-0.22167279139076168,-0.3689014361786104
AVDL,Avadel Pharmaceuticals Plc,2019-12-05,2019-11-15,2019-12-04,3,3,Divis Greg J; Ende Eric J; Palczuk Linda,201495,5.669999999999999,2019-11-15,2019-12-04,2019-11-19 17:00:54,2019-12-05 16:30:36,2123997824.0,0.05324071395590879,0.2081469366378237,0.32465131591136087,0.7067826247123681
AVDL,Avadel Pharmaceuticals Plc,2020-09-01,2020-08-12,2020-08-28,5,8,Divis Gregory J; Ende Eric J; Glass Geoffrey Michael; McHugh Thomas S; Palczuk Linda,537930,7.54125,2020-08-12,2020-08-28,2020-08-13 19:39:37,2020-09-01 16:12:15,2123997824.0,-0.06916226879847998,-0.17794436364417,-0.26953014856972213,-0.04237396737069832
AVDL,Avadel Pharmaceuticals Plc,2023-08-14,2023-08-10,2023-08-14,3,3,Divis Gregory J; Glass Geoffrey Michael; McHugh Thomas S,348497,13.683333333333332,2023-08-10,2023-08-14,2023-08-10 18:45:18,2023-08-14 17:56:49,2123997824.0,-0.048102292372779076,-0.054569480683672955,-0.1913111473691015,-0.27048928743292266
AVDL,Avadel Pharmaceuticals Plc,2024-12-16,2024-12-06,2024-12-13,4,5,Divis Gregory J; Glass Geoffrey Michael; McHugh Thomas S; Palczuk Linda,406368,10.186,2024-12-06,2024-12-13,2024-12-10 07:00:19,2024-12-16 07:00:09,2123997824.0,0.032591306891100125,-0.011618170625310897,,
AVIR,"Atea Pharmaceuticals, Inc.",2020-11-04,2020-11-03,2020-11-03,3,3,Berger Franklin M; Hack Andrew A. F.; Rock Springs Capital Management LP,12999984,24.0,2020-11-03,2020-11-03,2020-11-03 20:09:17,2020-11-04 16:05:12,376571200.0,0.1655272752435959,-0.05787070426265828,-0.001541376467746991,1.837315890923339
AVNS,"Avanos Medical, Inc.",2018-11-29,2018-11-19,2018-11-28,3,3,Voskuil Steven E; Wesley John W; Woody Joseph Fralin,286675,44.85666666666666,2018-11-19,2018-11-28,2018-11-20 09:47:49,2018-11-29 14:03:19,650583360.0,0.03940064114954733,0.048188485200218456,0.0045204859649662366,0.008662503618084738
AVNW,"Aviat Networks, Inc.",2024-12-02,2024-11-08,2024-11-27,4,4,Akkaraju Laxmi; Connaway Michael; Klein Michele; Smith Pete A,125640,14.515,2024-11-08,2024-11-27,2024-11-12 16:32:23,2024-12-02 17:37:07,333589216.0,0.058387410980819565,0.11522683269525258,,
AVO,"Mission Produce, Inc.",2020-10-16,2020-10-01,2020-10-15,5,7,Barnard Stephen J; Browne Michael A; Lind Bonnie Cruickshank; Segre Linda B; Wileman Ross W,819353,12.14,2020-10-01,2020-10-15,2020-10-02 21:21:18,2020-10-16 17:05:58,1003792512.0,0.043175112289679296,0.0064707474170496715,-0.01908547035652175,0.06515802074904942
AVTR,"Avantor, Inc.",2021-05-07,2019-05-17,2019-05-17,3,3,Connolly Thomas; Goldman Sachs & Co. LLC; Natauri Jo,15721071,16.33,2019-05-17,2019-05-17,2021-05-07 16:05:34,2021-05-07 16:06:06,5988450816.0,-0.014711847444197734,0.02496180143134552,0.11784580837620373,0.1624362304310123
AXGN,"Axogen, Inc.",2016-10-14,2016-10-07,2016-10-07,5,5,Engels John P; Leach Kevin; Mariani Peter J; Wendell Amy McBride; Zaderej Karen L.,244996,7.5,2016-10-07,2016-10-07,2016-10-14 13:37:21,2016-10-14 15:36:29,1548107776.0,0.000664235115490408,0.02182260525078794,-0.06603184722260458,0.1030280121167686
AXGN,"Axogen, Inc.",2019-08-15,2019-08-09,2019-08-14,5,5,Billet Isabelle; Blackford Quentin S.; Gold Mark Stephen; Martinez Maria D.; Zaderej Karen L.,1397886,14.169999999999998,2019-08-09,2019-08-14,2019-08-12 08:59:54,2019-08-15 16:03:41,1548107776.0,0.014214127051191294,0.09612661283698043,-0.2311710789182374,-0.06628960438011267
AXGN,"Axogen, Inc.",2023-09-08,2023-08-16,2023-09-06,3,3,Burke William P. Mr.; Neels Guido J; Wendell Amy McBride,188940,6.296666666666667,2023-08-16,2023-09-06,2023-08-18 16:12:03,2023-09-08 16:20:24,1548107776.0,-0.02332091119130253,-0.07802288387906453,-0.26656606474784483,0.17957700802700738
AXL,American Axle & Manufacturing Holdings Inc,2018-12-03,2018-11-05,2018-11-29,12,13,Barnes David Eugene; Bowes Timothy Earl Joseph; Chappell Elizabeth Anne; Dauch David C; Deveson Gregory; Kemp Terri M.; Lynch Michael Joseph; May Christopher John; McCaslin James A; Miller William P II; Oal Tolga I; Simonte Michael K,1678586,12.23153846153846,2018-11-05,2018-11-29,2018-11-05 17:42:50,2018-12-03 16:19:14,2121012480.0,0.005132378898774936,-0.04897083227530741,0.17781536946850218,0.276862218848686
AXON,Axovant Sciences Ltd.,2017-04-19,2017-04-17,2017-04-17,3,3,Falberg Kathryn E; Hung David; Vernon W Anthony,11999997,18.54,2017-04-17,2017-04-17,2017-04-19 16:06:28,2017-04-19 16:08:33,46557491200.0,0.029270000227093362,0.05885241733461877,0.04653296693073572,0.06889461342306946
AXON,"Axon Enterprise, Inc.",2021-12-17,2021-11-30,2021-12-16,3,3,Brown Adriane M; Kalinowski Caitlin Elizabeth; Partovi Hadi,10362392,153.22666666666666,2021-11-30,2021-12-16,2021-12-02 16:14:01,2021-12-17 19:32:50,46557491200.0,0.08273508223556891,0.10699988816599704,0.03882994761543768,-0.041401121855508594
AXS,Axis Capital Holdings Ltd,2020-03-17,2020-03-12,2020-03-16,4,4,Benchimol Albert; Butt Michael A; Davis Charles A; Vogt Peter,20449298,40.7325,2020-03-12,2020-03-16,2020-03-16 18:54:09,2020-03-17 17:12:37,8155891712.0,-0.007863386796345462,0.06769712073686507,-0.16535673753656166,-0.16627988251760883
AXS,Axis Capital Holdings Ltd,2024-05-30,2024-05-06,2024-05-28,3,3,Becker W Marston; Galanski Stanley A; Millegan Michael,444351,69.83333333333333,2024-05-06,2024-05-28,2024-05-08 17:10:27,2024-05-30 17:13:32,8155891712.0,0.04108885586793898,0.0018085896337147744,-0.058885957866865235,0.019554831514565496
AXSM,"Axsome Therapeutics, Inc.",2019-06-12,2019-05-13,2019-06-11,3,3,Coleman Mark; Pizzie Nick; Saad Mark E,217787,21.52333333333333,2019-05-13,2019-06-11,2019-05-15 07:21:44,2019-06-12 07:00:31,8391696896.0,0.09836491702114603,0.17408960002527674,0.2059276810242232,0.1517993899283996
AXSM,"Axsome Therapeutics, Inc.",2021-11-23,2021-11-17,2021-11-19,4,4,Coleman Mark; Jeffs Roger; Pizzie Nick; Saad Mark E,345129,35.542500000000004,2021-11-17,2021-11-19,2021-11-19 07:30:28,2021-11-23 07:30:09,8391696896.0,0.02558831221224578,-0.06338335667307404,-0.10609875615800357,-0.12929753502313113
AXTA,Axalta Coating Systems Ltd.,2023-09-14,2023-09-06,2023-09-13,3,3,Cook William M; Kissire Deborah J.; Stein Kevin M,1052955,26.923333333333332,2023-09-06,2023-09-13,2023-09-06 18:42:18,2023-09-14 19:19:20,6759686144.0,0.02629084349609112,0.020380051267431254,0.032498858191882474,0.19257007713602836
AZTA,"Azenta, Inc.",2024-11-19,2024-11-18,2024-11-19,4,4,Cornog William L; Hirsch Didier; Madaus Martin D; Marotta John,1288808,39.865,2024-11-18,2024-11-19,2024-11-19 16:00:09,2024-11-19 16:10:16,1130349952.0,0.10202389928980904,0.1122617794887415,,
AZZ,Azz Inc,2015-03-04,2015-03-02,2015-03-02,4,4,Emery Matthew Varley; Mackey Tara D; Pendley Timothy E; Steines Robert Joseph,26711,37.875,2015-03-02,2015-03-02,2015-03-04 17:13:49,2015-03-04 17:21:51,3943188992.0,-0.0001853672670699691,-0.0015288733634012397,0.03512544604274481,0.05670362260741402
AZZ,Azz Inc,2015-10-05,2015-09-08,2015-10-02,7,7,Bacius Chris M.; Fehlman Paul Wesley; Ferguson Thomas E; Forester Debbie Romine; Mackey Tara D; Pendley Timothy E; Steines Robert Joseph,352261,40.90714285714286,2015-09-08,2015-10-02,2015-09-10 17:00:10,2015-10-05 18:15:46,3943188992.0,0.06462864432656734,0.03061940973861721,0.13071555966859072,0.12201302541119308
AZZ,Azz Inc,2016-03-09,2016-03-07,2016-03-07,6,6,Bacius Chris M.; Emery Matthew Varley; Ferguson Thomas E; Mackey Tara D; Pendley Timothy E; Steines Robert Joseph,63126,39.005,2016-03-07,2016-03-07,2016-03-09 17:22:46,2016-03-09 17:23:52,3943188992.0,-0.031774141775327336,-0.0074258996343150585,-0.03784371886964277,0.008259987923008527
AZZ,Azz Inc,2016-09-08,2016-09-06,2016-09-06,5,5,Bacius Chris M.; Emery Matthew Varley; Mackey Tara D; Pendley Timothy E; Steines Robert Joseph,53093,42.188,2016-09-06,2016-09-06,2016-09-08 16:27:30,2016-09-08 16:28:30,3943188992.0,-0.010986462239719996,-0.02299932501976365,-0.15255648467847738,-0.027831989906229704
AZZ,Azz Inc,2022-10-17,2022-10-14,2022-10-17,3,3,Lavelle Ken; Russell Kurt L.; Schlom Philip A,278992,34.85333333333333,2022-10-14,2022-10-17,2022-10-17 16:26:14,2022-10-17 17:55:06,3943188992.0,0.07559289894050036,0.015284401293203187,0.07018832086389515,0.24620419601066024
AZZ,Azz Inc,2024-07-12,2024-06-30,2024-06-30,5,5,Crawford Jason; Ferguson Thomas E; Mackey Tara D; Moseley Tiffany; Russell Kurt L.,95303,34.724000000000004,2024-06-30,2024-06-30,2024-07-11 14:01:01,2024-07-12 14:02:19,3943188992.0,0.015816827295414226,0.04611515772635555,0.01769632128553633,-0.012011624252927788
B,Barnes Group Inc,2018-03-12,2018-02-21,2018-03-09,3,3,Benanav Gary G; Hipple Richard J; Mangum Mylle H,84294,62.26666666666667,2018-02-21,2018-03-09,2018-02-21 14:31:41,2018-03-12 14:41:54,77652951040.0,0.03816683527669251,0.06339020526072392,0.18518320758857687,0.0985116077547219
B,Barnes Group Inc,2019-03-12,2019-02-27,2019-03-08,3,3,Benanav Gary G; Hipple Richard J; Mangum Mylle H,63003,56.97666666666667,2019-02-27,2019-03-08,2019-02-27 16:52:04,2019-03-12 15:16:46,77652951040.0,0.0024829749327934802,-0.044485931105749166,-0.08070439301176235,0.0011926053605375575
B,Barnes Group Inc,2022-11-08,2022-11-01,2022-11-07,4,5,Barnes Elijah Kent; Hipple Richard J; Hook Thomas J; Streich Julie K,2804107,37.146,2022-11-01,2022-11-07,2022-11-02 16:20:20,2022-11-08 11:13:35,77652951040.0,0.06885235609253082,0.04935097592608351,0.19163901786752136,0.1881493332101738
B,Barnes Group Inc,2023-11-09,2023-10-31,2023-11-07,6,6,Acker Marian; Barnes Elijah Kent; Hook Thomas J; Keating Neal J; Knoll Jay B; Manner Hans-Peter,3987596,21.645,2023-10-31,2023-11-07,2023-11-02 16:33:37,2023-11-09 15:12:45,77652951040.0,-0.0043885573591044835,0.017117157997546206,0.1163636868484128,-0.15392899226632262
BAH,Booz Allen Hamilton Holding Corp,2017-08-14,2017-08-10,2017-08-10,3,3,Clare Peter J; Fujiyama Ian; Odeen Philip A,854625,32.77333333333333,2017-08-10,2017-08-10,2017-08-14 19:33:20,2017-08-14 19:48:10,9551075328.0,0.0034387867741896283,0.024841249978896807,0.09157562258456409,0.05931287221768344
BALY,Bally'S Corp,2021-11-09,2021-11-05,2021-11-05,5,5,Capp Stephen H; Downey Terrence; Fenton Lee; Papanier George T.; Reeves Robeson,910676,45.004000000000005,2021-11-05,2021-11-05,2021-11-09 12:00:50,2021-11-09 16:04:13,659755840.0,,,,
BALY,Bally'S Corp,2023-11-13,2023-11-03,2023-11-09,9,9,Barker Lee Kim; Downey Terrence; Eaton Craig L; Harris Tracy S.; Papanier George T.; Patel Jaymin B; Reeves Robeson; Rollins Jeffrey W; Wilson Wanda Y.,760257,9.254444444444443,2023-11-03,2023-11-09,2023-11-07 16:17:39,2023-11-13 16:10:22,659755840.0,,,,
BANC,"Banc of California, Inc.",2021-05-12,2021-04-27,2021-05-11,4,4,Barker James Andrew; Curran Mary A; Sznewajs Robert D; Wolff Jared M,742422,17.955000000000002,2021-04-27,2021-05-11,2021-04-28 09:15:11,2021-05-12 16:12:22,2801309440.0,0.023855671976304227,0.014409495235129466,-0.0240631590629774,-0.04312047887212045
BAND,Bandwidth Inc.,2022-03-10,2022-02-28,2022-03-08,3,3,Asbill Richard Brandon; Bailey Brian D.; Raiford Daryl,666559,29.646666666666665,2022-02-28,2022-03-08,2022-02-28 19:02:18,2022-03-10 16:11:26,474915808.0,-0.02667043179887163,0.006037965003181434,-0.06456051373684424,-0.19845319737339684
BANF,Bancfirst Corp /ok/,2020-03-18,2020-03-11,2020-03-18,13,15,Brace Mark; Brand Dennis L; Copeland Scott; Foraker Randy; Goyne Joe; Harlow David R; Johnstone William O; McCasland Thomas Howard III; Norick Ronald J; Samis Michael S.; Starks Ken; Wedel Gregory; Williams G Rainey Jr,1912212,34.760666666666665,2020-03-11,2020-03-18,2020-03-11 11:15:09,2020-03-18 18:06:43,3802320128.0,0.039622572128439115,-0.03911778130715926,-0.02781622749754309,-0.08068916316664398
BANF,Bancfirst Corp /ok/,2023-05-09,2023-04-26,2023-05-09,4,4,Brand Dennis L; Goyne Joe; Rainbolt H E; Schmidt Darryl,513252,73.1275,2023-04-26,2023-05-09,2023-04-26 12:39:54,2023-05-09 14:19:30,3802320128.0,0.03976116828771259,0.06919074154075067,0.20399309920548525,0.31137944582937704
BATL,Battalion Oil Corp,2021-09-15,2021-09-10,2021-09-14,5,6,Andrews Richard Kevin; Evans Grant R; Hinds Gregory S.; Little Richard H; Rohling Daniel P,192562,8.025,2021-09-10,2021-09-14,2021-09-14 19:00:28,2021-09-15 20:40:29,455517664.0,-0.027188289850587632,0.12343654427849882,0.24803777981653052,0.24299674517996306
BATL,Battalion Oil Corp,2022-06-13,2022-06-01,2022-06-10,3,6,Andrews Richard Kevin; Little Richard H; Rohling Daniel P,96721,14.866666666666667,2022-06-01,2022-06-10,2022-06-03 18:17:33,2022-06-13 17:00:12,455517664.0,-0.01377005188476732,-0.21007758291622414,-0.2417627823177535,-0.045238541804638266
BBBY,Bed Bath & Beyond Inc,2021-02-11,2020-11-02,2020-11-11,3,4,Edelman Harriet; Kirwan Jeff; Schechter Joshua,250008,19.995,2020-11-02,2020-11-11,2020-11-03 16:08:54,2021-02-11 16:31:26,349186752.0,0.052703604364605416,0.0031014239283919665,-0.3688961416871426,-0.33142232665089333
BBBY,Bed Bath & Beyond Inc,2021-04-21,2021-04-16,2021-04-19,3,3,Arnal Gustavo; Schechter Joshua; Yerger Ann,596834,25.34,2021-04-16,2021-04-19,2021-04-19 16:58:33,2021-04-21 11:17:27,349186752.0,0.014505508587050464,0.05292431554273813,0.35238462826694095,0.17850874777590842
BBBY,Bed Bath & Beyond Inc,2021-11-09,2021-11-04,2021-11-05,3,4,Arnal Gustavo; Edelman Harriet; Fleming John E,982100,19.655,2021-11-04,2021-11-05,2021-11-08 20:51:02,2021-11-09 19:47:39,349186752.0,-0.07533180114948512,0.027157941918542816,-0.4126858182231131,-0.49011848050813245
BBBY,Bed Bath & Beyond Inc,2022-01-19,2022-01-07,2022-01-18,6,6,Arnal Gustavo; Hartmann John R.; Hartsig Joseph G.; Masood Rafeh; Melnick Gregg A; Schechter Joshua,656650,14.045000000000002,2022-01-07,2022-01-18,2022-01-11 16:15:47,2022-01-19 19:53:02,349186752.0,-0.02968371312987861,-0.10328616760912923,0.15755354440555924,-0.14547552299903566
BBIO,"Bridgebio Pharma, Inc.",2019-07-03,2019-06-27,2019-07-01,6,6,Henderson Michael Thomas; Kkr Genetic Disorder L.P.; Sinha Uma; Stephenson Brian C; Viking Global Investors LP; Viking Global Performance LLC,206301800,17.0,2019-06-27,2019-07-01,2019-06-28 19:02:01,2019-07-03 16:30:24,12509970432.0,0.06526735708350007,0.09124581425602152,0.02938438698212542,-0.25667479217761224
BBSI,Barrett Business Services Inc,2015-05-15,2015-05-07,2015-05-14,3,4,Carley Thomas J; Johnson Roger L; Justesen Jon L,405217,39.4125,2015-05-07,2015-05-14,2015-05-11 18:09:53,2015-05-15 13:35:36,718280192.0,0.0017360501614962498,-0.03327867462830558,-0.0015010062235728538,0.019180712485276752
BCML,Baycom Corp,2020-06-10,2020-05-19,2020-06-09,3,3,Hotchkiss Malcolm Flemming; Kendall Lloyd W. Jr.; King Janet Lee,184189,13.626666666666663,2020-05-19,2020-06-09,2020-05-19 15:17:18,2020-06-10 12:22:39,323445600.0,-0.09073326058886211,-0.0957877665794421,-0.23363966194142305,-0.30453667899427495
BCO,Brinks Co,2018-02-15,2018-02-08,2018-02-14,3,4,Domanico Ronald James; Pertz Douglas A; Stoeckert George I,1281766,73.7775,2018-02-08,2018-02-14,2018-02-08 21:33:50,2018-02-15 17:29:04,5227671040.0,0.0030609832286923044,-0.006231568817856914,-0.011923272859228784,-0.02536100839183064
BCO,Brinks Co,2020-05-18,2020-05-12,2020-05-14,5,6,Davis Simon; Domanico Ronald James; Herling Michael J; Pertz Douglas A; Shemanski Raphael J.,752025,34.824999999999996,2020-05-12,2020-05-14,2020-05-13 15:06:46,2020-05-18 16:32:53,5227671040.0,-0.011865423501687511,0.08185731505865546,0.1333529782733791,0.12446269001095756
BCRX,Biocryst Pharmaceuticals Inc,2024-05-31,2024-05-13,2024-05-30,10,10,Aselage Steve; Barnes Alane P; Doyle Anthony; Galson Steven K; Gayer Charles K; Hutson Nancy J; Levin Alan G; Milano Vincent; Stonehouse Jon P; Thackray Helen M.,1048338,5.885999999999999,2024-05-13,2024-05-30,2024-05-15 07:04:53,2024-05-31 16:25:31,2175628288.0,0.023554629604730204,-0.06138768808784878,0.07700837242526193,0.174667133411196
BCYC,Bicycle Therapeutics Plc,2019-06-03,2019-05-27,2019-05-29,9,9,"Anstey Michael; Bingham Kate; Cambridge Innovation Capital (Jersey) Ltd; Glaxosmithkline Plc; Harland Deborah; Ng Carolyn; Novartis Bioventures Ltd; Svlsf V, LLC; Tybourne Capital Management (Hk) Ltd",45860850,14.0,2019-05-27,2019-05-29,2019-05-30 17:47:38,2019-06-03 17:15:00,381523424.0,-0.01825316519036746,-0.03180503880501884,-0.34412287801081654,-0.4524275018247146
BDC,Belden Inc.,2018-11-16,2018-11-01,2018-11-14,3,3,Derksen Henk; Stroup John S; Vestjens Roel,596057,54.343333333333334,2018-11-01,2018-11-14,2018-11-02 07:15:36,2018-11-16 09:53:37,5349543936.0,0.015816262422769123,-0.002749126212987174,-0.14328940930509082,0.011743937387647119
BETR,"Amplify Snack Brands, Inc",2016-03-15,2016-03-14,2016-03-14,3,3,Ennis Thomas C.; Goldberg Brian; Shiver Jason,305311,12.72,2016-03-14,2016-03-14,2016-03-15 17:20:53,2016-03-15 17:27:34,516576352.0,,,,
BFS,"Saul Centers, Inc.",2023-05-22,2023-05-09,2023-05-18,3,4,Heard Carlos Lawrence; Pearson David Todd; Saul B Francis II,479010,33.58,2023-05-09,2023-05-18,2023-05-11 16:57:06,2023-05-22 12:05:42,1188323968.0,0.027516625665864547,-0.02416433454007727,-0.015014114241906906,0.02978029991353215
BFST,"Business First Bancshares, Inc.",2018-06-18,2018-06-08,2018-06-14,4,7,Greer Robert S. Jr.; Mansfield Keith; McLindon Andrew D.; Robertson Alicia,642478,24.904285714285713,2018-06-08,2018-06-14,2018-06-12 17:35:29,2018-06-18 16:46:19,904642176.0,0.03049510247985643,0.07531555209764629,0.01104563590256169,0.013676778397221367
BFST,"Business First Bancshares, Inc.",2020-03-17,2020-03-10,2020-03-13,7,7,Jordan Philip; Mansfield Keith; McLindon Andrew D.; Mockler Patrick E.; Montgomery David A. Jr.; Robertson Greg; Shamieh Fayez K.,493870,15.765714285714289,2020-03-10,2020-03-13,2020-03-13 20:29:32,2020-03-17 20:13:53,904642176.0,-0.04737121205101147,-0.0802149102346511,0.09847872809268687,0.032326446518428975
BFST,"Business First Bancshares, Inc.",2020-11-06,2020-07-21,2020-08-13,3,3,Greer Robert S. Jr.; Robertson Alicia; Tillage Keith Alexis,52443,14.636666666666668,2020-07-21,2020-08-13,2020-08-06 18:49:33,2020-11-06 16:28:31,904642176.0,0.10806347484154633,0.11063462336317254,0.15288975368349833,0.13557453005524356
BFST,"Business First Bancshares, Inc.",2023-06-02,2023-05-02,2023-05-31,12,13,Calkins Carol; Day Rick D.; Ducrest John P.; Johnson Joseph Vernon; Manning Kathryn; Mansfield Keith; McCollister Rolfe H. Jr.; McLindon Andrew D.; Price Arthur; Robertson Greg; Smith Kenneth W.; White Steven Gerard,688884,14.323846153846151,2023-05-02,2023-05-31,2023-05-05 16:46:59,2023-06-02 16:05:47,904642176.0,-0.002299460698372391,0.06190738895161019,0.007135880368709824,0.3117155140231549
BFST,"Business First Bancshares, Inc.",2024-02-23,2021-11-30,2021-12-14,4,4,Brees Drew C.; Day Rick D.; Ducrest John P.; McCollister Rolfe H. Jr.,198827,25.9425,2021-11-30,2021-12-14,2021-12-14 16:32:29,2024-02-23 16:05:59,904642176.0,0.005278482168698528,-0.002250634413847541,-0.05246031946963292,-0.060049475539067476
BG,Bunge Ltd,2018-11-19,2018-11-05,2018-11-16,5,7,Boehlert Thomas; Continental Grain Co; Lupo L Patrick; Schroder Soren; Zenuk Mark N,61933894,62.46142857142856,2018-11-05,2018-11-16,2018-11-05 16:08:39,2018-11-19 17:19:26,22567030784.0,0.02860215179954617,0.017588335160404478,0.012311775300019145,-0.11099260960039026
BG,Bunge Ltd,2019-05-28,2019-05-21,2019-05-23,5,5,Continental Grain Co; Fribourg Paul J; Heckman Gregory A; Winship Henry Ward IV; Zachman Brian,11888148,51.31,2019-05-21,2019-05-23,2019-05-22 12:33:09,2019-05-28 17:28:21,22567030784.0,0.04087425817717183,0.09104257759788126,0.07023874879899727,0.05282168233227713
BG,Bunge Ltd,2020-03-13,2020-03-11,2020-03-13,6,6,Bair Sheila Colleen; Fyrwald J Erik; Heckman Gregory A; Neppl John W; Simmons Jerry Matthews Jr; Winship Henry Ward IV,5908581,37.865,2020-03-11,2020-03-13,2020-03-12 10:40:19,2020-03-13 17:02:41,22567030784.0,-0.0361413398860192,-0.0484795255649445,-0.06582482062132278,-0.09622076254718359
BGS,"B&g Foods, Inc.",2024-05-14,2024-05-13,2024-05-13,3,3,Lerner Scott E; Sherrill Stephen; Wacha Bruce C,1218296,8.563333333333333,2024-05-13,2024-05-13,2024-05-14 16:44:55,2024-05-14 17:09:42,404018976.0,0.0389818635255339,0.09895910955653098,-0.0954335606233121,-0.04219040386505424
BGS,"B&g Foods, Inc.",2024-11-18,2024-11-08,2024-11-15,4,4,Hart Eric H; Lerner Scott E; Sherrill Stephen; Vogel Andrew D,593233,6.4525,2024-11-08,2024-11-15,2024-11-08 18:25:22,2024-11-18 17:14:17,404018976.0,0.016386673765874882,0.060404242890234494,,
BHB,Bar Harbor Bankshares,2017-12-11,2017-11-10,2017-12-08,3,3,Caras Matthew L; Maltz Richard B; Mercier John M,30934,28.02333333333333,2017-11-10,2017-12-08,2017-11-13 13:07:41,2017-12-11 13:12:07,551500032.0,-0.016787304355870503,0.07455654866236916,-0.07063795566117625,0.02543317862940464
BHB,Bar Harbor Bankshares,2018-11-28,2018-10-29,2018-11-26,13,17,Caras Matthew L; Colter David M; Dimick Steven H.; Dudman Martha T; Ensign Stephen W; Fernald Lauri E; Hill Daina H; Land John W.; Ohalloran Brendan; Smith Kenneth Eugene; Theroux Stephen R; Toothaker Scott G; Woodside David B,548705,23.91705882352941,2018-10-29,2018-11-26,2018-10-29 15:18:20,2018-11-28 10:00:03,551500032.0,0.06510256936591219,-0.020717374000121747,0.01878628309332575,0.046276892036852146
BHB,Bar Harbor Bankshares,2019-08-27,2019-07-29,2019-08-27,4,4,Caras Matthew L; Ohalloran Brendan; Smith Kenneth Eugene; Toothaker Scott G,149748,22.805,2019-07-29,2019-08-27,2019-07-31 12:14:44,2019-08-27 16:20:38,551500032.0,-0.015509543097062317,-0.02833206244203401,0.10403042519851669,0.1104407285566702
BHB,Bar Harbor Bankshares,2020-05-13,2020-05-05,2020-05-13,3,3,Caras Matthew L; Simard Curtis C; Woodside David B,74491,17.62333333333333,2020-05-05,2020-05-13,2020-05-05 18:05:45,2020-05-13 17:09:08,551500032.0,-0.012981401563942563,0.02366933427572171,0.31060042010929556,0.07358191091038813
BHB,Bar Harbor Bankshares,2024-03-19,2024-03-15,2024-03-19,5,5,Caras Matthew L; Colter David M; Simard Curtis C; Smith Kenneth Eugene; Woodside David B,34342,24.818,2024-03-15,2024-03-19,2024-03-19 14:18:11,2024-03-19 14:24:00,551500032.0,0.031044092054593353,0.012988451347411,0.07644169562325998,0.0015920861390699148
BHB,Bar Harbor Bankshares,2024-06-18,2024-05-30,2024-06-14,5,5,Caras Matthew L; Colter David M; Simard Curtis C; Smith Kenneth Eugene; Toothaker Scott G,151328,25.410000000000004,2024-05-30,2024-06-14,2024-05-30 16:26:05,2024-06-18 16:24:15,551500032.0,-0.0060501531462267,-0.014334448265957977,0.19282080868476859,0.19144540438066637
BHE,Benchmark Electronics Inc,2021-08-23,2021-08-03,2021-08-20,3,3,Benck Jeff; De Greef-Safft Anne; Lakkaraju Roop Kalyan,200389,26.19666666666667,2021-08-03,2021-08-20,2021-08-05 17:04:23,2021-08-23 16:30:44,2001588224.0,0.005919172029952291,0.03205256118273048,0.07956839795886439,-0.04138053374886397
BHF,"Brighthouse Financial, Inc.",2019-08-27,2019-08-12,2019-08-27,4,4,Lambert Myles; Murphy Conor; Rosenthal John; Steigerwalt Eric T,991167,34.8775,2019-08-12,2019-08-27,2019-08-13 16:20:52,2019-08-27 16:16:35,3418465536.0,-0.020111232376812116,-0.026078786990768488,-0.01602494133216059,0.053542829251795654
BHF,"Brighthouse Financial, Inc.",2020-03-13,2020-03-10,2020-03-12,4,4,Debiase Christine M.; Shouvlin Patrick J.; Spehar Edward A.; Wallace William Francis,459440,22.97,2020-03-10,2020-03-12,2020-03-11 16:19:17,2020-03-13 16:18:01,3418465536.0,-0.0584836726185195,-0.11766461700518138,0.022308175135619557,0.5575367053968077
BHRB,Burke & Herbert Financial Services Corp.,2023-09-15,2023-08-29,2023-09-14,6,12,Anderson Mark Guthrie; Barnwell Julian Forrest Jr.; Boyle David P; Carosi Nicholas III; McLaughlin Shawn Patrick; Riojas Jose David,927474,49.4175,2023-08-29,2023-09-14,2023-08-30 14:56:16,2023-09-15 08:02:57,988787008.0,0.016769767610101738,0.009507747175838133,-0.020716150765487384,0.10585443120996407
BHRB,Burke & Herbert Financial Services Corp.,2024-02-21,2024-01-30,2024-02-21,4,6,Anderson Mark Guthrie; Barnwell Julian Forrest Jr.; McLaughlin Shawn Patrick; Riojas Jose David,669333,58.498333333333335,2024-01-30,2024-02-21,2024-01-30 17:45:19,2024-02-21 11:28:52,988787008.0,-0.02705691678007427,-0.039058628392594885,-0.059419905932600714,-0.1360841724678764
BHRB,Burke & Herbert Financial Services Corp.,2024-05-24,2024-04-30,2024-05-23,4,15,Barnwell Julian Forrest Jr.; Hinkle Gary L; McLaughlin Shawn Patrick; Riojas Jose David,1005051,49.93333333333333,2024-04-30,2024-05-23,2024-04-30 15:13:02,2024-05-24 08:13:27,988787008.0,0.10395271148184859,0.022915784687889573,-0.07129653169219763,0.24258917937328328
BHRB,Burke & Herbert Financial Services Corp.,2024-12-16,2024-11-15,2024-12-13,3,5,Barnwell Julian Forrest Jr.; Hinkle Gary L; McLaughlin Shawn Patrick,960465,69.05799999999999,2024-11-15,2024-12-13,2024-11-19 16:07:57,2024-12-16 08:50:59,988787008.0,0.003771448660584209,-0.061732464435338974,,
BHVN,Biohaven Pharmaceutical Holding Co Ltd.,2017-05-11,2017-05-09,2017-05-09,6,6,Bailey Gregory; Berman Robert; Cha Albert; Childs John W; Conway Charles; Engelhart James,18131350,17.0,2017-05-09,2017-05-09,2017-05-09 16:44:41,2017-05-11 17:01:58,1415786240.0,,,,
BHVN,Biohaven Pharmaceutical Holding Co Ltd.,2019-06-28,2019-06-26,2019-06-27,4,4,Berman Robert; Childs John W; Coric Vlad; Engelhart James,818175,41.485,2019-06-26,2019-06-27,2019-06-26 20:40:24,2019-06-28 07:11:30,1415786240.0,,,,
BHVN,Biohaven Ltd.,2022-11-01,2022-10-05,2022-10-31,5,9,Bailey Gregory; Buten Matthew; Childs John W; Coric Vlad; Gregory Julia P,63598844,11.4,2022-10-05,2022-10-31,2022-10-05 21:44:52,2022-11-01 07:34:07,1415786240.0,-0.08409588038353999,-0.049449352390947166,-0.08605355441729279,0.07930670498118175
BHVN,Biohaven Ltd.,2023-10-10,2023-10-04,2023-10-05,4,4,Bailey Gregory; Buten Matthew; Childs John W; Coric Vlad,20902068,22.1425,2023-10-04,2023-10-05,2023-10-06 07:37:13,2023-10-10 19:07:33,1415786240.0,0.10536576043874546,0.11491286577629745,0.13979771894341475,0.6270731557208833
BHVN,Biohaven Ltd.,2024-05-15,2024-04-22,2024-05-13,3,6,Bailey Gregory; Childs John W; Coric Vlad,17514448,38.59,2024-04-22,2024-05-13,2024-04-23 07:54:02,2024-05-15 07:31:29,1415786240.0,0.02219190751673472,0.007660878030276486,-0.11126984947257601,-0.029590104707346798
BHVN,Biohaven Ltd.,2024-10-03,2024-09-24,2024-10-02,3,3,Bailey Gregory; Childs John W; Coric Vlad,2220906,46.39666666666667,2024-09-24,2024-10-02,2024-09-25 07:30:20,2024-10-03 07:01:22,1415786240.0,-0.014744152552021328,0.05931841551722261,-0.02908973470754561,-0.2919411113050262
BILL,"Bill Holdings, Inc.",2024-08-28,2024-08-26,2024-08-27,3,3,Jacobs Brian; Lacerte Rene A.; Rettig John R.,4477227,50.846666666666664,2024-08-26,2024-08-27,2024-08-26 19:01:07,2024-08-28 18:52:50,4380853248.0,0.03376415276282774,0.06877436864070485,0.01428818689383271,0.6220755896426
BIOA,Bioamber Inc.,2015-05-08,2015-05-06,2015-05-06,7,7,Briner Kurt W; Haller Heinz; Hartmann Michael A.; Huc Jean-Francois; Laurin Francois; Millis James; Orecchioni Fabrice,308700,9.0,2015-05-06,2015-05-06,2015-05-08 07:46:14,2015-05-08 08:48:20,854255552.0,,,,
BIOA,"Bioage Labs, Inc.",2024-10-03,2024-09-27,2024-10-01,4,5,"Cormorant Asset Management, LP; Enright Patrick G; Healy James; Pande Vijay Satyanand",47828989,18.35,2024-09-27,2024-10-01,2024-09-27 16:22:43,2024-10-03 19:19:49,854255552.0,0.10223536989256266,0.02827438598316534,-0.05420143563082169,-0.7506402724705553
BKD,Brookdale Senior Living Inc.,2016-03-04,2016-02-11,2016-03-04,12,13,Baier Lucinda M; Bumstead Frank M; Clegg Jackie M; Decker Daniel A; Diab Labeed S.; Hicks George T; Leeds Jeffrey R; Petty William G. Jr.; Richardson Bryan D; Seward James R; Smith Thomas Andrew; Wielansky Lee S,1509044,12.94076923076923,2016-02-11,2016-03-04,2016-02-12 19:08:45,2016-03-04 18:49:59,3564941824.0,0.051427730024523166,0.024713756465082337,0.15992791064890133,0.12916770956353196
BKD,Brookdale Senior Living Inc.,2016-11-07,2016-11-04,2016-11-04,3,3,Bumstead Frank M; Seward James R; Wielansky Lee S,303675,12.23,2016-11-04,2016-11-04,2016-11-07 17:56:26,2016-11-07 17:59:58,3564941824.0,-0.0002604057557524797,-0.049751772457841015,-0.04398948898042909,0.12823006709725693
BKD,Brookdale Senior Living Inc.,2018-03-08,2018-02-27,2018-03-06,5,6,Baier Lucinda M; Bromley Marcus E; Bumstead Frank M; Seward James R; Wielansky Lee S,495064,6.896666666666667,2018-02-27,2018-03-06,2018-02-28 21:40:41,2018-03-08 16:40:46,3564941824.0,-0.03437414622832613,-0.04026691283644379,-0.07768110669311878,0.07520668308574319
BKD,Brookdale Senior Living Inc.,2019-03-06,2019-02-19,2019-03-04,6,7,Baier Lucinda M; Bromley Marcus E; Johnson-Mills Rita; Seward James R; Warren Denise Wilder; Wielansky Lee S,257610,6.920000000000001,2019-02-19,2019-03-04,2019-02-20 17:41:24,2019-03-06 18:06:56,3564941824.0,0.028281846741392447,0.059691125431958536,-0.06358889970726289,-0.03572792394252322
BKH,Black Hills Corp /sd/,2020-08-27,2020-08-06,2020-08-26,3,3,Evans Linden R; Kinzley Richard; Mills Steven Richard,386793,56.09,2020-08-06,2020-08-26,2020-08-07 09:48:10,2020-08-27 17:46:57,5607781376.0,0.03389673788497105,0.03832778985244012,0.06274120970623498,0.12426584694340015
BKV,Bkv Corp,2024-10-01,2024-09-27,2024-09-27,13,13,Birkelo Bradley A; Bowman Simon; Davis Joseph R; Dayananda Akaraphong; Jimenez John T; Kalnin Christopher P; Lauer Travis; Limpaphayom Kirana; Ngo Ethan; Patel Sunit S; Sirisaengtaksin Anon; Tameron David; Valois Mary Rita,2213100,18.0,2024-09-27,2024-09-27,2024-10-01 15:23:52,2024-10-01 15:34:14,3205697536.0,0.0014323226968115943,-0.01482743734213643,0.09143545347825577,0.1873319430004472
BMRC,Bank of Marin Bancorp,2023-05-24,2023-05-02,2023-05-23,9,9,Fite Charles D; Heller H Robert; Kennedy Kevin R; McDevitt Jr William H; Merck David A; Myers Timothy D; Sathis Arasadi; Stewart Misako; Watson Secil Tabli,348740,15.195555555555554,2023-05-02,2023-05-23,2023-05-02 17:11:24,2023-05-24 17:25:12,403050272.0,-0.046202793269468856,-0.09618698662671177,-0.10888351124218165,0.014425283230700137
BNL,"Broadstone Net Lease, Inc.",2020-09-21,2020-09-21,2020-09-21,5,5,Czarnecki Christopher J; Duckles Kristen; Hawkes Laurie A.; Lessard Laurier J Jr; Pickney Roderick,1242700,17.0,2020-09-21,2020-09-21,2020-09-21 17:15:09,2020-09-21 17:19:10,3809011712.0,-0.0281949809842994,0.004219091728935753,-0.006882796202107855,0.03526925440755613
BNL,"Broadstone Net Lease, Inc.",2023-03-20,2023-02-27,2023-03-17,5,5,Albano Ryan M; Caruso Michael B.; Coke Michael A; Fennell Kevin; Moragne John David,452814,16.832,2023-02-27,2023-03-17,2023-03-01 17:00:26,2023-03-20 17:00:47,3809011712.0,-0.01088197303660432,-0.011870851959849382,-0.07470678535061648,-0.1264016325819678
BNL,"Broadstone Net Lease, Inc.",2024-02-27,2024-02-26,2024-02-27,4,4,Coke Michael A; Fennell Kevin; Moragne John David; Narasimhan Shekar,427278,14.735,2024-02-26,2024-02-27,2024-02-26 16:10:40,2024-02-27 16:10:50,3809011712.0,0.010455458814065066,0.005203121329514726,0.009008753895499266,0.035960365316559884
BOC,Boston Omaha Corp,2023-06-01,2023-05-16,2023-05-31,3,3,Keating Brendan Joseph; Royal Jeffrey C; Weisenburger Joshua Paul,262694,19.14333333333333,2023-05-16,2023-05-31,2023-05-18 16:03:14,2023-06-01 16:02:35,404491136.0,0.022022063440950257,0.05162108617293315,-0.07142902380627736,-0.15474559879027816
BOC,Boston Omaha Corp,2024-06-17,2024-05-22,2024-06-14,7,11,Briner Bradford B; Kenan Frank H. II; Meisinger Joseph Max; Peterson Adam K; Royal Jeffrey C; Srinivasan Vishnu; Weisenburger Joshua Paul,3381884,13.911818181818184,2024-05-22,2024-06-14,2024-05-22 16:04:28,2024-06-17 16:36:27,404491136.0,0.014243430722585382,-0.00628677628237706,0.05258023240991738,0.013969558978846885
BOH,Bank of Hawaii Corp,2023-05-16,2023-05-01,2023-05-12,3,3,Lucien Kent Thomas; Moy Alicia E; Nichols Victor K,333875,42.29666666666666,2023-05-01,2023-05-12,2023-05-02 18:54:58,2023-05-16 16:49:00,3096075776.0,0.11188022413156906,0.16906999222477248,0.18191356615397591,0.5724502967128442
BOKF,Bok Financial Corp Et Al,2020-05-14,2020-04-29,2020-05-12,3,4,Gottron Joseph A. II; Grunst Martin E; Hawthorne Douglas D.,307715,49.985,2020-04-29,2020-05-12,2020-04-30 15:21:45,2020-05-14 11:42:18,7797097984.0,0.009768181886766758,0.15160778393724117,0.22375122471941578,0.30741738004065344
BOKF,Bok Financial Corp,2023-05-18,2023-05-01,2023-05-16,3,4,Grunst Martin E; Joullian Edward C IV; Vincent Brad A,388156,79.0725,2023-05-01,2023-05-16,2023-05-03 17:54:35,2023-05-18 12:46:45,7797097984.0,-0.022426558020401166,0.017023895883937823,-0.05327972617464649,-0.023884121667359315
BOW,Bowhead Specialty Holdings Inc.,2024-05-29,2024-05-28,2024-05-28,4,4,Fondriest Fabian; Newman David John; Sills Stephen Jay; Yap Shirley Shek Li,1804458,17.84,2024-05-28,2024-05-28,2024-05-29 18:00:15,2024-05-29 18:00:53,814668800.0,0.0007501708274813002,-0.05146904706323041,-0.0796334798114331,0.10551394251693402
BRBS,"Blue Ridge Bankshares, Inc.",2020-06-16,2020-05-13,2020-06-12,7,15,Burger Robert B.; Dean Mensel D; Janney Robert S.; Plum Brian K.; Sisk Mark W. Sr.; Spurzem Richard T; Woodruff Carolyn J.,294651,15.406666666666666,2020-05-13,2020-06-12,2020-05-14 14:18:03,2020-06-16 16:43:22,369614208.0,0.024175666957852116,-0.03120714628094723,-0.06478317520476173,-0.19696339349170355
BRBS,"Blue Ridge Bankshares, Inc.",2020-11-19,2020-11-02,2020-11-05,5,6,Bost Hunter H.; Dean Mensel D; Janney Robert S.; Stokes William W.; Woodruff Carolyn J.,132684,14.095,2020-11-02,2020-11-05,2020-11-04 14:24:44,2020-11-19 15:25:20,369614208.0,0.008150348072877622,0.027575843678887102,0.18460383909395506,0.2610515824939841
BRBS,"Blue Ridge Bankshares, Inc.",2022-03-03,2022-02-03,2022-03-02,6,8,Dean Mensel D; Holzwarth Andrew C.; Plum Brian K.; Reynolds Randolph N Jr; Stokes William W.; Woodruff Carolyn J.,408352,16.665,2022-02-03,2022-03-02,2022-02-04 09:06:40,2022-03-03 14:46:33,369614208.0,-0.006974922529494609,-0.010482217984312814,-0.08846865182076136,0.020608973648613027
BRBS,"Blue Ridge Bankshares, Inc.",2022-11-09,2022-11-02,2022-11-08,4,4,Crowther Elizabeth Hinton; Gavant Judy Carol; Plum Brian K.; Woodruff Carolyn J.,99660,13.07,2022-11-02,2022-11-08,2022-11-02 16:40:09,2022-11-09 10:35:46,369614208.0,0.006192922406352386,-0.022844761798608504,-0.03600170541461045,-0.10282660834271873
BRBS,"Blue Ridge Bankshares, Inc.",2023-05-25,2023-05-10,2023-05-25,10,15,Beale G William; Bost Hunter H.; Dean Mensel D; Dees Larry; Farmar Richard A III; Holzwarth Andrew C.; Reynolds Randolph N Jr; Spilman Vance H; Stokes William W.; Woodruff Carolyn J.,376923,8.062000000000001,2023-05-10,2023-05-25,2023-05-12 11:12:05,2023-05-25 15:13:58,369614208.0,-0.04276367090701039,-0.05644376414729524,-0.09913347074630918,-0.21707095791839714
BRO,"Brown & Brown, Inc.",2022-05-20,2022-05-03,2022-05-19,3,5,Brown Hugh M; Gellerstedt Lawrence L III; Hays James Charles,966462,58.574,2022-05-03,2022-05-19,2022-05-04 18:45:40,2022-05-20 17:00:35,24636925952.0,0.003875639485724447,0.029532105892423166,0.11606244689769196,0.14355932383636905
BRSP,"Brightspire Capital, Inc.",2021-08-18,2021-08-16,2021-08-18,4,4,Mazzei Michael; Palame David A; Saracino Frank V; Witt Andrew Elmore,1224250,9.4025,2021-08-16,2021-08-18,2021-08-18 16:39:01,2021-08-18 16:44:59,757640320.0,0.027556878521013184,0.061604944970839126,0.0495793652228399,0.012583506309772119
BRSP,"Brightspire Capital, Inc.",2022-05-09,2022-05-06,2022-05-06,3,3,Mazzei Michael; Palame David A; Saracino Frank V,541575,7.996666666666666,2022-05-06,2022-05-06,2022-05-09 07:05:55,2022-05-09 07:10:14,757640320.0,0.07077440222137465,0.07455445360292146,0.07720079613756348,0.09973988613500562
BRX,Brixmor Property Group Inc.,2017-05-18,2017-05-04,2017-05-16,4,5,Horgan Mark; Schreiber John; Singh Carolyn Carter; Taylor James M Jr,616856,18.564,2017-05-04,2017-05-16,2017-05-04 14:20:22,2017-05-18 14:37:01,9393909760.0,0.03250560203741104,0.02067232658523377,-0.030358756758387173,0.07884145746745519
BRX,Brixmor Property Group Inc.,2018-03-13,2018-02-14,2018-03-13,3,3,Greene-Sulzberger Gabrielle; Horgan Mark; Taylor James M Jr,195495,15.336666666666668,2018-02-14,2018-03-13,2018-02-15 18:50:32,2018-03-13 17:37:24,9393909760.0,-0.01073214208964235,-0.01875539789122671,-0.0434551943534478,0.07048615569531569
BRX,Brixmor Property Group Inc.,2018-05-24,2018-05-04,2018-05-23,3,3,Crosland Sheryl Maxwell; Schreiber John; Taylor James M Jr,339091,14.839999999999998,2018-05-04,2018-05-23,2018-05-07 17:48:47,2018-05-24 17:42:45,9393909760.0,0.004426284209841369,0.036572890857046625,0.13430360211443393,0.18718899689861712
BRZE,"Braze, Inc.",2021-11-23,2021-11-19,2021-11-19,7,7,"Agrawal Neeraj; Battery Partners Select Fund I Gp, LLC; Battery Partners Xi, LLC; Brown Michael Maurice; Iconiq Strategic Partners Iii, L.P.; Jacobson Matthew; Pepper Douglas A",147875000,65.0,2021-11-19,2021-11-19,2021-11-23 16:44:04,2021-11-23 18:01:47,2402478336.0,-0.13292509149709753,-0.1729967463446963,-0.27462839702030073,-0.41813578143999874
BRZE,"Braze, Inc.",2022-04-12,2022-04-06,2022-04-08,3,6,"Iconiq Strategic Partners Vi, L.P.; Jacobson Matthew; Pepper Douglas A",44999967,37.54999999999999,2022-04-06,2022-04-08,2022-04-08 16:15:12,2022-04-12 16:30:06,2402478336.0,0.13515126243525044,0.17923760851362958,-0.04272112243152715,0.23022369372766405
BRZE,"Braze, Inc.",2022-10-05,2022-09-15,2022-10-03,3,18,"Iconiq Strategic Partners Vi, L.P.; Jacobson Matthew; Pepper Douglas A",110994639,34.73333333333333,2022-09-15,2022-10-03,2022-09-20 16:52:34,2022-10-05 21:47:11,2402478336.0,0.021675618032980015,-0.14283780297453486,-0.36966250458699057,-0.3106244359805189
BSM,"Black Stone Minerals, L.P.",2015-05-08,2015-05-06,2015-05-06,9,9,Barth Carin Marcy; Carter Thomas L Jr; Dewalch D Mark; Dorn Holbrook F; Morris Brock; Putman Luke Stevens; Sinclair Robert E. W.; Skov Allan; Thacker Allison K.,6042000,19.0,2015-05-06,2015-05-06,2015-05-08 18:15:31,2015-05-08 21:10:39,3174390272.0,-0.004942759801620289,-0.05774679520145176,-0.013182001950416078,-0.19252377881095695
BSM,"Black Stone Minerals, L.P.",2015-11-24,2015-11-12,2015-11-20,3,5,Bardel William G; Carter Thomas L Jr; Longmaid John H.,1414068,14.104000000000005,2015-11-12,2015-11-20,2015-11-16 19:31:29,2015-11-24 16:45:19,3174390272.0,0.0599305482314203,0.06370950065147774,0.09305014473066231,-0.08189229935278142
BSM,"Black Stone Minerals, L.P.",2017-03-08,2017-03-02,2017-03-07,3,3,Carter Thomas L Jr; Haeflinger Ricky J.; Stuart Alexander D.,337513,17.353333333333335,2017-03-02,2017-03-07,2017-03-06 18:19:53,2017-03-08 17:45:34,3174390272.0,0.002340115096528872,-0.005895126263484762,-0.03463359593524662,-0.07186304335170224
BSM,"Black Stone Minerals, L.P.",2018-12-10,2018-11-09,2018-12-06,3,3,Carter Thomas L Jr; Dewalch D Mark; Mathis William N.,459843,16.696666666666662,2018-11-09,2018-12-06,2018-11-13 17:34:02,2018-12-10 18:00:39,3174390272.0,-0.010537836592038219,-0.0013028848683697136,-0.02319132783068445,0.014735169693203876
BSRR,Sierra Bancorp,2017-05-26,2017-04-28,2017-05-25,3,3,Christenson Vonn R; Dutto Laurence S; Evans Robb,41799,25.153333333333336,2017-04-28,2017-05-25,2017-05-01 14:28:31,2017-05-26 13:58:54,479705888.0,-0.036137387366811824,-0.056730006778797026,-0.056149260905789644,-0.011057386187992124
BSRR,Sierra Bancorp,2018-03-14,2018-01-29,2018-02-23,3,3,Christenson Vonn R; Dutto Laurence S; Evans Robb,47295,27.05666666666667,2018-01-29,2018-02-23,2018-01-29 16:48:49,2018-03-14 13:27:34,479705888.0,0.003376905721468093,0.010654813357732551,0.044765630191935024,0.04281872799369535
BSRR,Sierra Bancorp,2021-02-26,2021-01-28,2021-02-26,3,4,Abundis Susan M; Castle Julie G; Dutto Laurence S,148658,23.174999999999997,2021-01-28,2021-02-26,2021-01-29 14:55:53,2021-02-26 17:32:24,479705888.0,0.02649170791577382,0.08957470607212636,0.045844903433045925,0.027991172210843462
BSVN,Bank7 Corp.,2020-03-16,2020-03-10,2020-03-13,4,5,Haines Douglas A; Phillips John T; Sanner J. Michael; Whitcomb Gary D,93655,9.896,2020-03-10,2020-03-13,2020-03-11 08:58:35,2020-03-16 09:18:30,386171008.0,-0.21625219001189833,-0.025558447820587693,-0.16406095451778369,0.1553315622159226
BTSG,"Brightspring Health Services, Inc.",2024-03-18,2024-03-14,2024-03-15,4,6,Mattingly James F Jr; Phipps Jennifer A; Rousseau Jon B; Yowler Jennifer,876864,8.166666666666666,2024-03-14,2024-03-15,2024-03-15 17:33:30,2024-03-18 15:27:54,7331321344.0,0.10618509179992275,0.1576878272821467,0.3127273608876273,0.25368993324919553
BTU,Peabody Energy Corp,2017-05-25,2017-04-25,2017-05-23,3,15,"Elliott Associates, L.P.; Elliott International, L.P.; Kellow Glenn L",153932005,24.65933333333333,2017-04-25,2017-05-23,2017-04-27 17:33:27,2017-05-25 17:55:09,4246565888.0,0.027094301891316563,-0.03979590284829704,0.059855937915950896,0.1455595115738948
BUSE,First Busey Corp /nv/,2019-05-24,2019-04-26,2019-05-23,3,4,Bradshaw Stanley J; King Stephen V; Sloan Thomas G,1829984,25.8475,2019-04-26,2019-05-23,2019-04-30 13:48:49,2019-05-24 15:19:12,2280953088.0,0.019816854182685306,0.014464927306044428,-0.006212286791981159,-0.025435149925370437
BUSE,First Busey Corp /nv/,2020-03-17,2020-03-10,2020-03-16,6,7,Barr George; Bradshaw Stanley J; Jones Jeffrey David; Lykins Gregory B; Powers John Joseph; Sloan Thomas G,389417,16.627142857142854,2020-03-10,2020-03-16,2020-03-11 14:24:13,2020-03-17 13:47:23,2280953088.0,-0.1025763791095895,-0.037970316970029616,-0.004749744554755964,-0.17039638571345983
BUSE,First Busey Corp /nv/,2023-01-31,2023-01-27,2023-01-31,4,4,Bradshaw Stanley J; Dukeman Van A; Lykins Gregory B; Sanford Cassandra R,239970,22.942500000000003,2023-01-27,2023-01-31,2023-01-27 15:25:56,2023-01-31 14:02:15,2280953088.0,0.024947539158739485,0.0426843447779246,-0.06654917728103471,-0.24587138436784106
BUSE,First Busey Corp /nv/,2023-08-24,2023-07-28,2023-08-23,3,11,Bradshaw Stanley J; King Stephen V; Sanford Cassandra R,1056997,20.954545454545453,2023-07-28,2023-08-23,2023-08-01 17:05:50,2023-08-24 10:41:56,2280953088.0,0.008892075704203029,-0.014041356058396515,-0.01168031331295527,0.06466019345999485
BUSE,First Busey Corp /nv/,2024-01-30,2023-09-29,2023-09-29,6,6,Bowe Monica L; Dukeman Van A; Jones Jeffrey David; Lykins Gregory B; Phillips Scott A.; Powers John Joseph,14335,20.815,2023-09-29,2023-09-29,2023-10-31 12:35:28,2024-01-30 17:17:09,2280953088.0,-0.03867798115883092,-0.09255995751365065,-0.11525980209758035,-0.09160276438423054
BUSE,First Busey Corp /nv/,2024-04-30,2024-03-01,2024-03-28,7,7,Bowe Monica L; Dukeman Van A; Jensen Karen M; Jones Jeffrey David; Phillips Scott A.; Powers John Joseph; Randolph Amy L,127779,20.802857142857142,2024-03-01,2024-03-28,2024-03-05 14:07:17,2024-04-30 16:49:49,2280953088.0,0.03366445170229315,0.024239922372800704,-0.06402491756280759,0.19968820010481836
BUSE,First Busey Corp /nv/,2024-07-29,2024-05-01,2024-05-01,7,7,Bowe Monica L; Dukeman Van A; Jones Jeffrey David; Lykins Gregory B; Phillips Scott A.; Powers John Joseph; Randolph Amy L,21963,21.81142857142857,2024-05-01,2024-05-01,2024-07-09 17:05:16,2024-07-29 17:58:49,2280953088.0,-0.016989529559421346,-0.08510927505038257,-0.08718717510287699,-0.1926465870499119
BUSE,First Busey Corp /nv/,2024-10-28,2024-07-30,2024-07-30,6,6,Bowe Monica L; Dukeman Van A; Jones Jeffrey David; Lykins Gregory B; Phillips Scott A.; Powers John Joseph,15382,26.666666666666668,2024-07-30,2024-07-30,2024-07-31 11:42:29,2024-10-28 17:30:58,2280953088.0,0.020099257922240543,0.007668968676046273,0.061944321030924954,
BV,Bazaarvoice Inc,2015-09-09,2015-09-03,2015-09-04,3,3,Allison Gary G; Austin Eugene; Offerdahl James,126700,5.0633333333333335,2015-09-03,2015-09-04,2015-09-04 16:13:48,2015-09-09 16:34:33,1270758016.0,,,,
BVS,Bioventus Inc.,2021-04-05,2021-02-11,2021-02-11,6,6,Anglum Gregory O.; Church Katrina J; D'Adamio Anthony; Nosenzo John; Pavesio Alessandra; Reali Kenneth Michael,264875,13.0,2021-02-11,2021-02-11,2021-04-05 16:30:34,2021-04-05 16:38:43,585374400.0,-0.055119635385129984,-0.12142640871839205,0.031068272243240713,0.08252969057540871
BW,"Babcock & Wilcox Enterprises, Inc.",2016-08-15,2016-08-12,2016-08-15,3,3,Apker Jenny L; Christopher Thomas A.; Ferland E James Jr,887709,16.333333333333332,2016-08-12,2016-08-15,2016-08-15 13:53:55,2016-08-15 15:00:58,899910848.0,0.0455815052675651,0.01858225349772824,-0.0002921583277781803,-0.17711193350717624
BW,"Babcock & Wilcox Enterprises, Inc.",2021-02-12,2021-02-10,2021-02-10,5,5,Howe Alan B; Moeller Philip D; Morgan Jimmy B; Salamone Louis Jr; Young Kenneth M,266702,5.85,2021-02-10,2021-02-10,2021-02-11 08:02:40,2021-02-12 09:39:33,899910848.0,-0.05052113137161396,-0.12993619479190344,0.09467354352639346,-0.03781275905428827
BW,"Babcock & Wilcox Enterprises, Inc.",2022-03-14,2022-03-10,2022-03-10,3,3,Howe Alan B; Salamone Louis Jr; Young Kenneth M,253387,7.746666666666666,2022-03-10,2022-03-10,2022-03-14 17:00:40,2022-03-14 17:18:14,899910848.0,0.07489928050248862,0.008088002804349514,-0.07423100074602806,-0.03361037720454774
BW,"Babcock & Wilcox Enterprises, Inc.",2022-05-16,2022-05-12,2022-05-12,6,6,"B. Riley Financial, Inc.; Howe Alan B; Salamone Louis Jr; Stahl Rebecca L; Tato Joseph A; Young Kenneth M",1457761,5.513333333333333,2022-05-12,2022-05-12,2022-05-13 12:25:13,2022-05-16 08:00:26,899910848.0,0.08151694718344205,0.02932617274945659,-0.021958648701114525,0.21540733844208515
BW,"Babcock & Wilcox Enterprises, Inc.",2023-03-28,2023-03-20,2023-03-20,5,5,Howe Alan B; Morgan Jimmy B; Salamone Louis Jr; Tato Joseph A; Young Kenneth M,209350,5.398000000000001,2023-03-20,2023-03-20,2023-03-22 08:07:54,2023-03-28 16:36:39,899910848.0,0.03527749894165799,-0.023677567821792644,0.006273061613799147,0.019525889687282305
BW,"Babcock & Wilcox Enterprises, Inc.",2023-06-07,2023-05-12,2023-06-06,3,5,"B. Riley Financial, Inc.; Salamone Louis Jr; Young Kenneth M",949540,5.390000000000001,2023-05-12,2023-06-06,2023-05-16 07:30:18,2023-06-07 09:00:29,899910848.0,0.04215271979288682,0.10026864144688918,-0.09433487417802677,-0.07412414599504014
BWB,Bridgewater Bancshares Inc,2018-03-19,2018-03-16,2018-03-16,7,7,Baack Jerry J.; Chybowski Joseph M.; Crocker Mary Jayne; Johnson James S.; Place Nicholas L.; Shellberg Jeffrey D.; Trutna Thomas P.,329000,11.75,2018-03-16,2018-03-16,2018-03-19 11:26:44,2018-03-19 11:44:35,511061056.0,0.006409255959004101,0.041704499942068596,0.056952985590659644,-0.0007486969617436223
BWB,Bridgewater Bancshares Inc,2021-08-17,2021-08-17,2021-08-17,8,8,Baack Jerry J.; Chybowski Joseph M.; Crocker Mary Jayne; Hokanson Mark E.; Parish Douglas J.; Place Nicholas L.; Salazar Lisa M; Urness Todd B.,903000,25.0,2021-08-17,2021-08-17,2021-08-17 17:36:00,2021-08-17 17:53:02,511061056.0,0.01236844491430078,0.043936105146430204,0.15835669396068597,0.1947202636324672
BWFG,"Bankwell Financial Group, Inc.",2016-03-02,2016-02-01,2016-02-16,4,4,Fieber James A; Gruseke Christopher R; Porto Carl M; Verrico Ernest J Sr,167569,19.4475,2016-02-01,2016-02-16,2016-02-01 16:56:25,2016-03-02 16:48:42,374536288.0,-0.010459866961703534,-0.013516577919833073,-0.03559052367582938,0.050114366222823836
BWFG,"Bankwell Financial Group, Inc.",2016-06-07,2016-05-10,2016-06-03,3,3,Fieber James A; Gruseke Christopher R; Porto Carl M,161318,21.44,2016-05-10,2016-06-03,2016-05-11 16:07:14,2016-06-07 11:40:44,374536288.0,0.011121131811276719,-0.012481734196885474,0.03410376806063087,0.02058141283310211
BWFG,"Bankwell Financial Group, Inc.",2018-05-24,2018-05-07,2018-05-23,3,4,Gruseke Christopher R; Ivanov Penko Krassimir; Lampert Todd,330294,31.21,2018-05-07,2018-05-23,2018-05-08 16:50:55,2018-05-24 15:39:25,374536288.0,0.002797652734346845,0.0072652708514877595,0.025732271235823223,-0.02528646110697741
BWFG,"Bankwell Financial Group, Inc.",2020-07-14,2020-02-26,2020-03-23,7,9,Castiglioni Richard; Dale Eric J; Drexler Blake S; Garnett James M Jr; Ivanov Penko Krassimir; Jones Daniel S; Porto Carl M,232443,16.798888888888893,2020-02-26,2020-03-23,2020-03-18 10:05:44,2020-07-14 16:42:27,374536288.0,0.01389520581336523,0.012405604441775742,-0.038464573019383996,-0.08186730441667933
BWFG,"Bankwell Financial Group, Inc.",2020-11-03,2020-10-05,2020-10-30,4,8,Dale Eric J; Garnett James M Jr; Jones Daniel S; Porto Carl M,42581,15.8575,2020-10-05,2020-10-30,2020-10-07 10:18:57,2020-11-03 08:48:31,374536288.0,-0.12264780829453825,-0.05503842592642183,0.05007905208855479,0.005392171362172515
BWFG,"Bankwell Financial Group, Inc.",2021-01-06,2021-01-04,2021-01-04,3,3,Dale Eric J; Garnett James M Jr; Jones Daniel S,3173,19.83,2021-01-04,2021-01-04,2021-01-06 15:15:27,2021-01-06 15:16:53,374536288.0,0.033475073697020186,0.0060168490342027425,0.1980433598834952,0.3786844232417821
BWFG,"Bankwell Financial Group, Inc.",2021-04-14,2021-03-15,2021-04-13,6,13,Dale Eric J; Drexler Blake S; Garnett James M Jr; Jones Daniel S; Porto Carl M; Seidman Lawrence B,62263,27.549999999999997,2021-03-15,2021-04-13,2021-03-17 09:04:15,2021-04-14 14:31:08,374536288.0,0.014033013996092691,0.0017838635795699442,0.022212906005495636,-0.035863007011215364
BWFG,"Bankwell Financial Group, Inc.",2021-08-30,2021-07-30,2021-08-27,6,11,Dale Eric J; Drexler Blake S; Garnett James M Jr; Jones Daniel S; Porto Carl M; Seidman Lawrence B,55928,29.79636363636364,2021-07-30,2021-08-27,2021-08-03 10:40:18,2021-08-30 09:05:41,374536288.0,-0.016675363245847397,-0.0275973022570124,0.01025101844312215,-0.005060374696296055
BWFG,"Bankwell Financial Group, Inc.",2021-11-30,2021-11-02,2021-11-29,8,10,Dale Eric J; Drexler Blake S; Garnett James M Jr; Ivanov Penko Krassimir; Jones Daniel S; McNeill Matt; Porto Carl M; Seidman Lawrence B,696700,30.526,2021-11-02,2021-11-29,2021-11-04 10:30:20,2021-11-30 13:55:10,374536288.0,0.02069640242837112,-0.0008421773453908266,0.080110495396714,0.18551244211699935
BWFG,"Bankwell Financial Group, Inc.",2022-03-01,2022-01-31,2022-02-25,7,14,Dale Eric J; Drexler Blake S; Garnett James M Jr; Ivanov Penko Krassimir; Jones Daniel S; Porto Carl M; Seidman Lawrence B,78967,34.59571428571429,2022-01-31,2022-02-25,2022-02-01 11:54:06,2022-03-01 11:22:35,374536288.0,-0.008624561883405768,0.026589871690170463,-0.050535445086301256,0.06632105513937303
BWFG,"Bankwell Financial Group, Inc.",2022-05-31,2022-04-28,2022-05-26,7,13,Dale Eric J; Demos Darryl; Drexler Blake S; Garnett James M Jr; Jones Daniel S; Porto Carl M; Seidman Lawrence B,117288,33.76230769230769,2022-04-28,2022-05-26,2022-05-02 09:24:12,2022-05-31 13:49:31,374536288.0,0.03315671557819311,-0.021506453067660858,-0.055310369122751,-0.08989302158552304
BWFG,"Bankwell Financial Group, Inc.",2022-09-23,2022-08-23,2022-09-21,6,14,Dale Eric J; Demos Darryl; Drexler Blake S; Garnett James M Jr; Porto Carl M; Seidman Lawrence B,129549,32.129285714285714,2022-08-23,2022-09-21,2022-08-25 08:55:44,2022-09-23 15:31:19,374536288.0,0.010603396821944888,0.008485674776177787,0.015809935232609984,-0.05953946032667967
BWFG,"Bankwell Financial Group, Inc.",2022-11-28,2022-10-27,2022-11-23,5,12,Dale Eric J; Drexler Blake S; Garnett James M Jr; Porto Carl M; Seidman Lawrence B,54476,30.909166666666668,2022-10-27,2022-11-23,2022-10-31 11:17:13,2022-11-28 15:02:19,374536288.0,-0.0031795124680839004,-0.0393987240381215,-0.025661489828347706,0.0013191604467048812
BWFG,"Bankwell Financial Group, Inc.",2023-03-03,2023-02-03,2023-03-01,4,9,Dale Eric J; Garnett James M Jr; Porto Carl M; Seidman Lawrence B,144772,30.56666666666667,2023-02-03,2023-03-01,2023-02-07 12:54:38,2023-03-03 10:54:07,374536288.0,-0.038861123952705245,-0.07209996806148622,-0.2716561079866703,-0.2789259958384288
BWFG,"Bankwell Financial Group, Inc.",2023-06-02,2023-05-01,2023-05-31,6,14,Dale Eric J; Drexler Blake S; Garnett James M Jr; Gruseke Christopher R; Porto Carl M; Seidman Lawrence B,164392,23.354999999999993,2023-05-01,2023-05-31,2023-05-03 15:38:46,2023-06-02 08:17:31,374536288.0,0.011873169862751443,0.05880656642816673,0.051665654331540356,0.09380535546416868
BWFG,"Bankwell Financial Group, Inc.",2023-08-31,2023-08-01,2023-08-29,7,16,Dale Eric J; Drexler Blake S; Dunne Jeffrey R; Garnett James M Jr; Kotval Anahaita N.; Porto Carl M; Seidman Lawrence B,137265,26.741875,2023-08-01,2023-08-29,2023-08-03 13:23:49,2023-08-31 14:05:53,374536288.0,0.004168820696232922,0.00798558232355795,-0.03168089912257055,0.028629184041077282
BWFG,"Bankwell Financial Group, Inc.",2023-12-15,2023-11-20,2023-12-14,6,10,Dale Eric J; Drexler Blake S; Dunne Jeffrey R; Garnett James M Jr; Porto Carl M; Seidman Lawrence B,77452,27.625,2023-11-20,2023-12-14,2023-11-22 13:34:40,2023-12-15 10:50:12,374536288.0,0.011441744318473335,0.020539250719312063,-0.076834484068532,-0.22464100957366262
BWFG,"Bankwell Financial Group, Inc.",2024-03-11,2024-03-07,2024-03-07,5,5,Dale Eric J; Drexler Blake S; Dunne Jeffrey R; Porto Carl M; Seidman Lawrence B,80601,25.282,2024-03-07,2024-03-07,2024-03-11 17:28:24,2024-03-11 17:30:31,374536288.0,-0.0024226541572811566,-0.011235568836387544,-0.0061394329241324375,-0.0733024990006218
BWFG,"Bankwell Financial Group, Inc.",2024-06-12,2024-05-22,2024-06-10,5,17,Dale Eric J; Drexler Blake S; Dunne Jeffrey R; Porto Carl M; Seidman Lawrence B,225035,24.38235294117647,2024-05-22,2024-06-10,2024-05-24 13:14:11,2024-06-12 12:50:19,374536288.0,0.03209379193351536,0.006261660903637889,0.13265242530082055,0.22107536982059672
BWFG,"Bankwell Financial Group, Inc.",2024-08-28,2024-07-29,2024-08-26,6,7,Dale Eric J; Drexler Blake S; Dunne Jeffrey R; Leitao Kevin D; Porto Carl M; Seidman Lawrence B,228150,28.645714285714288,2024-07-29,2024-08-26,2024-07-31 09:40:03,2024-08-28 12:49:39,374536288.0,0.062039381293296336,0.038637482229119446,0.016603661882706566,0.09547527269376022
BWFG,"Bankwell Financial Group, Inc.",2024-11-26,2024-10-31,2024-11-25,5,6,Dale Eric J; Drexler Blake S; Dunne Jeffrey R; Porto Carl M; Seidman Lawrence B,160884,33.6,2024-10-31,2024-11-25,2024-11-01 16:00:36,2024-11-26 15:51:11,374536288.0,-0.03228563177617194,-0.06472384738593406,,
BXC,Bluelinx Holdings Inc.,2017-11-21,2017-11-03,2017-11-20,4,6,Lewis Mitchell B; O'Farrell Susan C.; Reddy Shyam K.; Smith J David,149946,8.938333333333333,2017-11-03,2017-11-20,2017-11-06 18:49:14,2017-11-21 17:54:32,499385984.0,-0.008871193816703427,-0.013854040867381734,0.032619083454166864,0.770093202399077
BXC,Bluelinx Holdings Inc.,2018-03-16,2018-03-13,2018-03-14,6,6,Cummings Gary E; Dinapoli Dominic; Fennebresque Kim S; O'Farrell Susan C.; Reddy Shyam K.; Smith J David,1387755,33.29,2018-03-13,2018-03-14,2018-03-13 20:21:57,2018-03-16 16:59:48,499385984.0,0.07318913632072988,-0.054325590932687184,0.19739308321905102,0.25438415565731964
BXC,Bluelinx Holdings Inc.,2018-11-14,2018-11-09,2018-11-12,3,4,Averitt Alexander S; Lewis Mitchell B; O'Farrell Susan C.,206254,24.27,2018-11-09,2018-11-12,2018-11-13 17:37:45,2018-11-14 17:18:51,499385984.0,0.028331946129181995,0.04966593151988319,0.125717282440591,0.29981048048067493
BXC,Bluelinx Holdings Inc.,2019-11-13,2019-11-07,2019-11-13,3,3,Averitt Alexander S; Lewis Mitchell B; Reddy Shyam K.,309583,16.073333333333334,2019-11-07,2019-11-13,2019-11-07 10:56:58,2019-11-13 13:02:56,499385984.0,-0.045168234317792155,-0.06908920701524934,-0.14434416985620102,-0.1991339804404223
BXMT,"Blackstone Mortgage Trust, Inc.",2015-04-20,2015-04-17,2015-04-17,3,3,Nash Michael B.; Plavin Stephen D; Schreiber John,5800002,30.5,2015-04-17,2015-04-17,2015-04-20 19:06:56,2015-04-20 19:08:29,3255811840.0,0.003082963937298455,0.00037289754628888616,-0.04750658154999332,-0.06849676682109318
BXMT,"Blackstone Mortgage Trust, Inc.",2022-06-23,2022-06-16,2022-06-21,3,3,Cotton Leonard W; Nash Michael B.; Pollack Jonathan Lee,1537814,26.69333333333333,2022-06-16,2022-06-21,2022-06-21 20:08:08,2022-06-23 19:07:56,3255811840.0,-0.010280611691096064,-0.002776275322398991,-0.005461925761252928,0.015799362873208045
BXMT,"Blackstone Mortgage Trust, Inc.",2024-08-08,2024-08-02,2024-08-08,3,3,Johnson Timothy Steven; Keenan Katharine A; Nassau Henry N,1448188,17.39333333333333,2024-08-02,2024-08-08,2024-08-06 17:22:33,2024-08-08 21:15:29,3255811840.0,-0.021303521085339172,-0.051392932709236616,0.04133820157184531,-0.029049437704060432
BY,"Byline Bancorp, Inc.",2017-07-06,2017-07-06,2017-07-06,4,4,Bell Thomas J III; Corby Lindsay Y; Paracchini Alberto J; Schobert Richard,289750,19.0,2017-07-06,2017-07-06,2017-07-06 19:26:39,2017-07-06 19:31:11,1455218688.0,0.006184660914235529,0.022906985203997365,0.021949798870877446,0.012492187510766417
BY,"Byline Bancorp, Inc.",2021-06-03,2021-05-04,2021-06-02,3,5,Cabrera Phillip R.; Kent Steven P.; Kistner William G,124221,23.172,2021-05-04,2021-06-02,2021-05-06 11:41:55,2021-06-03 17:24:07,1455218688.0,-0.01634131164053987,-0.02268324055293769,-0.022548885031908217,0.05098064874000641
BY,"Byline Bancorp, Inc.",2022-05-23,2022-05-09,2022-05-19,3,3,Kent Steven P.; Kistner William G; Major Hart Angela E,183570,23.46333333333334,2022-05-09,2022-05-19,2022-05-11 13:00:16,2022-05-23 18:58:52,1455218688.0,0.016025179778137444,-0.00756758580454564,0.01375800246322667,-0.0879984579510733
BY,"Byline Bancorp, Inc.",2022-09-06,2022-08-03,2022-09-02,3,3,Herseth Mary Jo S.; Kent Steven P.; Kistner William G,37374,22.429999999999996,2022-08-03,2022-09-02,2022-08-05 10:38:38,2022-09-06 19:04:09,1455218688.0,-0.017818996179410185,-0.005887686325077968,0.05732271883048534,0.01315802885554418
BY,"Byline Bancorp, Inc.",2023-03-13,2023-02-09,2023-03-09,4,6,"Cabrera Phillip R.; Del Valle Perochena Antonio; Herseth Mary Jo S.; Mbg Investors I, L.P.",2988019,24.28333333333333,2023-02-09,2023-03-09,2023-02-13 10:33:18,2023-03-13 15:55:16,1455218688.0,-0.09405242632393263,-0.08465297505116176,-0.19121000087553486,-0.21117607839771768
BY,"Byline Bancorp, Inc.",2023-08-23,2023-08-03,2023-08-22,4,10,"Del Valle Perochena Antonio; Herseth Mary Jo S.; Kistner William G; Mbg Investors I, L.P.",2173003,21.37,2023-08-03,2023-08-22,2023-08-07 14:33:47,2023-08-23 15:50:49,1455218688.0,0.019396673248611274,-0.00651296829073944,-0.022312491020191727,-0.02133493582451873
BY,"Byline Bancorp, Inc.",2023-12-01,2023-10-30,2023-11-29,5,7,"Del Valle Perochena Antonio; Herseth Mary Jo S.; Kent Steven P.; Kistner William G; Mbg Investors I, L.P.",574286,19.56,2023-10-30,2023-11-29,2023-11-01 15:49:34,2023-12-01 10:54:55,1455218688.0,0.07290104940986297,0.08672102818416438,0.06854208147613261,-0.07077773262450826
BY,"Byline Bancorp, Inc.",2024-03-04,2024-02-07,2024-02-29,4,6,"Del Valle Perochena Antonio; Herseth Mary Jo S.; Kent Steven P.; Mbg Investors I, L.P.",1075987,20.763333333333335,2024-02-07,2024-02-29,2024-02-09 10:25:52,2024-03-04 12:06:26,1455218688.0,0.02891300542454167,0.01995332650173165,-0.01962654154559207,0.07175744073465573
BYND,"Beyond Meat, Inc.",2019-05-08,2019-05-06,2019-05-06,7,7,Ajami Dariush; Goldman Seth; Lane Raymond J.; Segal Ned D.; Thompson Donald; Van Lengerich Bernhard; Waller Kathy N,1493550,22.857142857142858,2019-05-06,2019-05-06,2019-05-08 21:49:03,2019-05-08 21:52:30,360270784.0,-0.1332675185315677,0.10785824422808621,1.0587285954891872,1.2158532253543646
BZH,Beazer Homes USA Inc,2015-02-10,2015-02-03,2015-02-09,7,8,Acton Elizabeth S; Beazer Brian C; Khoury Kenneth F; Leemputte Peter G; Merrill Allan P; Salomon Robert L.; Zelnak Stephen P Jr,740023,15.17,2015-02-03,2015-02-09,2015-02-04 13:31:52,2015-02-10 15:04:25,704356672.0,0.01239633980242405,0.010091590446512644,0.040292091092086535,0.04199588178750835
BZH,Beazer Homes USA Inc,2016-02-09,2016-02-05,2016-02-08,8,8,Acton Elizabeth S; Alpert Laurent; Beazer Brian C; Leemputte Peter G; Merrill Allan P; Salomon Robert L.; Solari Larry T; Zelnak Stephen P Jr,666967,6.735,2016-02-05,2016-02-08,2016-02-09 16:16:40,2016-02-09 16:26:38,704356672.0,0.09891005994826418,0.06419739465679197,0.17530169328342793,0.02177337376714883
BZH,Beazer Homes USA Inc,2016-05-13,2016-05-04,2016-05-11,3,4,Merrill Allan P; Salomon Robert L.; Zelnak Stephen P Jr,591217,7.36,2016-05-04,2016-05-11,2016-05-06 16:02:51,2016-05-13 11:26:53,704356672.0,0.0071316272026615835,0.012010662678394124,-0.03690411291706275,0.3030061822339034
C,Citigroup Inc,2020-09-04,2016-01-25,2016-02-11,4,4,Callahan Don; Costello Ellen; Gerspach John C; Mills William,2129865,258.7775,2016-01-25,2016-02-11,2016-02-11 16:08:36,2020-09-04 16:03:13,193754578944.0,0.026332731734890924,-0.04498420859488661,-0.1611678254800084,0.02646532195028861
CABO,"Cable One, Inc.",2018-11-16,2018-11-14,2018-11-15,3,3,Cochran Steven Scott; Johnson Kenneth E; Kissire Deborah J.,495116,866.7366666666667,2018-11-14,2018-11-15,2018-11-16 17:13:03,2018-11-16 17:16:24,614741440.0,0.022359672716623757,0.020243540786010095,0.03355706358072552,0.05279364085879967
CAC,Camden National Corp,2015-11-10,2015-10-30,2015-11-09,3,3,Longley S. Catherine; Soderberg Carl John; Stanley Karen,108411,40.97666666666667,2015-10-30,2015-11-09,2015-11-02 10:22:16,2015-11-10 16:33:14,791380736.0,0.005564592247026656,0.03797702745036691,0.05001924564689597,-0.014899653544432567
CAC,Camden National Corp,2016-02-25,2016-02-09,2016-02-23,9,10,Campbell Joanne T; Dufour Gregory A; Hayden Edmund M; Jordan Deborah A; Nightingale Timothy P; Ott David J; Parent June B; Soderberg Carl John; Stanley Karen,324876,28.861,2016-02-09,2016-02-23,2016-02-11 08:09:21,2016-02-25 15:24:38,791380736.0,-0.005403213441495414,0.014370766866936613,0.006634644522769184,0.036559657565840675
CAC,Camden National Corp,2017-03-29,2017-02-28,2017-03-28,7,8,Campbell Joanne T; Dufour Gregory A; Haut Mary Beth; Hayden Edmund M; Jordan Deborah A; Nightingale Timothy P; Parent June B,112351,29.956249999999997,2017-02-28,2017-03-28,2017-03-02 13:25:27,2017-03-29 16:06:18,791380736.0,0.03825701328855691,-0.01901167393805636,-0.009163646761011446,-0.061213646212470274
CAC,Camden National Corp,2018-03-19,2018-03-15,2018-03-15,6,6,Campbell Joanne T; Dufour Gregory A; Hayden Edmund M; Jordan Deborah A; Nightingale Timothy P; Rose Patricia A,144480,30.15,2018-03-15,2018-03-15,2018-03-19 13:03:43,2018-03-19 13:38:13,791380736.0,-0.00651247968695845,0.000793703614485497,0.014017484519216916,-0.021262496674612108
CAC,Camden National Corp,2019-03-18,2019-03-14,2019-03-14,4,4,Campbell Joanne T; Dufour Gregory A; Jordan Deborah A; Rose Patricia A,104638,32.73,2019-03-14,2019-03-14,2019-03-18 13:34:07,2019-03-18 13:46:12,791380736.0,-0.02352286832788064,-0.05942888789486456,-0.02135142649072974,-0.019029986931908605
CAC,Camden National Corp,2020-03-13,2020-03-12,2020-03-12,3,3,Dufour Gregory A; Nightingale Timothy P; Rose Patricia A,101976,23.149999999999995,2020-03-12,2020-03-12,2020-03-13 15:27:38,2020-03-13 15:40:42,791380736.0,0.019686239346562884,0.1391370292417904,-0.1626532205867317,-0.06897260163486663
CAC,Camden National Corp,2021-03-22,2021-03-11,2021-03-19,13,13,Campbell Joanne T; Denekas Craig N; Dufour Gregory A; Flanagan David C; Martel William H; McCarthy Marie J; Mirabile Jennifer Lloyd; Nightingale Timothy P; Rose Patricia A; Smith Ryan A; Soderberg Carl John; Sterrs Lawrence J; White Gregory A,270343,40.66692307692306,2021-03-11,2021-03-19,2021-03-15 16:48:50,2021-03-22 10:36:30,791380736.0,-0.03261259856987708,-0.02055852207883624,-0.056312362616559364,-0.0712928357181164
CAC,Camden National Corp,2021-06-22,2021-06-18,2021-06-18,5,5,Denekas Craig N; Flanagan David C; McCarthy Marie J; Soderberg Carl John; Sterrs Lawrence J,51440,46.26,2021-06-18,2021-06-18,2021-06-22 14:15:32,2021-06-22 14:17:16,791380736.0,0.006181761719076251,-0.010357188824170693,-0.10948286167722909,-0.09563158118021964
CAC,Camden National Corp,2021-09-22,2021-09-20,2021-09-20,5,5,Denekas Craig N; Flanagan David C; McCarthy Marie J; Soderberg Carl John; Sterrs Lawrence J,43483,45.39,2021-09-20,2021-09-20,2021-09-22 11:39:29,2021-09-22 11:40:37,791380736.0,0.01797701656000017,0.07192115585817715,0.027628816593765926,-0.03692721368347329
CAC,Camden National Corp,2021-12-22,2021-12-20,2021-12-20,5,5,Denekas Craig N; Flanagan David C; McCarthy Marie J; Soderberg Carl John; Sterrs Lawrence J,47789,45.47,2021-12-20,2021-12-20,2021-12-22 10:49:37,2021-12-22 10:50:53,791380736.0,0.01716418802132491,0.004299716050276681,0.10146549697740403,0.09352745663541684
CAC,Camden National Corp,2022-03-22,2022-03-10,2022-03-18,12,12,Archer Michael R; Denekas Craig N; Dufour Gregory A; Flanagan David C; Martel William H; McCarthy Marie J; Mirabile Jennifer Lloyd; Rose Patricia A; Smith Ryan A; Smyth Renee; Soderberg Carl John; Sterrs Lawrence J,269598,42.25916666666666,2022-03-10,2022-03-18,2022-03-14 17:52:59,2022-03-22 13:43:43,791380736.0,-0.008084963560808234,-0.03779600226872737,-0.03286440851655559,0.08693726442727734
CAC,Camden National Corp,2022-06-22,2022-06-17,2022-06-17,5,5,Denekas Craig N; Flanagan David C; McCarthy Marie J; Soderberg Carl John; Sterrs Lawrence J,58631,44.45,2022-06-17,2022-06-17,2022-06-22 14:44:51,2022-06-22 14:45:57,791380736.0,-0.01575956792185096,-0.04564808077831428,-0.11099564846185295,-0.017156643351678325
CADE,Cadence Bancorporation,2018-11-13,2018-10-24,2018-10-24,3,3,Fredericks J Richard; Harrison William B Jr; Powell Jerry W.,799569,21.313333333333333,2018-10-24,2018-10-24,2018-10-26 16:39:40,2018-11-13 15:02:27,7845388288.0,0.0020933395886798545,0.052891679105218414,-0.007594947431014409,0.07202509597219842
CADE,Cadence Bancorporation,2019-03-19,2019-03-15,2019-03-18,7,7,Harrison William B Jr; Hepner Virginia A; Murphy Paul B Jr; Owodunni Precious W; Stuart Scott M; Toalson Valerie; Tortorici Samuel M.,2203240,19.979999999999997,2019-03-15,2019-03-18,2019-03-18 16:45:37,2019-03-19 17:35:31,7845388288.0,-0.04882441796977022,-0.06813502446979425,-0.03721568965490352,-0.08517933958330626
CADE,Cadence Bancorporation,2019-06-19,2019-06-14,2019-06-14,6,6,Fredericks J Richard; Harrison William B Jr; Hepner Virginia A; Owodunni Precious W; Stuart Scott M; Waller Kathy N,149090,19.84,2019-06-14,2019-06-14,2019-06-19 10:27:10,2019-06-19 13:27:32,7845388288.0,-0.01851380614447906,-0.018976044980378082,-0.004106210858206394,0.02497148856186504
CADE,Cadence Bancorporation,2019-09-17,2019-09-16,2019-09-16,6,6,Fredericks J Richard; Harrison William B Jr; Hepner Virginia A; Owodunni Precious W; Stuart Scott M; Waller Kathy N,438028,17.960000000000004,2019-09-16,2019-09-16,2019-09-17 18:13:52,2019-09-17 19:16:02,7845388288.0,-0.006475637651606636,-0.01801878685155467,0.03400317406013742,-0.00318112853500252
CADE,Cadence Bancorporation,2019-12-20,2019-12-13,2019-12-19,6,6,Fredericks J Richard; Harrison William B Jr; Hepner Virginia A; Owodunni Precious W; Stuart Scott M; Waller Kathy N,149082,17.598333333333333,2019-12-13,2019-12-19,2019-12-20 16:54:07,2019-12-20 18:24:41,7845388288.0,-0.02095884113133939,-0.03740132032901711,-0.13353016531073436,-0.04999262916963587
CADE,Cadence Bancorporation,2020-03-16,2020-03-10,2020-03-13,8,8,Fredericks J Richard; Harrison William B Jr; Hepner Virginia A; Owodunni Precious W; Powell Jerry W.; Stuart Scott M; Tortorici Samuel M.; Waller Kathy N,361372,8.055,2020-03-10,2020-03-13,2020-03-10 15:01:55,2020-03-16 16:54:11,7845388288.0,0.08512625821076092,0.038180242468380365,-0.020567825846984578,-0.02783663591759744
CADE,Cadence Bancorporation,2020-06-17,2020-06-15,2020-06-15,6,6,Fredericks J Richard; Harrison William B Jr; Hepner Virginia A; Owodunni Precious W; Stuart Scott M; Waller Kathy N,127875,8.269999999999998,2020-06-15,2020-06-15,2020-06-17 09:25:31,2020-06-17 10:42:39,7845388288.0,-0.024813064140792873,-0.06936384844884391,-0.1263079131806394,-0.19626462671141798
CADE,Cadence Bancorporation,2020-09-17,2020-09-15,2020-09-15,5,5,Fredericks J Richard; Harrison William B Jr; Hepner Virginia A; Owodunni Precious W; Waller Kathy N,114979,8.99,2020-09-15,2020-09-15,2020-09-17 15:03:07,2020-09-17 16:53:00,7845388288.0,0.0022892656619388774,-0.06465947840564024,0.1418047727896259,0.26420471495117925
CADE,Cadence Bancorporation,2020-12-17,2020-12-15,2020-12-15,5,5,Fredericks J Richard; Harrison William B Jr; Hepner Virginia A; Owodunni Precious W; Waller Kathy N,114967,15.16,2020-12-15,2020-12-15,2020-12-17 16:32:51,2020-12-17 17:03:06,7845388288.0,-0.02316976952441907,-0.023743465130384278,-0.027349002626842145,0.13152816916892274
CADL,"Candel Therapeutics, Inc.",2021-08-04,2021-07-27,2021-07-29,6,7,Caffo Nathan; Canepa John J; Manning Paul B; Martell Christopher; Nguyen Diem; Tak Paul Peter,14819778,7.905714285714287,2021-07-27,2021-07-29,2021-07-29 21:02:52,2021-08-04 16:41:14,359642400.0,0.01061764864697734,0.12070527372400153,0.09702074243472159,0.457750786419006
CAG,Conagra Brands Inc.,2018-10-12,2018-10-12,2018-10-12,3,3,Brown Thomas K; Connolly Sean; Marberger David S,849948,35.25,2018-10-12,2018-10-12,2018-10-12 16:16:51,2018-10-12 16:19:06,9069884416.0,0.025646468082340057,0.018936237604701978,-0.04238400897657657,-0.33734975017475854
CAKE,Cheesecake Factory Inc,2019-03-12,2019-02-25,2019-03-07,3,3,Ames Edie A; Cappello Alexander L; Pittaway David Bruce,62325,46.97666666666667,2019-02-25,2019-03-07,2019-02-27 17:35:36,2019-03-12 18:23:13,3168046848.0,-0.013430504648362374,-0.03161166285509276,0.000988037028605282,-0.05661020176465992
CALX,"Calix, Inc",2019-06-03,2019-05-13,2019-05-30,3,6,Denuccio Kevin A; Listwin Donald J; Plants J Daniel,1007637,6.436666666666667,2019-05-13,2019-05-30,2019-05-14 16:31:31,2019-06-03 16:04:20,3484816896.0,-0.0042326377995705045,-0.033240205233820985,0.06103502447312703,-0.08026729137725908
CALX,"Calix, Inc",2019-08-27,2019-07-29,2019-08-23,4,5,Denuccio Kevin A; Listwin Donald J; Plants J Daniel; Sindelar Cory,743006,6.0440000000000005,2019-07-29,2019-08-23,2019-07-30 16:13:32,2019-08-27 18:25:37,3484816896.0,0.01555409105639538,-0.03283683103760937,0.06363603876861768,0.21256438475399864
CAPL,Crossamerica Partners LP,2015-06-22,2015-06-16,2015-06-19,4,4,Edwards S Eugene; Gannon Justin A.; Lubel Kimberly S; Motz Stephan F,554303,31.155,2015-06-16,2015-06-19,2015-06-18 11:33:48,2015-06-22 16:18:42,795574464.0,-0.01966225769359553,-0.03143071941291109,-0.05830930336540152,-0.16722892586102467
CAPL,Crossamerica Partners LP,2015-09-25,2015-08-25,2015-09-24,4,7,"Bergeron Jeremy; Cst Brands, Inc.; Reilly John B. III; Topper Joseph V. Jr.",3732902,22.77,2015-08-25,2015-09-24,2015-08-25 18:13:49,2015-09-25 15:53:33,795574464.0,0.019625932726855533,0.036669473608395675,0.07362891964921459,0.012834716715127925
CAPL,Crossamerica Partners LP,2017-09-11,2017-08-10,2017-09-07,3,7,Bergeron Jeremy; Reilly John B. III; Topper Joseph V. Jr.,1754381,26.20285714285714,2017-08-10,2017-09-07,2017-08-11 14:41:48,2017-09-11 15:36:33,795574464.0,-0.015186394454749452,0.0034057905993669646,-0.0894770972180593,-0.16909408379126478
CAPL,Crossamerica Partners LP,2023-05-30,2023-05-15,2023-05-25,3,5,Gannon Justin A.; Kelso Thomas E; Topper Joseph V. Jr.,1037818,18.778,2023-05-15,2023-05-25,2023-05-17 12:03:20,2023-05-30 20:38:54,795574464.0,-0.010018067869527636,0.024855803675375876,-0.03254886882020536,0.04765343030312863
CARE,"Carter Bankshares, Inc.",2021-02-02,2021-01-04,2021-02-01,6,12,Adams Arthur Loran; Bird Michael R; Feldmann Gregory W; Karavatakis Phyllis Q.; Speare Matthew M.; Van Dyke Litz H,9163,10.338333333333331,2021-01-04,2021-02-01,2021-01-04 17:14:44,2021-02-02 11:03:30,460514880.0,0.0018274860947051774,0.0879821383910091,0.33463595629243637,0.16091051013430535
CARE,"Carter Bankshares, Inc.",2021-06-01,2021-05-03,2021-06-01,5,10,Adams Arthur Loran; Bird Michael R; Feldmann Gregory W; Karavatakis Phyllis Q.; Van Dyke Litz H,7195,14.304999999999998,2021-05-03,2021-06-01,2021-05-04 18:11:45,2021-06-01 16:23:37,460514880.0,-0.006470719253290902,-0.08754219665027285,-0.31171500345571757,-0.2970191390957281
CARE,"Carter Bankshares, Inc.",2021-09-14,2021-09-13,2021-09-13,3,3,Adams Arthur Loran; Bell Wendy S.; Haskins James W.,23955,13.683333333333335,2021-09-13,2021-09-13,2021-09-13 14:10:49,2021-09-14 12:34:06,460514880.0,-0.004356179493405388,0.012881436037473937,0.052314433525510795,0.015350131500605935
CARE,"Carter Bankshares, Inc.",2021-12-14,2021-11-22,2021-12-14,7,8,Adams Arthur Loran; Bird Michael R; Bloomfield Kevin S.; Bolton Robert M.; Feldmann Gregory W; Karavatakis Phyllis Q.; Van Dyke Litz H,112211,14.7775,2021-11-22,2021-12-14,2021-11-22 16:59:27,2021-12-14 16:26:53,460514880.0,0.035449216702621245,0.034826991320716205,0.1340571586162651,0.2203631414817585
CARE,"Carter Bankshares, Inc.",2022-06-14,2022-06-03,2022-06-14,6,6,Adams Arthur Loran; Bird Michael R; Feldmann Gregory W; Karavatakis Phyllis Q.; Stephens Curtis E; Van Dyke Litz H,7030,13.773333333333332,2022-06-03,2022-06-14,2022-06-06 09:55:52,2022-06-14 16:15:51,460514880.0,-0.02080109053667878,-0.013764121219853487,-0.07275973831046545,0.17028155879567586
CARE,"Carter Bankshares, Inc.",2022-10-14,2022-10-14,2022-10-14,3,3,Adams Arthur Loran; Bird Michael R; Stephens Curtis E,1750,16.83,2022-10-14,2022-10-14,2022-10-14 15:39:16,2022-10-14 15:47:54,460514880.0,0.003015453136180346,-0.026292761421958577,-0.0029250887958642835,-0.1290048731330954
CARE,"Carter Bankshares, Inc.",2023-02-15,2023-01-17,2023-02-14,3,6,Adams Arthur Loran; Bird Michael R; Stephens Curtis E,2524,16.959999999999997,2023-01-17,2023-02-14,2023-01-17 15:14:15,2023-02-15 09:55:52,460514880.0,0.01056599505756417,0.029032501284848355,-0.18103051587916852,-0.22386910599210752
CARE,"Carter Bankshares, Inc.",2023-05-02,2023-04-14,2023-05-02,5,5,Adams Arthur Loran; Bird Michael R; Bolton Robert M.; Stephens Curtis E; Van Dyke Litz H,36981,13.21,2023-04-14,2023-05-02,2023-04-14 15:49:42,2023-05-02 16:40:01,460514880.0,0.0006151020985518674,0.020106705892233623,0.1189297432846006,0.032514904294438596
CARE,"Carter Bankshares, Inc.",2023-07-17,2023-07-14,2023-07-14,3,3,Adams Arthur Loran; Bird Michael R; Stephens Curtis E,1285,15.12,2023-07-14,2023-07-14,2023-07-17 08:53:57,2023-07-17 09:08:20,460514880.0,0.03719967607521979,0.08463720536935804,-0.04564839029492196,-0.1831705026128787
CARS,Cars.Com Inc.,2019-08-13,2019-08-07,2019-08-09,10,10,Forbes Scott E; Greenthal Jill A; Hale Thomas E; Kelly Michael Joseph; McGovern Jr. Donald A.; Revelle Greg; Rogers James F; Sheehan Becky A; Vetter Thomas Alex; Wiener Bryan,795082,9.69,2019-08-07,2019-08-09,2019-08-07 13:10:33,2019-08-13 14:15:36,506310880.0,-0.008226812154061292,-0.04485016393983021,-0.06494952705212009,0.24144910402981878
CART,"Carolina Trust Bancshares, Inc.",2016-10-17,2016-09-23,2016-10-13,3,3,Ocheltree Jerry L; Rhyne Johnathan L Jr; Watson Jim R,5146,6.066666666666666,2016-09-23,2016-10-13,2016-09-28 16:43:08,2016-10-17 12:06:59,9834150912.0,,,,
CART,"Carolina Trust Bancshares, Inc.",2017-11-13,2017-10-23,2017-11-09,3,3,Ocheltree Jerry L; Strayhorn Ralph N III; Watson Jim R,22239,8.283333333333333,2017-10-23,2017-11-09,2017-10-24 12:09:43,2017-11-13 12:23:02,9834150912.0,,,,
CART,"Carolina Trust Bancshares, Inc.",2018-05-16,2018-04-23,2018-05-15,7,8,Davis Scott C; Laws Edwin E II; Ocheltree Jerry L; Rager Richard M; Rhyne Johnathan L Jr; Strayhorn Ralph N III; Watson Jim R,399282,8.01,2018-04-23,2018-05-15,2018-04-25 17:15:59,2018-05-16 14:43:47,9834150912.0,,,,
CART,Maplebear Inc.,2023-09-25,2023-09-19,2023-09-21,4,5,"D1 Capital Partners L.P.; Gcm Grosvenor Inc.; Grosvenor Capital Management, L.P.; Sc Us (Ttgp), Ltd.",63789810,30.0,2023-09-19,2023-09-21,2023-09-21 21:21:24,2023-09-25 19:59:53,9834150912.0,0.006881183345885722,-0.0941078187927451,-0.10191047776849493,-0.28734082894409396
CASH,Meta Financial Group Inc,2018-12-10,2018-12-06,2018-12-07,3,3,Hanson Bradley C; Herrick Glen William; Theisen Sonja Anne,543505,21.16333333333333,2018-12-06,2018-12-07,2018-12-10 09:14:48,2018-12-10 09:18:37,2043795584.0,-0.008983899902283765,0.0017519861517450996,0.06479051057494378,-0.07880411214695737
CASH,"Pathward Financial, Inc.",2022-08-10,2022-08-01,2022-08-08,4,4,Hajek Douglas J.; Herrick Glen William; Ingram Charles C.; Pharr Brett L.,243103,33.722500000000004,2022-08-01,2022-08-08,2022-08-02 11:48:09,2022-08-10 16:38:44,2043795584.0,0.018903766016967305,0.028161031808280557,0.0269703591409447,0.2607206467170997
CASH,"Pathward Financial, Inc.",2023-03-17,2023-03-16,2023-03-16,6,6,Dombrowski Nadia; Herrick Glen William; Hoople Elizabeth G.; Ingram Charles C.; Perretta Christopher; Theisen Sonja Anne,112007,43.76666666666667,2023-03-16,2023-03-16,2023-03-16 10:32:45,2023-03-17 11:57:28,2043795584.0,-0.07193285212611233,-0.0859126667636616,-0.09199161808338996,-0.013139112600773606
CAVA,"Cava Group, Inc.",2023-06-22,2023-06-20,2023-06-20,4,4,Bertram Kenneth Robert; Somers Jennifer; Tolivar Tricia K.; Xenohristos Theodoros,211090,22.0,2023-06-20,2023-06-20,2023-06-22 16:31:18,2023-06-22 16:33:00,8969234432.0,0.05118677787708881,0.1280792490563749,0.3665532531237137,-0.12738563393530045
CBAN,Colony Bankcorp Inc,2017-05-02,2017-03-09,2017-03-31,5,5,Bagwell Lee; Cook J. Stan; Hoyle M. Edward Jr.; Northcutt Lee A; Ross Robert Sidney,14085,13.838,2017-03-09,2017-03-31,2017-03-13 12:28:04,2017-05-02 14:36:45,422509184.0,-0.013760688979219338,-0.014132916209967816,-0.03606495086179551,-0.02792221492258662
CBAN,Colony Bankcorp Inc,2017-07-11,2017-06-30,2017-06-30,4,4,Bagwell Lee; Hoyle M. Edward Jr.; Northcutt Lee A; Ross Robert Sidney,159,13.7,2017-06-30,2017-06-30,2017-07-11 13:01:17,2017-07-11 14:35:56,422509184.0,-0.006766566288607834,0.012351902899877976,0.009555764122681998,-0.03152809430887826
CBAN,Colony Bankcorp Inc,2017-10-05,2017-09-29,2017-09-29,4,4,Bagwell Lee; Hoyle M. Edward Jr.; Northcutt Lee A; Ross Robert Sidney,160,13.77,2017-09-29,2017-09-29,2017-10-05 16:22:40,2017-10-05 16:39:06,422509184.0,-0.006236889950412494,-0.05103505169802314,-0.0011588239842625914,-0.015666698148946168
CBAN,Colony Bankcorp Inc,2018-01-05,2017-12-01,2017-12-29,4,5,Bagwell Lee; Hoyle M. Edward Jr.; Northcutt Lee A; Ross Robert Sidney,674,14.43,2017-12-01,2017-12-29,2017-12-01 15:34:06,2018-01-05 14:40:30,422509184.0,-0.00713258974506048,-0.03557749222073181,-0.03557817099013527,0.15105821148921061
CBAN,Colony Bankcorp Inc,2018-04-30,2018-03-30,2018-04-26,4,5,Bagwell Lee; Hoyle M. Edward Jr.; Northcutt Lee A; Ross Robert Sidney,2053,16.363999999999997,2018-03-30,2018-04-26,2018-04-05 11:40:01,2018-04-30 11:38:35,422509184.0,0.030467426430229705,0.011532899601989666,-0.06786915747100164,0.0067164264071624125
CBAN,Colony Bankcorp Inc,2018-11-16,2018-10-23,2018-11-15,4,5,Bagwell Lee; Hoyle M. Edward Jr.; Northcutt Lee A; Ross Robert Sidney,2270,17.14,2018-10-23,2018-11-15,2018-10-24 11:19:37,2018-11-16 15:53:10,422509184.0,0.005534176748251962,0.02021829808702147,-0.04264176572166367,-0.08505160004897716
CBAN,Colony Bankcorp Inc,2019-06-11,2019-05-15,2019-06-10,4,5,Bagwell Lee; Hoyle M. Edward Jr.; Reed Matthew D.; Ross Robert Sidney,12183,17.048,2019-05-15,2019-06-10,2019-05-24 12:01:50,2019-06-11 08:50:50,422509184.0,0.013968816528490136,-0.01904691733175279,-0.0733463323806196,-0.10732730577991656
CBAN,Colony Bankcorp Inc,2019-08-23,2019-08-15,2019-08-15,3,3,Bagwell Lee; Hoyle M. Edward Jr.; Ross Robert Sidney,413,15.97,2019-08-15,2019-08-15,2019-08-23 16:33:49,2019-08-23 16:49:00,422509184.0,0.052397344137601554,0.013669127322651242,-0.027422762030650305,-0.07885929272922021
CBAN,Colony Bankcorp Inc,2019-11-29,2019-11-15,2019-11-15,3,3,Bagwell Lee; Hoyle M. Edward Jr.; Ross Robert Sidney,414,15.69,2019-11-15,2019-11-15,2019-11-29 10:45:50,2019-11-29 10:53:33,422509184.0,-0.003887324843072082,-0.018449451660859206,-0.10481173290566514,-0.03687786946680294
CBAN,Colony Bankcorp Inc,2020-03-17,2020-03-11,2020-03-17,4,5,Bagwell Lee; Dockery Kimberly C.; Fountain T Heath; Reed Matthew D.,112343,11.98,2020-03-11,2020-03-17,2020-03-11 16:29:17,2020-03-17 16:46:55,422509184.0,0.03366574886247187,0.070178230414907,-0.020207540961188375,-0.18484881733742498
CBAN,Colony Bankcorp Inc,2020-06-03,2020-04-29,2020-05-13,4,6,Bagwell Lee; Cook J. Stan; Fountain T Heath; Hoyle M. Edward Jr.,144694,11.658333333333331,2020-04-29,2020-05-13,2020-05-01 15:40:33,2020-06-03 09:36:10,422509184.0,0.16032369010587488,0.11860710753681114,-0.09481358768114834,-0.14711746496375644
CBAN,Colony Bankcorp Inc,2020-08-11,2020-07-28,2020-08-10,3,4,Bagwell Lee; Fountain T Heath; Mowry Meagan M.,83915,11.1125,2020-07-28,2020-08-10,2020-07-30 19:17:01,2020-08-11 16:32:04,422509184.0,0.06611857017012102,0.011071891465356698,-0.08664088014763371,0.14165636498384404
CBAN,Colony Bankcorp Inc,2021-03-04,2021-02-19,2021-03-02,6,6,Bagwell Lee; Bateman Leonard H Jr; Dockery Kimberly C.; Fountain T Heath; Hoyle M. Edward Jr.; Youngblood Tracie,65591,14.494999999999996,2021-02-19,2021-03-02,2021-02-24 11:10:08,2021-03-04 11:42:12,422509184.0,0.03807773450733376,0.014211368725229878,-0.04671195903372394,0.18218390314311828
CBAN,Colony Bankcorp Inc,2021-05-18,2021-04-29,2021-05-14,3,3,Bagwell Lee; Hoyle M. Edward Jr.; Mowry Meagan M.,125833,16.433333333333334,2021-04-29,2021-05-14,2021-04-30 15:13:32,2021-05-18 11:52:17,422509184.0,-0.005394679525827839,0.0415644010856453,-0.010639693912127157,-0.03263785959875265
CBAN,Colony Bankcorp Inc,2021-09-10,2021-08-19,2021-09-10,3,4,Reed Matthew D.; Schmitt Brian D; Wyatt Harold,136917,17.89,2021-08-19,2021-09-10,2021-08-23 11:26:40,2021-09-10 16:49:47,422509184.0,0.008706869762815983,-0.04453018086968952,0.03516505926714264,-0.03383315169786383
CBAN,Colony Bankcorp Inc,2022-02-28,2022-02-08,2022-02-24,8,9,Borrmann David Andrew; Dwozan M Frederick; Fountain T Heath; Hoyle M. Edward Jr.; Loomis Edward Percy Jr; Reed Matthew D.; Schmitt Brian D; Wyatt Harold,537359,16.721111111111114,2022-02-08,2022-02-24,2022-02-10 15:31:33,2022-02-28 15:32:29,422509184.0,-0.0006883483138978574,0.03425815039658209,-0.04278662341806194,-0.019005406328411523
CBAN,Colony Bankcorp Inc,2022-07-28,2022-07-25,2022-07-26,4,4,Borrmann David Andrew; Fountain T Heath; Hoyle M. Edward Jr.; Reed Matthew D.,66260,14.1975,2022-07-25,2022-07-26,2022-07-25 17:00:37,2022-07-28 14:59:52,422509184.0,0.001753549551944067,-0.010907056882107025,-0.0005999598259815997,0.0468549303727287
CBAN,Colony Bankcorp Inc,2023-05-24,2023-05-02,2023-05-23,6,9,Bagwell Lee; Bateman Leonard H Jr; Dockery Kimberly C.; Downing Scott Lowell; Hollingsworth Audrey; Reed Matthew D.,92320,9.17777777777778,2023-05-02,2023-05-23,2023-05-03 08:42:23,2023-05-24 16:23:30,422509184.0,-0.012036182083920322,-0.022941095172385184,-0.05928382095627427,0.05723362484947514
CBAN,Colony Bankcorp Inc,2023-12-06,2023-02-23,2023-03-17,5,7,Bateman Leonard H Jr; Copeland R Dallis Jr; Fountain T Heath; Mowry Meagan M.; Reed Matthew D.,122143,11.212857142857144,2023-02-23,2023-03-17,2023-03-08 12:54:33,2023-12-06 16:44:16,422509184.0,0.013288977271889824,0.05119005219312367,0.0930697146984516,-0.09936369543689172
CBAN,Colony Bankcorp Inc,2024-02-26,2024-02-02,2024-02-23,3,3,Bateman Leonard H Jr; Fountain T Heath; Shelnutt Derek,26643,11.373333333333331,2024-02-02,2024-02-23,2024-02-05 16:13:17,2024-02-26 16:54:33,422509184.0,0.005379866195582728,-0.009654531072394112,-0.04895620540203771,0.020852768696376645
CBU,"Community Bank System, Inc.",2023-03-21,2023-03-15,2023-03-20,3,3,Macpherson Kerrie D.; Parente John; Steele Sally A,268746,54.026666666666664,2023-03-15,2023-03-20,2023-03-16 09:58:05,2023-03-21 14:47:08,3220450816.0,-0.01522947659187146,-0.021141657446131945,-0.1427055515742386,-0.1663478670194839
CBZ,"Cbiz, Inc.",2015-03-16,2015-02-17,2015-03-16,4,6,France Gina D; Grisko Jerome P; Hudson Sherrill W; Spurio Chris,134957,8.838333333333333,2015-02-17,2015-03-16,2015-02-17 15:39:21,2015-03-16 14:47:57,1624426496.0,-0.012556144099213129,0.0027799708813478485,-0.015284764599830414,0.002559002840454294
CC,Chemours Co,2015-09-16,2015-09-04,2015-09-14,7,8,Newlin Stephen D; Newman Mark; Shelton David C; Siemer Christian W; Snell E Bryan; Trojanowski Amy; Vergnano Mark P,1195439,9.1725,2015-09-04,2015-09-14,2015-09-08 17:41:58,2015-09-16 17:07:19,2516930816.0,-0.0010797254140346713,-0.13164672285724022,-0.349819880097925,-0.387545984499177
CC,Chemours Co,2019-06-10,2019-05-16,2019-06-10,4,4,Bell Bradley J; Cranston Mary B; Kelliher Susan M.; Vergnano Mark P,1314611,23.55,2019-05-16,2019-06-10,2019-05-20 18:29:13,2019-06-10 21:57:50,2516930816.0,0.0518990800066077,0.036093139941863805,-0.2017873754147177,-0.4175392448833314
CCB,Coastal Financial Corp,2021-12-20,2021-12-17,2021-12-17,3,3,Lane Thomas D; Patterson Michael Robert; Skotdal Andrew P,1320220,40.5,2021-12-17,2021-12-17,2021-12-20 19:35:28,2021-12-20 19:38:25,1167308800.0,0.053296948816991874,0.024517151403025794,0.024446207404222764,0.05046865385159416
CCB,Coastal Financial Corp,2023-03-14,2023-03-13,2023-03-14,4,5,Hovde Steven D; Lane Thomas D; Patterson Michael Robert; Skotdal Andrew P,1427138,36.612,2023-03-13,2023-03-14,2023-03-13 20:04:55,2023-03-14 18:03:35,1167308800.0,0.09859629148881699,0.13198421198490684,-0.049948268343723345,0.08840062291548723
CCBG,Capital City Bank Group Inc,2020-05-18,2020-04-27,2020-05-14,6,8,Bense Allan G; Connally Stan W; Criser Marshall M III; Grant William E; Johnson Laura L; Sample John G Jr,409575,18.85375,2020-04-27,2020-05-14,2020-04-29 08:18:44,2020-05-18 10:46:54,734983680.0,-0.016990281942824703,0.10820281583756941,0.13497653385065123,0.056183453936227146
CCBG,Capital City Bank Group Inc,2021-02-23,2019-02-07,2019-03-08,3,3,Bense Allan G; Criser Marshall M III; Johnson Laura L,142091,24.006666666666664,2019-02-07,2019-03-08,2019-03-06 15:36:10,2021-02-23 16:45:43,734983680.0,0.026076159261700704,0.004460089406426837,-0.020234056937164402,-0.02728862996875936
CCI,Crown Castle International Corp,2016-11-15,2016-11-14,2016-11-14,3,3,Melone Anthony J.; Schlanger Daniel K; Simon Kenneth Jay,555063,80.59,2016-11-14,2016-11-14,2016-11-15 20:42:15,2016-11-15 20:45:58,39359717376.0,0.031899207979256605,0.023412484976723213,0.03088003987340704,0.031354367078125556
CCI,Crown Castle International Corp,2021-03-02,2021-02-01,2021-02-26,3,3,Martin J Landis; Stephens Kevin A; Thornton Matthew III,1800500,161.76333333333332,2021-02-01,2021-02-26,2021-02-01 19:26:14,2021-03-02 18:23:19,39359717376.0,-0.012944853093864284,-0.011311917389188575,0.09309531687626404,0.15666480528496307
CCNE,Cnb Financial Corp/pa,2016-06-09,2016-05-12,2016-06-09,3,3,Bower Joseph B Jr; Dell Joseph E Jr; Scott Nicholas N. Jr.,17178,17.846666666666664,2016-05-12,2016-06-09,2016-05-12 09:47:02,2016-06-09 09:54:12,833293312.0,0.009706914837508074,0.01153574981332084,0.017789307028011736,0.12983968194652684
CCNE,Cnb Financial Corp/pa,2020-03-30,2020-03-11,2020-03-24,6,7,Bower Joseph B Jr; Peterson Joel E.; Scott Nicholas N. Jr.; Straub Francis X III; Varischetti Peter C; Young Julie M.,215443,19.22142857142857,2020-03-11,2020-03-24,2020-03-11 13:42:19,2020-03-30 14:42:46,833293312.0,0.06677390155422525,-0.08534949794357649,-0.28111906464829983,-0.254539792660044
CCNE,Cnb Financial Corp/pa,2020-06-12,2020-06-10,2020-06-11,3,3,Powell Jeffrey S; Scott Nicholas N. Jr.; Young Julie M.,8564,18.616666666666667,2020-06-10,2020-06-11,2020-06-11 11:16:23,2020-06-12 11:21:15,833293312.0,0.0318064867360357,0.010037361848339366,-0.050041318808334845,-0.1590301883516022
CCNE,Cnb Financial Corp/pa,2020-09-11,2020-08-26,2020-09-11,14,18,Bower Joseph B Jr; Dixon Gregory M; Greslick Richard Lee Jr.; Griffith Martin T.; Kassab Leanne D; Lima Tito L; Peterson Joel E.; Scott Nicholas N. Jr.; Seager Richard B.; Shilling Steven R Shaffner; Smith Peter F; Straub Francis X III; Varischetti Peter C; Young Julie M.,1236947,23.005,2020-08-26,2020-09-11,2020-08-26 13:43:12,2020-09-11 14:29:42,833293312.0,-0.00392173450595501,0.011599015536713608,0.2668844993367061,0.2700500957250289
CCNE,Cnb Financial Corp/pa,2021-01-07,2020-12-09,2021-01-07,3,4,Lima Tito L; Scott Nicholas N. Jr.; Young Julie M.,33171,23.2725,2020-12-09,2021-01-07,2020-12-11 09:51:56,2021-01-07 08:59:29,833293312.0,-0.054299584907952614,0.0013426661328697076,-0.0024261455833873846,-0.028715760928282208
CCNE,Cnb Financial Corp/pa,2021-09-15,2021-09-10,2021-09-14,3,3,Peduzzi Michael D; Scott Nicholas N. Jr.; Young Julie M.,123565,24.159999999999997,2021-09-10,2021-09-14,2021-09-13 12:12:09,2021-09-15 16:21:56,833293312.0,-0.019243682305327026,-0.02059188520107791,0.011782673085373618,0.07191905889837003
CCNE,Cnb Financial Corp/pa,2022-03-10,2022-03-01,2022-03-10,4,5,Peduzzi Michael D; Peterson Joel E.; Scott Nicholas N. Jr.; Young Julie M.,197233,26.02,2022-03-01,2022-03-10,2022-03-04 09:55:02,2022-03-10 11:56:58,833293312.0,0.03203051298701454,-0.00034081379335382245,-0.0006529474497606325,0.0010929438016044069
CCNE,Cnb Financial Corp/pa,2022-09-21,2022-09-15,2022-09-21,20,22,Bower Joseph B Jr; Conaway Mary Ann; Dixon Gregory M; Greslick Richard Lee Jr.; Griffith Martin T.; Kassab Leanne D; Lima Tito L; Obi N. Michael; Peduzzi Michael D; Peterson Joel E.; Pontzer Deborah Dick; Powell Jeffrey S; Scott Nicholas N. Jr.; Seager Richard B.; Shilling Steven R Shaffner; Smith Peter F; Straub Francis X III; Varischetti Peter C; Wilcoxson Angela D.; Young Julie M.,370153,23.75636363636363,2022-09-15,2022-09-21,2022-09-16 09:25:00,2022-09-21 16:08:15,833293312.0,-0.004124746058183026,-0.03983130634002563,-0.013950228159057443,-0.10692676073671592
CCNE,Cnb Financial Corp/pa,2023-03-16,2023-02-17,2023-03-15,9,12,Koptchak Heather J.; Lima Tito L; Peduzzi Michael D; Pontzer Deborah Dick; Powell Jeffrey S; Scott Nicholas N. Jr.; Smith Peter F; Straub Francis X III; Young Julie M.,264430,21.281666666666663,2023-02-17,2023-03-15,2023-02-17 14:08:53,2023-03-16 08:33:11,833293312.0,-0.04288405970792786,-0.05745358549831181,-0.15338024750409052,-0.22023384064012064
CCNE,Cnb Financial Corp/pa,2023-05-18,2023-04-20,2023-05-17,5,7,Obi N. Michael; Peduzzi Michael D; Scott Nicholas N. Jr.; Smith Peter F; Straub Francis X III,135741,18.25857142857143,2023-04-20,2023-05-17,2023-04-21 16:07:40,2023-05-18 12:06:00,833293312.0,-0.027782971225327024,-0.036159296746138714,-0.06533376330068608,-0.026916074583273497
CCNE,Cnb Financial Corp/pa,2023-08-01,2023-06-08,2023-06-27,5,5,Obi N. Michael; Peduzzi Michael D; Scott Nicholas N. Jr.; Straub Francis X III; Young Julie M.,113681,19.412,2023-06-08,2023-06-27,2023-06-09 10:24:16,2023-08-01 17:33:57,833293312.0,0.028038102364568163,0.050065882547642215,-0.02078094270698505,0.006578478897215967
CDTX,"Cidara Therapeutics, Inc.",2015-04-22,2015-04-20,2015-04-20,6,6,Burgess Daniel D; Franson Timothy R; Heron Patrick J; Kjellson Nina S; Perez Robert J; Stein Jeffrey,6598720,16.0,2015-04-20,2015-04-20,2015-04-21 15:29:16,2015-04-22 14:49:35,6961583616.0,-0.0007978663488807936,-0.05579008475378655,0.07787026289341759,-0.04392069717609659
CERT,"Certara, Inc.",2020-12-16,2020-12-15,2020-12-15,4,4,Cashman James E III; McLean Stephen M.; Traynor Richard M.; Walsh Matthew M,1086635,23.0,2020-12-15,2020-12-15,2020-12-16 18:22:04,2020-12-16 18:58:38,1153139072.0,0.11393833831875133,0.1488981403404831,-0.022876401131386337,-0.1900332631564693
CF,"Cf Industries Holdings, Inc.",2015-11-12,2015-11-11,2015-11-11,3,3,Barnard Douglas C; Koch Philipp P; Will W Anthony,1658442,47.05,2015-11-11,2015-11-11,2015-11-12 06:04:47,2015-11-12 06:06:17,16580105216.0,0.04067324239097647,-0.019540606343471878,-0.10086550119811666,-0.3026314200481973
CF,"Cf Industries Holdings, Inc.",2016-03-02,2016-02-23,2016-03-01,3,3,Frost Bert A; Noonan Anne P; Will W Anthony,1178266,33.44,2016-02-23,2016-03-01,2016-02-24 13:22:43,2016-03-02 16:43:29,16580105216.0,-0.01008442466286319,-0.029306824240403984,-0.21152482105955384,-0.2553027063794763
CFFN,"Capitol Federal Financial, Inc.",2020-08-21,2020-08-03,2020-08-06,4,4,Cole Michel Philipp; Haag Natalie G.; Johnson Jeffrey M; Morris James G.,150171,9.685,2020-08-03,2020-08-06,2020-08-04 15:06:36,2020-08-21 15:23:31,948984512.0,0.003286381053674292,-0.0363602488745034,0.1446330505658917,0.3352923988310934
CFFN,"Capitol Federal Financial, Inc.",2022-11-01,2022-09-30,2022-10-28,7,8,Barry Anthony S.; Haag Natalie G.; Huey Morris J II; Jackson Rick C; Johnson Jeffrey M; Morris James G.; Thompson Jeffrey R,352282,7.85,2022-09-30,2022-10-28,2022-09-30 17:20:25,2022-11-01 10:32:43,948984512.0,-0.0036452059018677874,0.018056000320219923,-0.008067865748561553,-0.0005593857641972289
CFFN,"Capitol Federal Financial, Inc.",2023-05-24,2023-05-11,2023-05-23,3,3,Jackson Rick C; Johnson Jeffrey M; Thompson Jeffrey R,123868,5.703333333333333,2023-05-11,2023-05-23,2023-05-15 10:22:39,2023-05-24 17:05:35,948984512.0,-0.004631147400332214,-0.020306723460931653,-0.060776008738814946,-0.053390787059838685
CFFN,"Capitol Federal Financial, Inc.",2023-11-28,2023-10-27,2023-11-01,5,6,Barry Anthony S.; Jackson Rick C; Johnson Jeffrey M; Morris James G.; Ricketts Carlton A.,410600,5.091666666666666,2023-10-27,2023-11-01,2023-10-30 16:13:38,2023-11-28 16:50:41,948984512.0,0.04961808963144665,0.09130474152319912,0.11077751237384037,0.0007921430473956104
CFR,"Cullen/frost Bankers, Inc.",2023-03-15,2023-03-13,2023-03-15,5,5,Avery Chris; Green Phillip D; John Howard Willome; Severyn Carol Jean; Wolfshohl Candace K,2003793,107.452,2023-03-13,2023-03-15,2023-03-13 15:12:07,2023-03-15 13:51:11,8877956096.0,-0.037543644475147686,-0.09885388137580953,-0.0680179562490486,-0.1109249657114324
CFR,"Cullen/frost Bankers, Inc.",2023-05-17,2023-05-04,2023-05-15,4,4,Avery Chris; Berman Bobby; John Howard Willome; Kasanoff Howard L.,919437,97.54,2023-05-04,2023-05-15,2023-05-04 17:09:22,2023-05-17 14:35:12,8877956096.0,0.04803279508983582,0.06808245217008513,0.041980171332126615,-0.027979790407322902
CGEM,"Cullinan Management, Inc.",2021-01-14,2021-01-12,2021-01-12,5,5,Gadicke Ansbert; Hughes Owen; Jovan-Embiricos Morana; Trigilio Jeffrey; Ubs Oncology Impact Fund L.P.,16899750,21.0,2021-01-12,2021-01-12,2021-01-14 17:30:07,2021-01-14 17:54:00,929269568.0,0.002289802946014108,0.08004934150776055,0.3419445033663102,-0.1782548771574125
CGON,"Cg Oncology, Inc.",2024-01-31,2024-01-29,2024-01-29,4,4,"Decheng Capital Global Life Sciences Fund Iv, L.P.; Kasturi Vijay; Roche Corleen M.; Song Hong Fang",12662968,19.0,2024-01-29,2024-01-29,2024-01-31 16:17:10,2024-01-31 16:30:38,5002900480.0,0.04316871463239513,0.09544936788984248,-0.029834836989065527,0.08468592850129886
CHCO,City Holding Co,2018-11-19,2018-10-26,2018-11-16,3,3,Fisher Robert D; Hylton Tracy W II; Strong-Treister Diane W,29442,72.27333333333333,2018-10-26,2018-11-16,2018-10-26 12:24:48,2018-11-19 12:24:27,1746616704.0,0.005726525299520446,-0.0068308349114831746,-0.03956212584755292,0.0007661004942136618
CHCO,City Holding Co,2022-04-27,2022-04-18,2022-04-25,3,3,Fisher Robert D; Hylton Tracy W II; Reyes Javier A,49224,77.07333333333334,2022-04-18,2022-04-25,2022-04-18 16:43:04,2022-04-27 11:37:07,1746616704.0,-0.014943248869228487,0.03213007104173671,0.06305291692891013,0.15254141428406998
CHCO,City Holding Co,2023-01-31,2023-01-23,2023-01-27,3,3,Burton Gregory A; Fisher Robert D; Hylton Tracy W II,47501,90.20333333333332,2023-01-23,2023-01-27,2023-01-23 16:20:10,2023-01-31 12:46:35,1746616704.0,0.010549781300168037,0.030571718378131107,0.023607641901017162,-0.05675167923030433
CHCO,City Holding Co,2023-05-12,2023-04-14,2023-05-12,3,3,Fisher Robert D; Hylton Tracy W II; Jones J. Thomas,49329,87.44666666666667,2023-04-14,2023-05-12,2023-04-17 14:17:19,2023-05-12 16:39:39,1746616704.0,0.030531768509588053,0.04085195731300706,0.043516954818522136,0.0860554457567706
CHCO,City Holding Co,2024-02-29,2024-02-27,2024-02-27,5,5,Burton Gregory A; File W H III; Fisher Robert D; Hylton Tracy W II; Strong-Treister Diane W,61933,101.03,2024-02-27,2024-02-27,2024-02-28 16:39:06,2024-02-29 10:53:53,1746616704.0,-0.005078968307582699,0.02953432671950651,-0.012445290467504422,-0.011629275416568996
CHCO,City Holding Co,2024-08-12,2024-08-12,2024-08-12,5,5,Burton Gregory A; File W H III; Fisher Robert D; Hylton Tracy W II; Strong-Treister Diane W,66609,110.83,2024-08-12,2024-08-12,2024-08-12 16:53:39,2024-08-12 16:54:20,1746616704.0,-0.016890408260744616,-0.02140351045981226,-0.04422361707362166,-0.026566035812192856
CHCT,Community Healthcare Trust Inc,2023-03-13,2023-03-09,2023-03-10,4,4,Cotman Cathrine; Gardner Alan; Gulmi Claire M; Van Horn R. Lawrence,209275,36.545,2023-03-09,2023-03-10,2023-03-13 16:16:07,2023-03-13 16:17:07,490006208.0,0.011645707735285837,-0.0022899648037149056,-0.0449087572884459,-0.09367401339500359
CHCT,Community Healthcare Trust Inc,2024-08-14,2024-08-05,2024-08-13,4,4,Cotman Cathrine; Dupuy David H.; Hensley Robert Z; Van Horn R. Lawrence,405540,19.03,2024-08-05,2024-08-13,2024-08-06 17:04:37,2024-08-14 16:16:03,490006208.0,-0.017063391735785416,0.0018666193830541022,-0.10178124120627186,-0.06331826018001774
CHD,Church & Dwight Co Inc /de/,2016-11-21,2016-11-07,2016-11-21,3,3,Bomhard Britta; Dierker Richard A; Farrell Matthew,446659,44.406666666666666,2016-11-07,2016-11-21,2016-11-08 13:56:13,2016-11-21 14:46:41,24738199552.0,-0.007956083267751213,-0.009913245845862173,-0.04003027167410056,0.031692787759566965
CHD,Church & Dwight Co Inc /de/,2019-09-17,2019-09-16,2019-09-16,4,4,Farrell Matthew; Price Penry W; Saligram Ravichandra Krishnamurty; Spann Rick,729042,71.5525,2019-09-16,2019-09-16,2019-09-16 12:01:41,2019-09-17 13:10:55,24738199552.0,0.0028100780260749136,0.029911767571234704,0.0027204816623509487,-0.09030814864079328
CHDN,Churchill Downs Inc,2018-12-27,2018-12-17,2018-12-26,3,3,Duchossois Richard L; Lloyd Karole; Rankin R Alex,785633,250.21333333333337,2018-12-17,2018-12-26,2018-12-17 16:50:28,2018-12-27 16:06:30,6551013888.0,0.004190410594381744,0.0031544096665334642,0.09371716503745153,-0.0373154777603697
CHWY,"Chewy, Inc.",2019-06-18,2019-06-18,2019-06-18,11,11,Ahmed Fahim; Bowman Stacy; Chang Michael Chia-Hao; Helfrick Susan; Kim James Dongyoung; Marte Mario Jesus; Sibenac Lisa Marie; Singh Sumit; Star James A; Svider Raymond; Symancyk James Kevin,6468000,22.0,2019-06-18,2019-06-18,2019-06-18 17:14:08,2019-06-18 17:20:57,11138561024.0,0.022856481688230623,-0.06607057516425541,-0.03700721538465168,-0.1705897846164539
CIM,Chimera Investment Corp,2016-03-02,2016-02-29,2016-02-29,4,4,Donlin Paul; Mahoney Dennis; Marria Mohit; Yarlagadda Choudhary,676894,13.09,2016-02-29,2016-02-29,2016-03-02 16:16:16,2016-03-02 16:19:22,1143448704.0,0.022773254881409244,0.05523350810715444,0.07546767785012509,0.16111805277384383
CIM,Chimera Investment Corp,2020-03-19,2020-03-12,2020-03-18,8,11,Colligan Robert S; Creagh Gerard; Donlin Paul; Kardis Phillip John II; Lambiase Matthew; Marria Mohit; Reilly Brian Patrick; Yarlagadda Choudhary,4509839,10.902727272727272,2020-03-12,2020-03-18,2020-03-19 11:26:29,2020-03-19 14:19:58,1143448704.0,-0.002025312820597036,0.13171984567864414,-0.38094278352777866,-0.1678122895625389
CINF,Cincinnati Financial Corp,2022-08-05,2022-07-29,2022-08-03,3,3,Aaron Thomas J; Debbink Dirk J; Osborn David P,246207,96.89333333333332,2022-07-29,2022-08-03,2022-08-02 15:03:08,2022-08-05 14:45:01,26293798912.0,0.03258712928253271,0.06124151521327237,0.10352910673017879,0.15306467356126818
CIVB,"Civista Bancshares, Inc.",2015-09-22,2015-08-21,2015-09-18,3,4,McGookey James E; Miller James O; Wurm Gerald B,17613,10.0625,2015-08-21,2015-09-18,2015-08-21 16:38:01,2015-09-22 16:49:45,481961408.0,0.007640652964925887,0.04245170091380912,0.004440644081959988,0.029488613561400756
CIVB,"Civista Bancshares, Inc.",2016-11-15,2016-10-26,2016-11-14,3,3,Betts John A; Nickles Allen R; Singer Harry,29515,14.853333333333332,2016-10-26,2016-11-14,2016-10-26 11:53:08,2016-11-15 09:26:51,481961408.0,0.004763609612552955,-0.009082527371895077,0.2162386879529965,0.43367351102700846
CIVB,"Civista Bancshares, Inc.",2017-02-28,2017-02-17,2017-02-28,5,5,Betts John A; Boerger Barry W; Murray Dennis E Jr; Nickles Allen R; Parcher Charles A.,80685,22.452,2017-02-17,2017-02-28,2017-02-17 14:21:11,2017-02-28 12:05:33,481961408.0,-0.03620563425613388,-0.01660379894576436,-0.03724223441518815,-0.11778260046189604
CIVB,"Civista Bancshares, Inc.",2017-05-31,2017-05-15,2017-05-31,5,6,Murray Dennis E Jr; Nickles Allen R; Parcher Charles A.; Steinemann George E; Wurm Gerald B,136313,20.55333333333333,2017-05-15,2017-05-31,2017-05-15 15:28:27,2017-05-31 15:06:51,481961408.0,-0.011196571408655598,-0.018929061737359754,0.04038737109528001,-0.014899915248109075
CIVB,"Civista Bancshares, Inc.",2018-12-17,2018-11-20,2018-12-17,3,5,Nickles Allen R; Parcher Charles A.; Singer Harry,48965,19.462,2018-11-20,2018-12-17,2018-11-21 09:08:44,2018-12-17 16:19:05,481961408.0,-0.023001442022210994,-0.008364511910448291,-0.0014227219088944754,0.1315818847750525
CIVB,"Civista Bancshares, Inc.",2023-03-24,2023-02-23,2023-03-23,3,4,Mattlin Julie A; Weaks Nathan E; Wurm Gerald B,152050,19.5925,2023-02-23,2023-03-23,2023-02-23 15:36:24,2023-03-24 10:54:12,481961408.0,0.0007566696245566717,-0.07058165403492045,-0.210996826876365,-0.13622723549142002
CLBK,"Columbia Financial, Inc.",2018-05-17,2018-04-19,2018-05-15,14,20,"Allen, Jr. Edward Thomas; Czerwinski Frank; Gibney Dennis E.; Hallock Raymond G.; Holland Noel R.; Kelly Geri M.; Kemly Thomas J.; Klimowich John; Krukar Mark S.; Kuiken Henry; Massood Michael Jr.; Murphy Brian William; Randall Elizabeth E.; Van Dyk Robert",5717099,11.7105,2018-04-19,2018-05-15,2018-04-23 15:15:18,2018-05-17 14:48:22,1920408832.0,0.02105213880677137,0.007978615388284593,-0.02397061183564464,-0.04441286771001407
CLBK,"Columbia Financial, Inc.",2018-11-27,2018-10-30,2018-11-23,6,6,Dempsey Joseph Francis Jr; Gibney Dennis E.; Kemly Thomas J.; Krukar Mark S.; Kuiken Henry; Schlesinger Allyson Katz,322098,15.391666666666666,2018-10-30,2018-11-23,2018-10-30 16:18:31,2018-11-27 16:36:50,1920408832.0,-0.015714488258747217,-0.03747820620021136,-0.0269343828456583,-0.050916998861166074
CLBK,"Columbia Financial, Inc.",2019-03-11,2019-03-04,2019-03-08,6,6,"Allen, Jr. Edward Thomas; Dempsey Joseph Francis Jr; Gibney Dennis E.; Kemly Thomas J.; Klimowich John; Schlesinger Allyson Katz",413509,16.01,2019-03-04,2019-03-08,2019-03-04 19:24:38,2019-03-11 13:58:37,1920408832.0,-0.014550976196713528,-0.030688190248014724,-0.1146079879513362,-0.072640993862927
CLBK,"Columbia Financial, Inc.",2019-06-17,2019-06-13,2019-06-14,8,8,Dempsey Joseph Francis Jr; Gibney Dennis E.; Kemly Thomas J.; Klimowich John; Krukar Mark S.; Kuiken Henry; Randall Elizabeth E.; Van Dyk Robert,547133,14.715,2019-06-13,2019-06-14,2019-06-17 15:52:43,2019-06-17 16:02:33,1920408832.0,0.0015498375504576778,0.0019742121822652337,0.027689361666849877,0.03345722739775003
CLDT,Chatham Lodging Trust,2016-11-09,2016-11-07,2016-11-08,3,3,Craven Dennis M; Fisher Jeffrey H; Willis Peter,503090,17.34,2016-11-07,2016-11-08,2016-11-08 15:31:20,2016-11-09 09:39:20,388926624.0,0.0637993122439271,0.08671278369573399,0.12556737252363637,0.10741456123471238
CLDT,Chatham Lodging Trust,2018-03-06,2018-02-28,2018-03-05,4,4,Craven Dennis M; Fisher Jeffrey H; Goldsmith C Gerald; Willis Peter,270485,18.362499999999997,2018-02-28,2018-03-05,2018-03-01 13:06:58,2018-03-06 18:47:04,388926624.0,0.03149095284759329,0.03927450574864788,0.06745331989870673,0.1485175087170708
CLF,Cliffs Natural Resources Inc.,2015-03-04,2015-02-05,2015-03-04,4,4,Goncalves Lourenco; Rutkowski Joseph A; Siegal Michael D; Stoliar Gabriel,849792,6.5874999999999995,2015-02-05,2015-03-04,2015-02-09 09:50:35,2015-03-04 14:27:09,6319926784.0,-0.010267054326985381,-0.19334593411752432,-0.1809550496202582,-0.2143805807647553
CLF,Cliffs Natural Resources Inc.,2015-05-27,2015-05-21,2015-05-26,3,3,Goncalves Lourenco; Siegal Michael D; Taylor Douglas C,634781,5.093333333333334,2015-05-21,2015-05-26,2015-05-26 09:04:42,2015-05-27 08:36:31,6319926784.0,0.09948993238382875,0.027543728479527463,-0.3360263515346472,-0.3394341784215861
CLF,Cliffs Natural Resources Inc.,2016-11-04,2016-10-28,2016-11-03,6,6,Baldwin John T; Fisher Robert P Jr; Green Susan Miranda; Rutkowski Joseph A; Rychel Eric M; Taylor Douglas C,215099,5.516666666666667,2016-10-28,2016-11-03,2016-10-28 11:53:55,2016-11-04 08:30:34,6319926784.0,0.06314725030130197,0.28719869908755213,0.484066620389372,0.5484087876350101
CLF,Cliffs Natural Resources Inc.,2017-05-04,2017-04-28,2017-05-03,8,8,Baldwin John T; Fisher Robert P Jr; Goncalves Lourenco; Rutkowski Joseph A; Rychel Eric M; Siegal Michael D; Stoliar Gabriel; Taylor Douglas C,1472585,6.64375,2017-04-28,2017-05-03,2017-05-01 08:21:16,2017-05-04 08:17:17,6319926784.0,-0.0019208285991345608,-0.005371412829941913,-0.06713384402137523,0.19341886478829617
CLF,Cleveland-Cliffs Inc.,2019-05-23,2019-05-01,2019-05-22,3,3,Koci Keith; Rychel Eric M; Siegal Michael D,169950,9.703333333333331,2019-05-01,2019-05-22,2019-05-02 15:08:05,2019-05-23 07:35:43,6319926784.0,-0.006917106222682157,-0.04503855127997347,0.07914273199678412,-0.1354692716904562
CLF,Cleveland-Cliffs Inc.,2019-09-05,2019-08-07,2019-09-05,5,8,Baldwin John T; Fisher Robert P Jr; Harlan M Ann; Koci Keith; Rychel Eric M,599738,8.16375,2019-08-07,2019-09-05,2019-08-07 14:22:34,2019-09-05 10:24:04,6319926784.0,0.0017472744131663553,0.14177701260692888,-0.027468419490990437,0.06028892943306641
CLF,Cleveland-Cliffs Inc.,2019-12-09,2019-12-05,2019-12-09,3,3,Fisher Robert P Jr; Koci Keith; Miller Janet L,217518,8.040000000000001,2019-12-05,2019-12-09,2019-12-05 14:41:48,2019-12-09 10:36:52,6319926784.0,0.05462432681893703,0.0037229775801868037,-0.13687615826509159,-0.3084100806081749
CLF,Cleveland-Cliffs Inc.,2021-12-13,2021-11-19,2021-12-13,5,6,Fisher Robert P Jr; Goncalves Celso L Jr; Goncalves Lourenco; Koci Keith; Michael Ralph S III,1713702,20.49,2021-11-19,2021-12-13,2021-11-19 15:20:22,2021-12-13 13:08:01,6319926784.0,0.02604273098613985,-0.02075554077475228,-0.12130324970178719,0.39800561876766494
CLF,Cleveland-Cliffs Inc.,2023-05-02,2023-04-27,2023-05-02,5,5,Goncalves Celso L Jr; Goncalves Lourenco; Koci Keith; Michael Ralph S III; Yocum Arlene M,1875890,15.022,2023-04-27,2023-05-02,2023-04-27 11:50:22,2023-05-02 14:05:43,6319926784.0,0.004876960476578707,-0.000154174989122291,0.04712395688782567,0.021172336000525593
CLF,Cleveland-Cliffs Inc.,2024-06-13,2024-06-12,2024-06-13,4,4,Baldwin John T; Goncalves Celso L Jr; Michael Ralph S III; Oren Ben,614113,14.855,2024-06-12,2024-06-13,2024-06-12 13:16:16,2024-06-13 14:26:19,6319926784.0,-0.013240185100782842,-0.026979815661837936,0.003080949904062713,-0.29304010979339523
CLFD,"Clearfield, Inc.",2015-11-30,2015-11-17,2015-11-25,3,3,Goepel Patrick; Hayssen Charles N; Roth Ronald G,272030,12.703333333333331,2015-11-17,2015-11-25,2015-11-18 17:44:55,2015-11-30 16:24:59,430079072.0,-0.03479823633828172,-0.08977179218948061,0.002323351439470378,0.12169866964052123
CLFD,"Clearfield, Inc.",2024-03-06,2024-02-23,2024-03-05,3,3,Harding Roger G; Jones Walter Louis Jr; Roth Ronald G,275670,29.833333333333332,2024-02-23,2024-03-05,2024-02-27 11:21:00,2024-03-06 12:09:09,430079072.0,0.05525792437605648,-0.00738583511954749,-0.018135203429509805,0.26903234989357383
CLMT,"Calumet Specialty Products Partners, L.P.",2022-08-30,2022-08-09,2022-08-29,4,6,Borgmann Louis Todd; Mawer Stephen P; Obermeier Scott; Willman Ryan,542879,16.343333333333334,2022-08-09,2022-08-29,2022-08-10 14:03:56,2022-08-30 16:35:00,2419577856.0,0.005960641425647006,-0.009618907241779273,-0.0351671894906993,-0.05318506569028025
CLMT,"Calumet Specialty Products Partners, L.P.",2022-12-06,2022-11-11,2022-12-02,3,7,Carter James S; Mawer Stephen P; Willman Ryan,243335,16.752857142857142,2022-11-11,2022-12-02,2022-11-14 14:22:26,2022-12-06 15:32:28,2419577856.0,-0.041858867008811806,-0.015143298164395302,0.19413455527256018,0.3591112238105745
CLNE,Clean Energy Fuels Corp.,2015-03-04,2015-03-02,2015-03-04,3,3,Corbus Barclay; Littlefair Andrew J; Scully Stephen,211963,5.61,2015-03-02,2015-03-04,2015-03-02 13:31:17,2015-03-04 16:35:58,487136704.0,-0.023236395857311187,-0.06178956888628373,0.25920984201252173,0.3117852579811653
CMG,Chipotle Mexican Grill Inc,2018-03-02,2018-02-15,2018-02-28,3,3,"Cappuccio Paul T; Namvar Ali; Pershing Square Capital Management, L.P.",134819781,308.90666666666664,2018-02-15,2018-02-28,2018-02-15 18:05:08,2018-03-02 16:15:53,48831725568.0,0.005254053686952975,-0.013315124650820964,0.03996710417293414,0.3733148769524104
CMP,Compass Minerals International Inc,2019-05-13,2019-05-09,2019-05-13,4,4,Fischer Valdemar L; Reece Joseph E; Standen James D.; Walker Lori A,230476,52.4925,2019-05-09,2019-05-13,2019-05-13 16:58:06,2019-05-13 16:59:24,1033185536.0,0.003567060385665788,-0.0007439373781383818,-0.000645618599738329,-0.055896469342918476
CMP,Compass Minerals International Inc,2022-05-17,2022-05-11,2022-05-16,5,5,Crenshaw Lorin; Crutchfield Kevin S; Reece Joseph E; Walker Lori A; Yoder Amy,486209,43.212,2022-05-11,2022-05-16,2022-05-12 16:10:30,2022-05-17 16:14:47,1033185536.0,0.04292832494772947,0.012108760684192976,-0.14493755675423714,-0.09262038878114875
CMPO,"Composecure, Inc.",2022-05-16,2022-04-13,2022-05-12,3,11,Bleichroeder LP; Tikvah Management LLC; Wilk Jonathan,7881461,6.996363636363636,2022-04-13,2022-05-12,2022-04-14 17:13:07,2022-05-16 17:17:56,7278797824.0,0.057759273165272074,0.16341695938808798,-0.13479437675185457,-0.05772347265714217
CMTG,"Claros Mortgage Trust, Inc.",2021-11-09,2021-11-03,2021-11-05,7,7,Haggerty Mary; Liebman Pamela; Mack Richard; McGillis Mike; Richman Steven Leonard; Siegel Jeffrey D; Walter W Edward,6119889,18.342857142857145,2021-11-03,2021-11-05,2021-11-05 14:03:30,2021-11-09 15:30:31,323905344.0,0.01132344942500052,0.0051531989026012415,-0.052187095608658196,0.10270727518553702
CMTG,"Claros Mortgage Trust, Inc.",2024-05-31,2024-05-21,2024-05-29,5,6,Mack Richard; McGillis Mike; Siegel Jeffrey D; Tese Vincent; Walter W Edward,1669228,7.218333333333333,2024-05-21,2024-05-29,2024-05-23 19:30:23,2024-05-31 17:47:54,323905344.0,0.04619155126813923,0.02410448836178447,0.08439375019280493,-0.02640736392352494
CNC,Centene Corp,2022-05-03,2022-04-28,2022-04-29,3,3,Coughlin Christopher J; Dallas H James; Samuels Theodore R. II,1734498,81.35333333333334,2022-04-28,2022-04-29,2022-05-02 19:01:23,2022-05-03 19:12:14,21549406208.0,0.01352058297872194,0.04851459334443409,0.06488092404329349,0.17765618273257622
CNC,Centene Corp,2023-02-10,2023-02-08,2023-02-09,3,3,Asher Andrew Lynn; Murray James E; Samuels Theodore R. II,1487091,72.37,2023-02-08,2023-02-09,2023-02-09 17:07:26,2023-02-10 15:00:30,21549406208.0,0.007141118952156411,0.024736145948973665,-0.07284333966623824,-0.06834383843405212
CNC,Centene Corp,2024-12-19,2024-12-13,2024-12-18,5,5,Blume Jessica L.; Coughlin Christopher J; Dallas H James; Greco Thomas; Samuels Theodore R. II,2019224,59.30799999999999,2024-12-13,2024-12-18,2024-12-17 19:33:04,2024-12-19 17:39:30,21549406208.0,-0.010187391199524498,0.0003522676336045194,,
CNK,"Cinemark Holdings, Inc.",2020-03-19,2020-03-16,2020-03-18,3,4,Humrichouse Ximena G; Mitchell Lee Roy; Zoradi Mark,2203341,8.5,2020-03-16,2020-03-18,2020-03-17 10:42:18,2020-03-19 13:00:51,3369209088.0,0.7766227670726136,0.8323184998440161,0.8694909229506183,1.0428892564480896
CNMD,Conmed Corp,2017-04-04,2017-03-06,2017-04-03,4,4,Cohen Heather L; Farkas Charles; Hartman Curt R; Tryniski Mark E,553457,41.4175,2017-03-06,2017-04-03,2017-03-07 09:37:33,2017-04-04 15:05:34,1344318976.0,0.009003406508316547,0.04597517936352957,0.15171076436460118,0.14516437852913633
CNMD,Conmed Corp,2024-05-14,2024-04-30,2024-05-13,4,4,Aronson Martha Goldberg; Beyer Pat; Bronson David M; Schwarzentraub Barbara J,544055,70.1575,2024-04-30,2024-05-13,2024-05-02 13:03:06,2024-05-14 15:37:54,1344318976.0,0.006873588761520777,0.008235830985994452,-0.1225091567186789,-0.10266319527435097
CNNE,"Cannae Holdings, Inc.",2018-12-06,2018-11-15,2018-12-04,3,4,Cox Richard L.; Holland C Malcolm III; Massey Richard N,1242872,17.585,2018-11-15,2018-12-04,2018-11-16 10:55:48,2018-12-06 11:03:40,616498048.0,0.010012038966016212,0.021587028971175592,0.09048878277594141,0.288397660970793
CNNE,"Cannae Holdings, Inc.",2019-12-09,2019-12-06,2019-12-06,5,5,Gravelle Michael L; Harris Hugh R; Martire Frank R; Meinhardt Erika; Willey Frank P,2776488,33.0,2019-12-06,2019-12-06,2019-12-09 08:47:59,2019-12-09 08:52:45,616498048.0,0.03920723753660971,0.017750350657230296,0.02923951853622575,0.05786034811764218
CNNE,"Cannae Holdings, Inc.",2020-06-17,2020-06-15,2020-06-15,7,7,Bickett Brent B; Cox Richard L.; Gravelle Michael L; Martire Frank R; Massey Richard N; Meinhardt Erika; Willey Frank P,9312528,37.5,2020-06-15,2020-06-15,2020-06-17 09:51:02,2020-06-17 11:07:53,616498048.0,-0.0015614231063252326,0.0712537722090768,-0.016776483805697406,-0.12410405005845215
CNO,"Cno Financial Group, Inc.",2020-04-02,2020-03-23,2020-03-31,7,8,Baude Bruce K.; Bhojwani Gary C; Brown Ellyn L; David Stephen N; Franzese Yvonne K; Maurer Dan; McDonough Paul H.,568674,10.2425,2020-03-23,2020-03-31,2020-03-24 15:31:45,2020-04-02 10:57:49,4022964480.0,-0.02836057387518187,0.13256880326661769,-0.04350497101751172,0.15508581900449747
CNOB,"Connectone Bancorp, Inc.",2015-11-13,2015-11-12,2015-11-12,3,3,Boswell Stephen T.; Minoia Nicholas; Sorrentino Frank III,234874,18.09,2015-11-12,2015-11-12,2015-11-12 18:10:46,2015-11-13 11:37:02,1335763840.0,-0.00046157934634383224,0.030604096172309747,0.05453833329377544,-0.04275057151231132
CNP,Centerpoint Energy Inc,2015-06-02,2015-05-13,2015-06-02,4,5,Bridge Tracy B; McGoldrick Joseph B; Rogers William D; Smith Phillip R,1038167,20.048,2015-05-13,2015-06-02,2015-05-14 16:54:28,2015-06-02 17:23:40,28328095744.0,-0.03132734842419793,-0.031246831687071208,-0.04728783426438232,-0.010317055552132581
CNP,Centerpoint Energy Inc,2023-11-29,2023-11-09,2023-11-29,3,3,Foster Christopher A; Lesar David J; Wells Jason P.,1412987,27.376666666666665,2023-11-09,2023-11-29,2023-11-09 17:25:22,2023-11-29 16:28:28,28328095744.0,0.0010318157980468978,0.02275389711104625,-0.03713758186291183,-0.1293713026158354
CNR,"Cornerstone Building Brands, Inc.",2021-08-18,2021-08-05,2021-08-16,3,3,Ball George L.; Holland John J; Metcalf James S,1236320,15.633333333333333,2021-08-05,2021-08-16,2021-08-06 17:36:24,2021-08-18 17:01:50,4714544128.0,-0.06327165720074679,0.01449542367157819,0.2350888395375662,0.09944330249647138
CNTA,Centessa Pharmaceuticals Plc,2021-06-04,2021-06-02,2021-06-02,10,10,Bush Tia L; Chao David M; De Rubertis Francesco; Gap (Bermuda) Ltd; Goyal Arjun; Hussain Iqbal J; Medicxi Ventures Management (Jersey) Ltd; Templeman Thomas; Thorell Marella; Weinhoff Gregory M,69465000,20.0,2021-06-02,2021-06-02,2021-06-03 12:24:50,2021-06-04 17:01:01,3872882432.0,0.0412436283926183,-0.02909510671076776,-0.05167019694826158,-0.11153905880955961
CNTA,Centessa Pharmaceuticals Plc,2021-12-06,2021-11-16,2021-12-02,5,9,Bush Tia L; De Rubertis Francesco; Kantoff Aaron; Medicxi Ventures Management (Jersey) Ltd; Saha Saurabh,5317992,12.236666666666666,2021-11-16,2021-12-02,2021-11-18 19:00:17,2021-12-06 17:31:11,3872882432.0,-0.0028989711613418567,-0.06595151882471872,-0.29777303029567836,-0.32123556425582034
CNX,Consol Energy Inc,2015-11-19,2015-10-29,2015-11-17,3,3,Carpenter Alvin R; Hagedorn Carl Kristopher; Thorndike William N Jr,328175,7.28,2015-10-29,2015-11-17,2015-10-30 16:08:43,2015-11-19 16:19:12,5968095232.0,-0.05344231437514835,-0.10168475455017112,0.058518127819981225,0.09254345628507943
CNX,Consol Energy Inc,2017-02-13,2017-02-02,2017-02-13,3,3,Carpenter Alvin R; Lally-Green Maureen; Lanigan Bernard Jr,807613,16.876666666666665,2017-02-02,2017-02-13,2017-02-06 17:04:09,2017-02-13 17:29:44,5968095232.0,0.008754079736683407,-0.020923073843986728,-0.08080884911143948,-0.08820913819584131
CNX,Cnx Resources Corp,2020-12-03,2020-11-09,2020-12-03,4,4,Deiuliis N J; Lanigan Bernard Jr; Rush Donald W.; Shepard Alan K,775717,9.19,2020-11-09,2020-12-03,2020-11-09 16:56:19,2020-12-03 17:00:23,5968095232.0,-0.001966366442968104,0.1797599496163358,0.33095907498129096,0.4200803338683248
CNXC,Concentrix Corp,2024-04-22,2024-04-01,2024-04-19,3,3,Caldwell Christopher A; Fogarty Jane; Hayley Kathryn,98547,60.53,2024-04-01,2024-04-19,2024-04-03 16:52:27,2024-04-22 16:21:08,2027724800.0,0.005087823995544971,-0.007597987372570891,0.041729921892011745,0.1226419097473257
COCO,"Vita Coco Company, Inc.",2021-12-17,2021-12-10,2021-12-15,3,3,Kirban Michael; Liran IRA; Sadowsky Kenneth,968924,10.146666666666668,2021-12-10,2021-12-15,2021-12-14 16:30:24,2021-12-17 16:30:33,3089287168.0,0.0978369291417528,0.18597321345928397,0.267431012537821,0.009898164487430527
CODI,Compass Diversified Holdings,2015-12-31,2015-12-11,2015-12-30,3,3,Lazarus Mark H; Offenberg Alan B; Sabo Elias,648029,15.49,2015-12-11,2015-12-30,2015-12-15 16:04:20,2015-12-31 13:25:59,526651776.0,0.029500061234225328,0.05169100279462835,0.004784529337201526,0.003806662722037668
CODI,Compass Diversified Holdings,2017-01-05,2016-12-14,2017-01-03,6,6,Bottiglieri James; Burns Gordon M; Day C Sean; Edwards Harold S; Ewing D Eugene; Sabo Elias,1303971,18.066666666666663,2016-12-14,2017-01-03,2016-12-16 18:14:35,2017-01-05 16:32:55,526651776.0,-0.0027804489261310517,-0.013591672481874428,-0.1018723453731134,-0.1187238597860506
CODI,Compass Diversified Holdings,2017-03-23,2017-03-10,2017-03-21,3,3,Ewing D Eugene; Offenberg Alan B; Sabo Elias,3380663,16.593333333333334,2017-03-10,2017-03-21,2017-03-14 16:49:20,2017-03-23 16:06:57,526651776.0,0.011023237207370418,0.0006510182838963541,-0.0015649633752929937,0.013033742154104244
CODI,Compass Diversified Holdings,2018-01-05,2018-01-03,2018-01-03,6,6,Bottiglieri James; Burns Gordon M; Day C Sean; Edwards Harold S; Ewing D Eugene; McCoy Sarah Gaines,504654,17.24,2018-01-03,2018-01-03,2018-01-05 16:08:41,2018-01-05 16:15:30,526651776.0,-0.01705140658827975,-0.026081154916506755,-0.04186741717690212,-0.016888779442738477
CODI,Compass Diversified Holdings,2018-05-18,2018-05-07,2018-05-16,3,5,Anholt Investments Ltd.; Ewing D Eugene; Sabo Elias,6450856,18.851999999999997,2018-05-07,2018-05-16,2018-05-09 15:59:02,2018-05-18 16:04:19,526651776.0,0.0014934510178374882,0.08065385364491529,0.10645320269434366,0.1179154306934953
CODI,Compass Diversified Holdings,2018-11-20,2018-11-05,2018-11-20,3,3,Bottiglieri James; Edwards Harold S; Sabo Elias,855015,15.01,2018-11-05,2018-11-20,2018-11-06 16:26:33,2018-11-20 16:52:49,526651776.0,0.02111010373865796,-0.009128028706243851,0.0029150435613597425,0.05033450249497884
CODI,Compass Diversified Holdings,2020-03-20,2020-03-11,2020-03-18,4,8,Anholt Investments Ltd.; Burns Gordon M; Faulkingham Ryan J; Maciariello Patrick A,6411959,15.6075,2020-03-11,2020-03-18,2020-03-11 13:16:06,2020-03-20 16:42:59,526651776.0,0.015973287464596808,0.02345990074856985,0.3503848256951325,0.150366134586281
CODI,Compass Diversified Holdings,2021-01-05,2020-12-08,2021-01-04,7,8,Bottiglieri James; Burns Gordon M; Day C Sean; Edwards Harold S; Enterline Larry L; Ewing D Eugene; McCoy Sarah Gaines,817727,20.3,2020-12-08,2021-01-04,2020-12-08 16:43:58,2021-01-05 16:46:08,526651776.0,0.04779239293017157,0.08302079906623261,0.15792599224803938,0.135398418704483
CODI,Compass Diversified Holdings,2023-01-05,2023-01-03,2023-01-03,8,8,Bhathal Alexander S.; Bottiglieri James; Burns Gordon M; Day C Sean; Edwards Harold S; Enterline Larry L; McCoy Sarah Gaines; Shaffer Teri,843707,19.13,2023-01-03,2023-01-03,2023-01-05 16:19:12,2023-01-05 16:34:28,526651776.0,0.00720303930592836,0.08691158531662113,0.11069520617830308,-0.06524165819332306
CODI,Compass Diversified Holdings,2023-10-10,2023-09-06,2023-10-05,3,4,Anholt Investments Ltd.; Faulkingham Ryan J; Maciariello Patrick A,1272875,18.785000000000004,2023-09-06,2023-10-05,2023-09-08 16:48:10,2023-10-10 18:02:20,526651776.0,0.005919941294743936,0.009335690109290917,0.0643313049409957,0.13253967141866396
CODI,Compass Diversified Holdings,2024-02-01,2024-01-18,2024-01-31,11,11,Bhathal Alexander S.; Bottiglieri James; Burns Gordon M; Edwards Harold S; Enterline Larry L; Faulkingham Ryan J; Locke Simon Heidi; Maciariello Patrick A; Mahon Nancy; Sabo Elias; Shaffer Teri,3387438,21.64181818181818,2024-01-18,2024-01-31,2024-01-19 16:00:08,2024-02-01 17:09:20,526651776.0,-0.016510271230486984,-0.03559630680888293,0.007454589192775751,-0.02813397560651021
CODI,Compass Diversified Holdings,2024-06-13,2024-05-28,2024-06-13,6,6,Bhathal Alexander S.; Burns Gordon M; Enterline Larry L; Faulkingham Ryan J; Mahon Nancy; Shaffer Teri,962749,22.415000000000003,2024-05-28,2024-06-13,2024-05-29 16:00:03,2024-06-13 16:29:02,526651776.0,-0.0371208056521779,-0.06233864494804553,0.026593546081636443,-0.11855325431873875
CODI,Compass Diversified Holdings,2024-09-23,2024-09-11,2024-09-20,3,4,Keller Stephen; Locke Simon Heidi; Maciariello Patrick A,718553,21.015,2024-09-11,2024-09-20,2024-09-12 16:01:03,2024-09-23 16:13:20,526651776.0,0.011306966542170782,0.015315049802721914,-0.017335749850308946,0.05740427175620266
COFS,Choiceone Financial Services Inc,2021-05-10,2021-04-27,2021-05-07,3,3,Greenland Adom; Johnson Paul L; Potes Kelly,57288,24.406666666666663,2021-04-27,2021-05-07,2021-04-29 10:42:20,2021-05-10 13:33:07,444702496.0,0.009146413012971144,0.050407471640279033,-0.027798698006672118,-0.05987245890275095
COFS,Choiceone Financial Services Inc,2022-12-05,2022-10-31,2022-11-30,4,4,Burrough Eric E; Essex Bruce John Jr; Hendon Jack; McConnell Gregory A,458935,22.4425,2022-10-31,2022-11-30,2022-11-16 09:31:04,2022-12-05 16:50:14,444702496.0,0.03255883749111488,0.07631457751201498,0.19992508284478494,0.20339073200541324
COFS,Choiceone Financial Services Inc,2023-05-22,2023-05-04,2023-05-19,4,4,Essex Bruce John Jr; Greenland Adom; Hendon Jack; McGinnis Bradley F.,230420,21.61,2023-05-04,2023-05-19,2023-05-05 16:36:24,2023-05-22 12:50:52,444702496.0,0.004607301298694577,-0.0142429217669513,0.01994528792782413,0.11596428615828569
COFS,Choiceone Financial Services Inc,2023-11-13,2023-11-02,2023-11-09,5,6,Armock Greg L.; Burke Michael J Jr; Coulter Curt E; Essex Bruce John Jr; McConnell Gregory A,251956,20.69666666666667,2023-11-02,2023-11-09,2023-11-03 14:31:35,2023-11-13 12:06:28,444702496.0,0.08742198496274733,0.09630952977086871,0.3342645725953579,0.04995179750303547
COFS,Choiceone Financial Services Inc,2024-08-13,2024-07-25,2024-08-09,11,13,Armock Greg L.; Brophy Keith D.; Burke Michael J Jr; Burns Harold J; Burrough Eric E; Essex Bruce John Jr; Greenland Adom; Hendon Jack; McConnell Gregory A; Potes Kelly; Wendling Michelle M,1379075,25.44076923076923,2024-07-25,2024-08-09,2024-07-29 13:32:48,2024-08-13 10:01:09,444702496.0,-0.013261242300184994,-0.005957356641812739,0.08479946227294066,0.24863261162818162
COLB,Columbia Banking System Inc,2018-01-08,2018-01-08,2018-01-08,4,4,Baruffi Kumi Yamamoto; Lawson David C; McDonald Andy; Stein Clint,15971,36.63,2018-01-08,2018-01-08,2018-01-08 16:24:16,2018-01-08 16:25:07,8578789376.0,0.003593915623405941,0.01800421980412592,-0.018488938863565396,0.002389941507935367
COLB,"Columbia Banking System, Inc.",2019-07-03,2019-07-01,2019-07-01,3,3,Baruffi Kumi Yamamoto; Lawson David C; Stein Clint,18722,32.56,2019-07-01,2019-07-01,2019-07-03 13:42:57,2019-07-03 13:43:33,8578789376.0,0.017719307516994798,0.0008929288227901289,-0.012301227165466111,0.043091622466319146
COLB,"Columbia Banking System, Inc.",2020-07-06,2020-07-02,2020-07-02,3,3,Baruffi Kumi Yamamoto; Lawson David C; Stein Clint,20587,25.51,2020-07-02,2020-07-02,2020-07-06 13:35:47,2020-07-06 14:13:16,8578789376.0,-0.015793285679959634,0.028234868947635938,0.05457326720721323,-0.17891600932772822
COLB,"Columbia Banking System, Inc.",2021-01-08,2021-01-07,2021-01-07,3,3,Baruffi Kumi Yamamoto; Lawson David C; Stein Clint,12872,24.06,2021-01-07,2021-01-07,2021-01-08 15:18:29,2021-01-08 15:19:04,8578789376.0,0.020503864604919486,0.05179753710543156,0.14379208818915812,0.00019658473181949354
COLB,"Columbia Banking System, Inc.",2022-07-01,2022-06-10,2022-06-30,4,4,Baruffi Kumi Yamamoto; Deer Aaron James; Eerkes Craig D; Lawson David C,86095,26.472499999999997,2022-06-10,2022-06-30,2022-06-13 16:54:40,2022-07-01 17:55:15,8578789376.0,0.0067123849761183685,-0.0013992139207166243,0.0015153881092069277,0.06396100362719648
COLB,"Columbia Banking System, Inc.",2024-02-07,2024-01-29,2024-02-06,13,13,Deer Aaron James; Eerkes Craig D; Farnsworth Ron L; Finkelstein Mark A; Forrest Eric; Lund Randal Lee; Machuca Luis; Merrywell Christopher; Nixon Torran B; Numata S Mae Fujita; Schultz John F; Seaton Elizabeth Whitehead; Stein Clint,1083290,20.38384615384615,2024-01-29,2024-02-06,2024-01-30 15:12:13,2024-02-07 18:21:01,8578789376.0,0.001978613583578648,-0.005524393798616911,-0.03483293992295078,0.06912648549388267
COLD,Americold Realty Trust,2018-04-02,2018-01-19,2018-01-23,5,5,"Goldman Sachs Group Inc; Gross Bradley J.; Gs Advisors Vi, L.L.C.; Heistand James R; Patterson Mark R",7125000,16.839999999999996,2018-01-19,2018-01-23,2018-01-25 21:34:36,2018-04-02 21:01:09,3623812608.0,-0.01349284831216857,0.00712191370683124,0.08528623627317455,0.15088499252029575
COLL,"Collegium Pharmaceutical, Inc",2015-05-14,2015-05-12,2015-05-12,7,7,"Frazier Healthcare Vi, L.P.; Freund John Gordon; Heron Patrick J; Hirsch David; Longitude Capital Partners, LLC; Skyline Venture Partners V LP; Tpg Group Holdings (Sbs) Advisors, Inc.",13200000,12.0,2015-05-12,2015-05-12,2015-05-13 16:31:47,2015-05-14 16:25:51,1264123008.0,0.16734532329659424,0.24003410578011009,0.3945834968236026,0.3600519646196094
COMM,"Commscope Holding Company, Inc.",2018-05-16,2018-05-04,2018-05-14,9,9,Adams Austin A; Granow Robert W; Karlsson Peter U; Kurk Morgan C S; Maguire Joanne M; Mingle Robyn T; Pease Alexander W; Wyatt Frank B II; Yates Timothy T,1337575,28.96111111111111,2018-05-04,2018-05-14,2018-05-07 16:41:23,2018-05-16 16:12:01,4337923584.0,0.022986009579136102,-0.013126170794268477,-0.014317910233973996,0.030878920510927887
COMM,"Commscope Holding Company, Inc.",2018-11-16,2018-11-12,2018-11-15,6,6,Clark Brooke B.; Granow Robert W; Mingle Robyn T; Pease Alexander W; Watts Claudius E. IV; Wyatt Frank B II,1583393,19.035,2018-11-12,2018-11-15,2018-11-13 16:09:41,2018-11-16 16:10:31,4337923584.0,-0.019206364152361433,-0.017608072424739607,-0.004654946835426332,0.18644580851298032
COMM,"Commscope Holding Company, Inc.",2020-03-16,2020-03-12,2020-03-13,3,3,Edwards Marvin S Jr; Watts Claudius E. IV; Wyatt Frank B II,588243,6.916666666666667,2020-03-12,2020-03-13,2020-03-12 16:23:45,2020-03-16 18:09:34,4337923584.0,-0.012271305132278698,0.204806582507996,0.4890804568214022,0.2863490494025729
COMM,"Commscope Holding Company, Inc.",2021-08-17,2021-08-13,2021-08-13,3,3,Choi Justin C; Treadway Charles L.; Watts Claudius E. IV,1739842,15.123333333333331,2021-08-13,2021-08-13,2021-08-17 16:38:36,2021-08-17 16:51:36,4337923584.0,0.02354688606370703,0.07526109058644459,-0.04580331749498856,-0.4001931677277616
COMM,"Commscope Holding Company, Inc.",2021-11-22,2021-11-08,2021-11-18,3,4,Choi Justin C; Lorentzen Kyle David; Watts Claudius E. IV,1373435,9.78,2021-11-08,2021-11-18,2021-11-09 16:09:04,2021-11-22 20:48:11,4337923584.0,0.10066643090088256,0.05735452556112386,0.15873519192596652,0.07907182008087121
COMM,"Commscope Holding Company, Inc.",2022-03-15,2022-02-23,2022-03-11,6,7,Choi Justin C; Drendel Frank M; Roman Derrick A.; Treadway Charles L.; Watts Claudius E. IV; Yates Timothy T,1174623,8.295714285714286,2022-02-23,2022-03-11,2022-02-25 16:02:27,2022-03-15 16:07:57,4337923584.0,0.08651838017878632,0.13006269708939877,-0.13774754618416052,0.2134488762221366
COMM,"Commscope Holding Company, Inc.",2022-06-07,2022-05-11,2022-06-03,4,4,Firouzbakht Farid; Lorentzen Kyle David; Maguire Joanne M; Treadway Charles L.,722507,7.8225,2022-05-11,2022-06-03,2022-05-12 15:02:24,2022-06-07 16:02:54,4337923584.0,0.017797016450565417,-0.09783219513687036,-0.08632998183833773,0.44113831063446163
COMM,"Commscope Holding Company, Inc.",2022-09-06,2022-08-09,2022-09-02,4,4,Carlson John R.; Lorentzen Kyle David; Treadway Charles L.; Watts Claudius E. IV,984260,10.845,2022-08-09,2022-09-02,2022-08-11 21:13:57,2022-09-06 16:05:15,4337923584.0,-0.04328083458765597,-0.07075062926707976,0.0034391666024093936,-0.34386961008938155
COO,"Cooper Companies, Inc.",2020-07-08,2020-06-11,2020-07-08,3,4,Ricupati Agostino; Sheffield Holly R; White Albert G III,1057922,280.75,2020-06-11,2020-07-08,2020-06-15 16:39:38,2020-07-08 16:58:07,16574700544.0,0.024552543572934127,0.02593553092281753,0.007712413784966454,0.1219006198364172
COP,Conocophillips,2016-08-15,2016-08-01,2016-08-11,3,3,Copeland James E Jr; Desanctis Ellen; Murti Arjun N,957430,39.98666666666667,2016-08-01,2016-08-11,2016-08-02 16:31:59,2016-08-15 17:28:05,144871636992.0,0.03830501009518128,0.030136249956307593,-0.03865004487073331,0.0927085221468309
CORZ,"Core Scientific, Inc./Tx",2024-09-16,2024-08-20,2024-09-13,3,9,Levy Jordan; Patten Jarrod M; Weiss Eric Stanton,784038,9.896666666666668,2024-08-20,2024-09-13,2024-08-22 16:21:01,2024-09-16 19:20:51,4743938048.0,0.02494742730762667,0.10043468676307699,0.23346817401855136,0.33558022675179155
COTY,Coty Inc.,2017-03-07,2017-02-10,2017-03-03,4,4,Froidefond Sebastien; Jab Cosmetics B.V.; McMullen Greerson Greene; Pane Camillo,78665936,18.775,2017-02-10,2017-03-03,2017-02-14 17:42:17,2017-03-07 16:16:27,2156015616.0,-0.005198691662365307,0.0034078094527282277,-0.035965604168179954,-0.0007630044851210105
COTY,Coty Inc.,2017-06-28,2017-05-23,2017-06-16,5,8,Froidefond Sebastien; Harf Peter; Huber Edgar O.; Kleitman Laurent; McMullen Greerson Greene,4095752,19.01,2017-05-23,2017-06-16,2017-05-25 18:11:57,2017-06-28 18:02:48,2156015616.0,0.0041679876859892495,0.0016381149307663767,0.023937329401096274,-0.17405866696758643
COTY,Coty Inc.,2017-09-14,2017-08-24,2017-09-12,9,10,Froidefond Sebastien; Huber Edgar O.; Jab Cosmetics B.V.; Kleitman Laurent; McMullen Greerson Greene; Moreau Sylvie; Pane Camillo; Singer Robert S; Zafar Ayesha,49614402,16.554000000000002,2017-08-24,2017-09-12,2017-08-28 16:17:25,2017-09-14 16:45:29,2156015616.0,-0.019080713977925434,-0.06997157810462784,-0.1392615521647108,-0.023477578592353776
COTY,Coty Inc.,2018-11-20,2018-11-14,2018-11-19,3,4,Jab Cosmetics B.V.; Laubies Pierre; Singer Robert S,93715620,8.7275,2018-11-14,2018-11-19,2018-11-16 16:46:59,2018-11-20 18:28:41,2156015616.0,-0.02636803941154675,-0.08921616604499782,-0.11339641462029926,0.19608541746116193
COTY,Coty Inc.,2019-05-31,2019-04-30,2019-05-29,7,10,Cottage Holdco B.V.; Goudet Olivier; Harf Peter; Laubies Pierre; Pieraccioni Giovanni; Terisse Pierre-Andre; Volatier Luc,1839988920,12.098,2019-04-30,2019-05-29,2019-05-01 16:53:33,2019-05-31 18:18:15,2156015616.0,0.016779370789583026,0.055102234071603196,-0.19067218619964754,-0.33432266696942103
COTY,Coty Inc.,2019-09-09,2019-08-30,2019-09-05,5,5,Goudet Olivier; Harf Peter; Hughes Fiona; Laubies Pierre; Singer Robert S,15341249,9.536,2019-08-30,2019-09-05,2019-09-04 18:44:41,2019-09-09 16:46:23,2156015616.0,0.05561944440573896,0.07575469270698365,0.1345513758852308,0.1262788130984247
COTY,Coty Inc.,2020-12-11,2020-11-19,2020-12-09,5,10,Goudet Olivier; Huth Johannes P; Parize Isabelle; Singer Robert S; Von Bayern Anna,7196040,6.786,2020-11-19,2020-12-09,2020-11-23 18:23:38,2020-12-11 17:14:11,2156015616.0,-0.0602741851771349,-0.030607122019790434,-0.061759360906107674,0.16358164723702284
COTY,Coty Inc.,2022-03-14,2022-03-08,2022-03-10,3,3,Ballini Beatrice; Nabi Sue; Von Bretten Gordon,2883256,7.986666666666667,2022-03-08,2022-03-10,2022-03-10 18:21:26,2022-03-14 20:06:48,2156015616.0,0.01592935125897421,0.020426322211125614,-0.016768942054524172,-0.10499385095967673
COTY,Coty Inc.,2023-10-10,2023-09-28,2023-10-09,3,4,Aramburuzabala Maria Asunicion; Jab Holdings B.V.; Parize Isabelle,38061083,10.5975,2023-09-28,2023-10-09,2023-10-02 16:29:38,2023-10-10 16:23:44,2156015616.0,-0.06280857154545572,-0.05829412154303126,-0.011283045903210276,0.013476424702211443
CPF,Central Pacific Financial Corp,2016-08-04,2016-08-03,2016-08-03,6,6,Camp Christine H H; Fry Earl E; Kamitaki Wayne K; Matsumoto Colbert M; Ota Saedene K; Rose Crystal,437362,24.565,2016-08-03,2016-08-03,2016-08-04 18:32:05,2016-08-04 20:38:19,856213184.0,0.01795102482626043,-0.0004635681233655653,0.029888250172129927,0.046821233891965686
CPF,Central Pacific Financial Corp,2017-06-14,2017-06-13,2017-06-13,5,5,Camp Christine H H; Fry Earl E; Kamitaki Wayne K; Ota Saedene K; Rose Crystal,340722,32.08,2017-06-13,2017-06-13,2017-06-14 16:39:20,2017-06-14 17:04:10,856213184.0,0.010354765857130799,-0.03288143575946134,-0.05439512280379599,-0.13238932129243008
CPF,Central Pacific Financial Corp,2018-06-19,2018-06-19,2018-06-19,6,6,Camp Christine H H; Fry Earl E; Kamitaki Wayne K; Ota Saedene K; Rose Crystal; Yonamine Paul K,420180,29.8,2018-06-19,2018-06-19,2018-06-19 21:18:33,2018-06-19 21:52:25,856213184.0,0.01816909799285693,0.02782878100682673,-0.069113671153894,-0.10331524558621963
CPF,Central Pacific Financial Corp,2019-06-11,2019-06-07,2019-06-07,7,7,Camp Christine H H; Fry Earl E; Kamitaki Wayne K; Kurisu Duane K; Matsumoto Colbert M; Ota Saedene K; Rose Crystal,415100,28.430000000000003,2019-06-07,2019-06-07,2019-06-11 18:56:02,2019-06-11 19:11:25,856213184.0,0.00376095188143144,-0.0055546881279389115,-0.007174624889822789,-0.046339640414633676
CPF,Central Pacific Financial Corp,2020-06-15,2020-06-11,2020-06-11,5,5,Camp Christine H H; Fry Earl E; Kamitaki Wayne K; Ota Saedene K; Rose Crystal,153482,17.44,2020-06-11,2020-06-11,2020-06-15 14:42:46,2020-06-15 14:50:34,856213184.0,0.0076987814979248,-0.07457771573716998,-0.18651738865691603,-0.2061396874525635
CPF,Central Pacific Financial Corp,2021-06-01,2021-05-28,2021-05-28,4,4,Camp Christine H H; Kamitaki Wayne K; Ota Saedene K; Rose Crystal,190397,27.59,2021-05-28,2021-05-28,2021-06-01 15:21:20,2021-06-01 15:25:12,856213184.0,0.013383970619291086,0.026424590857247576,-0.14734272272789084,-0.14656934093082297
CPK,Chesapeake Utilities Corp,2016-03-08,2016-03-03,2016-03-07,3,3,Bittner Elaine B.; Cooper Beth W; Hill Thomas P Jr,58399,59.04,2016-03-03,2016-03-07,2016-03-07 16:19:20,2016-03-08 13:30:48,3243927808.0,0.026806920386917232,-0.009237275040120063,-0.05083296419850836,-0.08094361744559986
CPS,Cooper-Standard Holdings Inc.,2018-12-10,2018-11-05,2018-11-07,3,3,Edwards Jeffrey S; Sepahban Sonya F.; Simoncini Matthew,1386809,73.02666666666667,2018-11-05,2018-11-07,2018-11-07 15:18:22,2018-12-10 13:51:24,629641280.0,-0.026253330884297488,-0.026044816759190792,0.09104927290560338,-0.21063938817469485
CPS,Cooper-Standard Holdings Inc.,2022-03-15,2022-02-23,2022-03-15,4,5,Edwards Jeffrey S; Ott Larry; Van Oss Stephen A; Venkatasubramanian Somasundhar,731321,10.338,2022-02-23,2022-03-15,2022-02-24 17:03:49,2022-03-15 15:31:44,629641280.0,0.19064178822980105,0.12380273537779107,-0.3278620749199187,-0.2967030910374462
CQP,"Cheniere Energy Partners, L.P.",2018-01-02,2017-12-20,2017-12-28,4,10,Blackstone Cqp Common Holdco L.P.; Blackstone Group L.P.; Gso Holdings I LLC; Welch Jamie,79907993,28.726999999999997,2017-12-20,2017-12-28,2017-12-22 17:16:52,2018-01-02 16:30:45,29996740608.0,-0.007455015012740596,-0.018657635318393373,0.018662199029840565,0.007978228847903002
CQP,"Cheniere Energy Partners, L.P.",2020-03-25,2020-03-10,2020-03-23,3,15,Blackstone Cqp Common Holdco L.P.; Blackstone Group Inc; Gso Holdings I LLC,166927953,24.102000000000007,2020-03-10,2020-03-23,2020-03-12 19:33:54,2020-03-25 16:56:09,29996740608.0,-0.0010523628656537998,0.14266162094258017,0.2923679200777862,0.5303225073363513
CQP,"Cheniere Energy Partners, L.P.",2021-01-06,2020-12-30,2021-01-04,3,6,Blackstone Holdings II L.P.; Blackstone Holdings III L.P.; Bx Rockies Platform Co LLC,12950530,34.623333333333335,2020-12-30,2021-01-04,2020-12-31 21:09:54,2021-01-06 21:29:12,29996740608.0,0.02428107948460445,0.08634486175592992,0.14569079948096753,0.14585390873067428
CQP,"Cheniere Energy Partners, L.P.",2021-10-04,2021-09-22,2021-09-30,3,6,Blackstone Holdings III L.P.; Bx Rockies Platform Co LLC; Cqp Rockies Platform LLC,6072448,40.32,2021-09-22,2021-09-30,2021-09-24 17:02:21,2021-10-04 17:36:14,29996740608.0,0.0021367059760133422,0.03291581467400473,-0.026591600249539216,-0.06327528950370853
CRC,California Resources Corp,2018-03-01,2018-03-01,2018-03-01,3,3,Gannon Justin A.; McMahon Harry T.; Stevens Todd A.,545631,13.963333333333331,2018-03-01,2018-03-01,2018-03-01 14:27:55,2018-03-01 15:41:23,5400692224.0,,,,
CRC,California Resources Corp,2019-05-29,2019-05-28,2019-05-29,4,4,Korell Harold M; McMahon Harry T.; Siegel Laurie; Stevens Todd A.,480372,16.4475,2019-05-28,2019-05-29,2019-05-28 17:32:14,2019-05-29 19:28:21,5400692224.0,,,,
CRC,California Resources Corp,2019-08-15,2019-08-08,2019-08-15,9,9,Kerns Shawn M.; Leon Francisco; Pineci Roy; Poladian Avedick Baruyr; Preston Michael L.; Smith Marshall D; Stevens Todd A.; Weiss Charles F.; Williams Darren,245259,10.071111111111112,2019-08-08,2019-08-15,2019-08-08 19:37:43,2019-08-15 20:54:44,5400692224.0,,,,
CRC,California Resources Corp,2021-06-15,2021-05-17,2021-06-14,4,4,Ares Management LLC; Brooks Douglas E; Cepak Tiffany Thom; Roby William B,4787532,28.0625,2021-05-17,2021-06-14,2021-05-17 18:41:24,2021-06-15 17:01:41,5400692224.0,-0.005611154835194809,-0.014245313918002656,-0.1848467793458094,0.12151300895538131
CRDO,Credo Technology Group Holding Ltd,2022-02-02,2022-01-31,2022-01-31,3,3,Acevedo Sylvia; Khaira Manpreet; Zinsner David,201500,10.0,2022-01-31,2022-01-31,2022-02-02 16:17:44,2022-02-02 16:20:07,17575467008.0,0.015581889724050058,0.13361637907690316,0.12935316593305746,-0.049918385944199506
CRGY,Crescent Energy Co,2022-08-17,2022-08-12,2022-08-16,7,9,Conner Benjamin; Falk Todd; Kendall Brandi; Rockecharlie David C.; Rynd John Clayton; Shi Bo; Simon Karen Jo,1367871,15.985555555555557,2022-08-12,2022-08-16,2022-08-15 20:57:23,2022-08-17 16:21:13,3691017728.0,0.08632921581825104,0.13076900292038185,-0.007384805332840916,-0.04138325890514716
CRGY,Crescent Energy Co,2022-11-22,2022-11-14,2022-11-21,6,9,Conner Benjamin; Falk Todd; Kendall Brandi; Rockecharlie David C.; Rynd John Clayton; Shi Bo,309910,13.85222222222222,2022-11-14,2022-11-21,2022-11-16 20:18:30,2022-11-22 16:58:46,3691017728.0,0.00628149779439835,-0.01358005460998113,-0.19193691994526307,-0.2228699172077635
CRGY,Crescent Energy Co,2023-06-16,2023-06-07,2023-06-14,4,6,Falk Todd; Kendall Brandi; Rockecharlie David C.; Shi Bo,129462,10.203333333333331,2023-06-07,2023-06-14,2023-06-09 17:06:32,2023-06-16 17:09:03,3691017728.0,-0.020324789275699806,-0.014051416703924624,0.08137929392484589,0.18301736898900467
CRGY,Crescent Energy Co,2023-09-15,2023-09-12,2023-09-15,4,5,Falk Todd; Kendall Brandi; Rockecharlie David C.; Rynd John Clayton,164687,12.416,2023-09-12,2023-09-15,2023-09-14 16:30:10,2023-09-15 16:15:40,3691017728.0,0.01791563020293041,-0.023559584344202245,0.08247327805300653,-0.10559360648053984
CRGY,Crescent Energy Co,2023-12-08,2023-11-09,2023-12-06,4,8,Falk Todd; Kendall Brandi; Rockecharlie David C.; Shi Bo,656439,10.91,2023-11-09,2023-12-06,2023-11-13 17:01:09,2023-12-08 17:00:06,3691017728.0,0.004294787952178192,0.0376953449151427,-0.06713750983633837,-0.17802981241264604
CRGY,Crescent Energy Co,2024-09-09,2024-08-08,2024-09-05,5,7,Duginski Michael; Falk Todd; Kendall Brandi; Rockecharlie David C.; Shi Bo,461577,11.012857142857142,2024-08-08,2024-09-05,2024-08-12 16:27:40,2024-09-09 17:09:10,3691017728.0,-0.04734686878117422,-0.04346961444340147,0.06507002969618636,0.3050338109125017
CRK,Comstock Resources Inc,2022-09-23,2022-09-07,2022-09-22,3,5,Allison M Jay; Foster Morris E; Turner Jim L,2695885,18.078,2022-09-07,2022-09-22,2022-09-08 09:42:20,2022-09-23 15:25:22,6071548416.0,-0.1065939591258771,0.000255956364565213,0.011977938832825386,-0.219585612246312
CRK,Comstock Resources Inc,2023-03-24,2023-03-15,2023-03-23,3,3,Burns Roland O; Claunch Brian Christopher; McGough Patrick,450388,10.026666666666667,2023-03-15,2023-03-23,2023-03-15 14:00:26,2023-03-24 14:20:12,6071548416.0,0.06786114350992056,0.042078943591576046,-0.07387134095283343,-0.03578742369902166
CRMD,Cormedix Inc.,2019-04-01,2019-03-26,2019-03-29,3,3,Armstrong Jr. John L.; Baluch Khoso; Cook Robert W.,58460,8.21,2019-03-26,2019-03-29,2019-03-27 16:12:26,2019-04-01 16:49:34,544432320.0,0.10616354672877848,0.01469906943885424,-0.28473807071632173,-0.2184713000256926
CRMD,Cormedix Inc.,2019-08-19,2019-08-16,2019-08-16,3,3,Cook Robert W.; Dillione Janet; Kaplan Myron,106884,8.143333333333333,2019-08-16,2019-08-16,2019-08-16 16:07:16,2019-08-19 16:09:53,544432320.0,0.01790156456957548,-0.04021390108573597,-0.2701946288356706,-0.42488454360795835
CROX,"Crocs, Inc.",2015-11-16,2015-11-10,2015-11-12,3,3,Rees Andrew; Ribatt Gregg; Smach Thomas J,394518,9.823333333333332,2015-11-10,2015-11-12,2015-11-12 19:17:47,2015-11-16 18:57:40,4432558592.0,0.010053917101528143,0.09888922122379995,0.09341588666680356,0.04748237388602028
CROX,"Crocs, Inc.",2022-03-17,2022-02-17,2022-03-16,5,8,Frasch Ronald; Hughes Charisse Ford; Kaplan Beth J; Smach Thomas J; Treff Douglas J,3531255,77.32,2022-02-17,2022-03-16,2022-02-18 17:29:47,2022-03-17 19:03:33,4432558592.0,0.04974646654501669,-0.014620671665696028,-0.0908911704338844,-0.2187591197087534
CROX,"Crocs, Inc.",2022-05-26,2022-05-09,2022-05-25,4,4,Bickley Ian; Hart Daniel P; Mehlman Anne; Smach Thomas J,947061,53.9425,2022-05-09,2022-05-25,2022-05-10 20:39:49,2022-05-26 17:10:18,4432558592.0,0.06096798512209167,0.1654386066587843,0.0946154267867102,0.4142812746714555
CROX,"Crocs, Inc.",2023-08-18,2023-07-28,2023-08-18,3,5,Mehlman Anne; Smach Thomas J; Treff Douglas J,1806864,102.112,2023-07-28,2023-08-18,2023-08-01 18:38:56,2023-08-18 18:12:28,4432558592.0,0.05367757162823805,0.02498151819059502,-0.03250983962955989,-0.1768755536905816
CRS,Carpenter Technology Corp,2020-03-30,2020-03-10,2020-03-26,6,7,Dee James D; Lain Timothy; Ligocki Kathleen; Malloy Brian J; McMaster Robert R; Thene Tony R,548255,20.268571428571427,2020-03-10,2020-03-26,2020-03-11 13:42:32,2020-03-30 11:32:44,19981332480.0,-0.0025180616505837694,-0.01600626715655329,-0.1097007596971531,0.002197948847466158
CRSP,Crispr Therapeutics AG,2017-02-10,2016-10-24,2016-10-24,8,8,"Bolzon Bradley J Phd; Celgene Corp /de/; Emster Kurt Von; George Simeon; Glaxosmithkline Plc; Lundberg Sven Ante; Versant Venture Capital Iv, L.P.; Woiwode Thomas",20615700,14.0,2016-10-24,2016-10-24,2016-10-26 16:15:45,2017-02-10 19:23:00,5572907520.0,0.10222726069205601,0.20312741693279834,0.21659650034524236,0.10396824016537942
CRSR,"Corsair Gaming, Inc.",2022-11-17,2022-11-15,2022-11-15,3,3,"Bagaria Anup; Corsair Group (Cayman), LP; Majoros George L. Jr.",104999994,16.5,2022-11-15,2022-11-15,2022-11-17 16:40:27,2022-11-17 16:42:09,615441664.0,0.03563808228013987,0.004500055611634579,-0.1328762084530427,0.08033004461854953
CRVS,"Corvus Pharmaceuticals, Inc.",2016-03-30,2016-03-29,2016-03-29,5,5,Adams Street Partners LLC; Gould Terry P; Novo A/s; Orbimed Advisors LLC; Thompson Peter A.,32499990,15.0,2016-03-29,2016-03-29,2016-03-29 11:39:22,2016-03-30 13:07:15,1468446976.0,-0.004014639787794927,0.019815040310106502,-0.2661907937427843,-0.1067254134462019
CRVS,"Corvus Pharmaceuticals, Inc.",2016-06-13,2016-05-12,2016-06-09,4,8,Miller Richard A Md; Novo A/s; Orbimed Advisors LLC; Thompson Peter A.,2582715,11.955,2016-05-12,2016-06-09,2016-05-16 17:01:29,2016-06-13 17:23:18,1468446976.0,-0.06594032647355252,0.008540353581201088,0.004924348941438339,0.07828784585562198
CRVS,"Corvus Pharmaceuticals, Inc.",2018-03-14,2018-03-12,2018-03-12,6,6,Adams Street Partners LLC; Gould Terry P; Miller Richard A Md; Novo Holdings A/s; Orbimed Advisors LLC; Thompson Peter A.,30849987,8.5,2018-03-12,2018-03-12,2018-03-12 16:05:45,2018-03-14 14:05:32,1468446976.0,-0.052109808960117854,-0.018812942032886637,-0.044315951947643484,0.20702987200527034
CRWD,"Crowdstrike Holdings, Inc.",2019-06-18,2019-06-14,2019-06-14,3,3,Accel Growth Fund II L.P.; Capitalg LP; Gandhi Sameer K,48960000,34.0,2019-06-14,2019-06-14,2019-06-18 13:58:47,2019-06-18 17:36:11,98676375552.0,0.09023342284639901,-0.13095911970823493,0.23939384778381223,-0.05125669123878773
CSR,Centerspace,2022-06-01,2022-05-05,2022-06-01,4,4,Dance Michael T; Jones-Tyson Rodney; Schissel John A; Twinem Mary J,231186,82.73,2022-05-05,2022-06-01,2022-05-06 16:04:29,2022-06-01 16:50:59,1106100224.0,0.017157473507780185,0.0018512371057386456,0.049208838464134264,-0.058489825748095026
CSTL,Castle Biosciences Inc,2019-07-31,2019-07-29,2019-07-29,5,5,"Aspinall Mara G.; Cook Joseph C. III; Kabakoff David S; Mgc Venture Partners 2013 Gp, LLC; Sofinnova Healthquest Partners, L.P.",12405920,16.0,2019-07-29,2019-07-29,2019-07-31 16:21:20,2019-07-31 21:43:14,804731328.0,-0.018149253589353265,-0.08517770162088378,-0.029953676089284342,-0.2616689377953558
CSV,Carriage Services Inc,2017-05-04,2017-04-28,2017-05-04,3,3,Brink Carl Benjamin; Leibman Bryan; Schenck James Raymond,136440,27.213333333333335,2017-04-28,2017-05-04,2017-05-01 16:27:15,2017-05-04 17:04:14,717508416.0,-0.005482153186804561,-0.012593883904310488,-0.033063122662987054,-0.1434463426874465
CSV,Carriage Services Inc,2018-12-03,2018-11-05,2018-11-30,6,8,Brink Carl Benjamin; Fingerhut Barry K; Leibman Bryan; Meehan Douglas B.; Payne Melvin C; Schenck James Raymond,2714456,16.25375,2018-11-05,2018-11-30,2018-11-07 16:22:14,2018-12-03 17:30:48,717508416.0,-0.011513153214452121,-0.015719560135878052,0.1707474139701889,0.2406576581474249
CSV,Carriage Services Inc,2020-03-31,2020-03-13,2020-03-27,6,7,Blinderman Viki K; Loeffel Michael; Metzger Steven D; Olaniyan Adeola; Patteson Donald Douglas Jr; Schenck James Raymond,156332,15.400000000000002,2020-03-13,2020-03-27,2020-03-17 17:57:03,2020-03-31 18:45:21,717508416.0,-0.020924760595389502,-0.15139305582836282,-0.2253743250798379,-0.12020826044993815
CSV,Carriage Services Inc,2021-01-04,2020-12-09,2020-12-30,3,3,Payne Melvin C; Phillips Shawn R; Schenck James Raymond,917160,30.7,2020-12-09,2020-12-30,2020-12-09 17:55:23,2021-01-04 16:25:46,717508416.0,0.02246541568302296,0.04460628231978281,0.06446727984931955,0.06326505345393119
CSV,Carriage Services Inc,2021-03-23,2021-02-24,2021-03-23,6,6,Fingerhut Barry K; Manceaux Christopher; Metzger Steven D; Phillips Shawn R; Quezada Carlos R.; Schappaugh Peggy,244447,34.818333333333335,2021-02-24,2021-03-23,2021-03-02 21:04:00,2021-03-23 16:52:00,717508416.0,-0.03906917811540778,-0.044848910858054536,-0.002357798626784424,-0.04123678033141709
CSV,Carriage Services Inc,2022-09-01,2022-08-04,2022-08-30,3,3,Patteson Donald Douglas Jr; Phillips Shawn R; Quezada Carlos R.,130457,35.71666666666667,2022-08-04,2022-08-30,2022-08-04 18:44:23,2022-09-01 17:19:09,717508416.0,0.015064600831223851,-0.027768573907376526,-0.03493300163240187,-0.32661307361161207
CSV,Carriage Services Inc,2023-01-03,2022-12-14,2022-12-30,4,4,Brink Carl Benjamin; Metzger Steven D; Patteson Donald Douglas Jr; Quezada Carlos R.,208160,26.3675,2022-12-14,2022-12-30,2022-12-15 16:20:55,2023-01-03 17:00:30,717508416.0,0.054256346028294544,0.07636496709122964,0.1669166126442938,0.021066454466803552
CSX,Csx Corp,2020-11-06,2020-07-01,2020-07-01,3,3,Boone Kevin S.; Foote James M; Wallace Mark Kenneth,56316,59.28,2020-07-01,2020-07-01,2020-10-02 17:07:47,2020-11-06 16:38:44,79328690176.0,0.0011095461075334434,0.018578681818869125,-0.021307982638451683,-0.08850058486097367
CTBI,Community Trust Bancorp Inc /ky/,2023-08-04,2023-03-13,2023-04-04,4,5,Baird Charles J; Minnifield Franky; Sparkman Ricky D; Stumbo Kevin J,202528,37.246,2023-03-13,2023-04-04,2023-03-13 13:18:31,2023-08-04 15:01:12,1111950720.0,0.01429995075646473,0.0019777956278157482,-0.09859423068927209,0.038928220275958436
CTBI,Community Trust Bancorp Inc /ky/,2024-07-23,2024-01-02,2024-01-25,12,26,Dollins Billie J.; Draughn James B; Gooch Mark A; Hancock Charles Wayne II; Jones David Andrew; Minnifield Franky; Newsom Richard W; Smith Mark Edward; Sparkman Ricky D; Stumbo Kevin J; Tackett David I; Waters Andy D,953358,41.38769230769231,2024-01-02,2024-01-25,2024-01-25 10:49:17,2024-07-23 11:47:50,1111950720.0,0.033006340627079966,0.048838667431218896,-0.012952638566791852,0.006163316963833321
CTGO,"Contango Ore, Inc.",2024-12-16,2024-12-05,2024-12-13,3,6,Compofelice Joseph S; Juneau John B; Van Nieuwenhuyse Rick,528083,12.14,2024-12-05,2024-12-13,2024-12-05 17:41:43,2024-12-16 12:00:03,477557280.0,-0.020254915323342004,-0.08641922327277518,,
CTLP,"Cantaloupe, Inc.",2024-10-01,2024-09-13,2024-09-27,3,3,Baird Lisa P.; Bergeron Douglas; Venkatesan Ravi,2195755,7.039999999999999,2024-09-13,2024-09-27,2024-09-16 21:14:28,2024-10-01 18:12:57,766689984.0,0.06664817403231849,0.08616335581581169,0.2015612952531709,0.2673225700486517
CTMX,"Cytomx Therapeutics, Inc.",2015-10-16,2015-10-14,2015-10-14,4,4,Flynn James E; Gluck Frederick W; Kavanaugh William Michael; Ladd Cynthia J,7776000,12.0,2015-10-14,2015-10-14,2015-10-14 12:34:14,2015-10-16 10:19:21,814984256.0,-0.18431476751131626,-0.2917638333620277,0.4217691697209749,0.14749407983002072
CTO,Consolidated Tomoka Land Co,2015-06-17,2015-06-10,2015-06-15,4,4,Fuqua Jeffry B; Skinner A. Chester III; Smith Daniel Earl; Warlow Thomas P. III,150541,55.94,2015-06-10,2015-06-15,2015-06-12 14:03:00,2015-06-17 09:44:41,639470272.0,0.013332815334402115,0.04163620798086387,0.021707415527959073,-0.020323741272891938
CTO,Consolidated Tomoka Land Co,2015-09-16,2015-08-24,2015-09-15,3,4,Olivari William L.; Patten Mark E; Smith Daniel Earl,68005,52.2025,2015-08-24,2015-09-15,2015-08-24 18:33:48,2015-09-16 09:34:01,639470272.0,0.0012767862819555997,-0.005913428632201234,-0.08097482007654788,-0.02794907652196854
CTO,Consolidated Tomoka Land Co,2017-03-16,2017-03-09,2017-03-15,3,3,Franklin Laura M; Olivari William L.; Smith Daniel Earl,59214,51.376666666666665,2017-03-09,2017-03-15,2017-03-09 18:40:31,2017-03-16 10:19:14,639470272.0,0.023006514805954725,0.015171852550731502,0.045208056167126864,0.051587423052572134
CTO,Consolidated Tomoka Land Co,2019-03-07,2019-02-19,2019-03-07,3,6,Brokaw George R; Gable Robert Blakeslee; Greathouse Steven Robert,107054,59.99333333333333,2019-02-19,2019-03-07,2019-02-21 10:14:10,2019-03-07 11:38:05,639470272.0,0.002734144935912286,-0.03411480247931631,0.0027665581567712927,0.022358686385924642
CTO,Consolidated Tomoka Land Co,2019-12-13,2019-12-05,2019-12-12,3,3,Brokaw George R; Greathouse Steven Robert; Smith Daniel Earl,30395,62.370000000000005,2019-12-05,2019-12-12,2019-12-06 17:21:46,2019-12-13 16:30:20,639470272.0,-0.017404564317015092,-0.06533954889622251,0.00858052168265977,-0.0142769838536706
CTO,"Cto Realty Growth, Inc.",2021-08-23,2021-08-12,2021-08-19,4,4,Brokaw George R; Franklin Laura M; Haga Christopher W; Partridge Matthew Morris,243765,54.025,2021-08-12,2021-08-19,2021-08-16 06:55:19,2021-08-23 07:00:23,639470272.0,-0.011874674672785024,0.0021461065597316864,0.03205516693491095,0.013336746452173642
CTO,"Cto Realty Growth, Inc.",2023-03-14,2023-03-01,2023-03-10,4,6,Albright John P; Greathouse Steven Robert; Partridge Matthew Morris; Smith Daniel Earl,281760,16.918333333333333,2023-03-01,2023-03-10,2023-03-01 16:30:17,2023-03-14 16:15:20,639470272.0,0.013284403855562399,-0.002692784032218176,-0.023679309708761087,-0.05022494071844963
CTOS,"Custom Truck One Source, Inc.",2021-04-05,2021-04-01,2021-04-01,10,10,"Bader Paul; Carlsen James; Ein Mark; Haubenreich Adam P.; Heinberg Marshall; McMonagle Ryan; Meader Brad; Nelson Georgia R; Pe One Source Holdings, LLC; Platinum Equity LLC",1493100000,5.0,2021-04-01,2021-04-01,2021-04-05 16:58:20,2021-04-05 20:23:39,1585917056.0,0.00014968928658531944,0.023804029857420694,0.0044930959591718,-0.05400216505459232
CTOS,"Custom Truck One Source, Inc.",2022-05-18,2022-05-13,2022-05-16,3,4,Barrett Raymond Todd; Ein Mark; Heinberg Marshall,2624967,5.762499999999999,2022-05-13,2022-05-16,2022-05-16 16:31:30,2022-05-18 20:35:39,1585917056.0,-0.03983218308932446,-0.06074045202505818,-0.14355004966493,0.09108862770274873
CTRI,"Centuri Holdings, Inc.",2024-04-22,2024-04-22,2024-04-22,8,8,Dill Julie; Fehrman William; Haller Karen S; Izenstark Gregory A.; Krummel Christopher A; Mariucci Anne L; Patton Charles R.; Wilcock Jason S.,2880150,21.0,2024-04-22,2024-04-22,2024-04-22 16:48:46,2024-04-22 16:55:36,2974436352.0,0.006372397281226849,0.014167620914851575,0.024748385867983336,-0.2529189730202803
CTRN,Citi Trends Inc,2021-12-23,2021-12-15,2021-12-20,3,3,Francis Christina M; Makuen David N.; Seipel Kenneth Duane,307284,71.57333333333334,2021-12-15,2021-12-20,2021-12-16 12:42:06,2021-12-23 15:48:51,387887680.0,0.032402923090879554,0.25900502131868985,-0.3618860740097095,-0.4932067150188997
CTRN,Citi Trends Inc,2024-09-11,2024-08-27,2024-09-10,4,4,"Fund 1 Investments, LLC; Heath David A; Plutino Heather L; Seipel Kenneth Duane",455336,14.695,2024-08-27,2024-09-10,2024-08-29 18:56:06,2024-09-11 17:02:12,387887680.0,0.08484739817145992,0.19538079172013068,0.2822262579557908,0.6296848152381582
CTVA,"Corteva, Inc.",2019-11-19,2019-11-04,2019-11-19,5,5,Collins James C. Jr.; Friedman Gregory R; Fuerer Cornel B; Gajaria Rajan; Glenn Timothy P,598360,26.054,2019-11-04,2019-11-19,2019-11-06 17:34:58,2019-11-19 13:13:46,53335523328.0,-0.01561681620126476,0.009097022915621089,0.08184775682358159,0.1540614048095077
CTVA,"Corteva, Inc.",2020-08-12,2020-08-10,2020-08-10,3,3,Fuerer Cornel B; Gajaria Rajan; Page Gregory R,227172,25.17,2020-08-10,2020-08-10,2020-08-12 16:49:39,2020-08-12 16:55:37,53335523328.0,-0.0018995490970374895,0.05844151163426825,0.060907127320403376,0.21702816426108784
CTVA,"Corteva, Inc.",2021-01-19,2020-05-13,2020-05-15,5,5,Friedman Gregory R; Fuerer Cornel B; Gajaria Rajan; Glenn Timothy P; Thomas Lee M,506091,23.08,2020-05-13,2020-05-15,2020-05-19 16:46:41,2021-01-19 18:11:54,53335523328.0,-0.023856671436559562,-0.11913340044612397,0.02409642968717418,-0.021252467778603013
CTVA,"Corteva, Inc.",2023-11-29,2023-11-13,2023-11-28,4,4,Eathington Samuel R; Fuerer Cornel B; Glenn Timothy P; King Robert D.,279471,45.56,2023-11-13,2023-11-28,2023-11-15 16:51:51,2023-11-29 16:36:22,53335523328.0,-0.006318954845245028,-0.025872518758861873,-0.03507499605485154,0.09710316957747911
CUB,Cubic Corp /de/,2016-03-01,2016-02-08,2016-02-29,9,12,Blakley Bruce G; Cole Matthew James; Edwards James R; Feldmann Bradley H; Hamby Janice M.; Harrison Mark; Thomas John D; Toti William J; Warner John H Jr,666061,32.274166666666666,2016-02-08,2016-02-29,2016-02-09 17:17:33,2016-03-01 18:25:20,328746688.0,,,,
CUB,Cubic Corp /de/,2019-06-11,2019-05-08,2019-06-07,6,7,Aga Anshooman; Edwards James R; Feldmann Bradley H; Guiles Edwin A; Harrison Mark; Warner John H Jr,593842,59.76142857142857,2019-05-08,2019-06-07,2019-05-10 15:22:20,2019-06-11 16:18:18,328746688.0,,,,
CUB,Cubic Corp /de/,2019-12-06,2019-11-27,2019-12-05,7,7,Aga Anshooman; Breakiron-Evans Maureen; Devine Denise L; Feldmann Bradley H; Hamby Janice M.; Melcher David F; Warner John H Jr,304900,61.50571428571429,2019-11-27,2019-12-05,2019-12-02 17:39:51,2019-12-06 14:30:15,328746688.0,,,,
CUB,Cubic Corp /de/,2020-05-18,2020-05-11,2020-05-14,5,5,Aga Anshooman; Feldmann Bradley H; Lee Grace G.; Lowinger Jeffrey B.; Melcher David F,252131,34.736000000000004,2020-05-11,2020-05-14,2020-05-13 14:05:13,2020-05-18 16:16:27,328746688.0,,,,
CUBI,"Customers Bancorp, Inc.",2022-05-11,2022-05-06,2022-05-11,3,3,Banks Bernard Bennett; Leibold Carla A; Sidhu Samvir S.,186913,41.39,2022-05-06,2022-05-11,2022-05-06 13:48:00,2022-05-11 14:15:19,2381418752.0,-0.01612558383545748,0.0047493933258313525,-0.09438223183709304,-0.11143058673269057
CUBI,"Customers Bancorp, Inc.",2023-03-14,2023-03-13,2023-03-14,3,3,Rothermel Daniel K; Sidhu Jay S; Sidhu Samvir S.,660125,14.073333333333332,2023-03-13,2023-03-14,2023-03-13 12:17:08,2023-03-14 12:03:12,2381418752.0,0.14022941877781525,0.09578971895098443,-0.015421641357268312,0.529699415584739
CUZ,Cousins Properties Inc,2015-09-14,2015-09-09,2015-09-11,4,4,Adzema Gregg D; Connolly Michael Colin; Gellerstedt Lawrence L III; Glover S Taylor,1383968,9.155,2015-09-09,2015-09-11,2015-09-11 09:22:29,2015-09-14 09:04:26,3912882944.0,0.003009591227738584,0.0026428091975916335,0.00968838916767556,-0.07489311849595026
CVBF,Cvb Financial Corp,2023-03-15,2023-03-10,2023-03-13,6,6,Brager David A.; Farnsworth David F; Harvey David C; Nicholson E Allen; Olvera Jane; Wohl Richard H,127718,20.685,2023-03-10,2023-03-13,2023-03-10 14:11:09,2023-03-15 17:46:39,2657463296.0,-0.0007806109691543828,-0.07707319551625302,-0.27149388104183303,-0.3410507865428005
CVBF,Cvb Financial Corp,2024-02-06,2024-02-01,2024-02-06,3,3,Borba George A Jr; Brager David A.; Nicholson E Allen,1067037,16.766666666666666,2024-02-01,2024-02-06,2024-02-01 18:13:35,2024-02-06 17:39:43,2657463296.0,0.009565300753878514,-0.007868218831336704,-0.03796417464390145,-0.00908762995181811
CVNA,Carvana Co.,2017-07-28,2017-04-28,2017-05-04,7,8,"Abrams Bison Partners, LP; Garcia Ernest C II; Garcia Ernest C. III; Keeton Ryan S.; Maroone Michael E; McKeon John T.; Platt IRA J.",31300797,11.975,2017-04-28,2017-05-04,2017-04-28 21:34:41,2017-07-28 17:04:34,69904318464.0,-0.06829401543673852,-0.14234578934707776,-0.13009394541024,-0.4204136337752037
CVNA,Carvana Co.,2022-05-26,2022-04-26,2022-05-24,4,5,Breaux Paul W.; Garcia Ernest C. II; Garcia Ernest C. III; Quayle J Danforth,569636275,51.85999999999999,2022-04-26,2022-05-24,2022-04-26 20:44:12,2022-05-26 18:07:31,69904318464.0,0.04832522915997428,-0.17655380886121042,-0.24966089646731293,0.07862053094705934
CVNA,Carvana Co.,2022-11-23,2022-11-07,2022-11-22,5,6,Gill Daniel J.; Maroone Michael E; Platt IRA J.; Sullivan Gregory B; Taira Thomas,2675860,8.603333333333333,2022-11-07,2022-11-22,2022-11-08 17:28:55,2022-11-23 17:19:10,69904318464.0,0.16598240670275421,0.17688375385249988,-0.3214048040190852,0.4797068722217588
CVS,Cvs Health Corp,2019-03-11,2019-03-01,2019-03-11,4,6,Aguirre Fernando; Brown C David II; Dorman David W; Ludwig Edward J,1677086,54.806666666666665,2019-03-01,2019-03-11,2019-03-04 16:43:29,2019-03-11 16:25:27,102400270336.0,0.014168930020895587,0.037453587123374765,-0.06165010316490371,-0.02134176504178087
CW,Curtiss Wright Corp,2018-01-09,2018-01-08,2018-01-09,5,5,Farkas K Christopher; Ferdenzi Paul J; Heise Rita J.; Jakubowitz Harry; Quinly Tom P,69772,108.042,2018-01-08,2018-01-09,2018-01-09 18:05:43,2018-01-09 18:06:48,25882040320.0,0.006848581331924786,0.04639354198071555,0.10872159698050221,0.13165694675603679
CW,Curtiss Wright Corp,2023-07-11,2023-07-10,2023-07-10,6,6,Bamford Lynn M; Farkas K Christopher; Ferdenzi Paul J; Freda Robert F; Ogilby Gary A; Watts John C,64659,155.43000000000004,2023-07-10,2023-07-10,2023-07-11 16:36:29,2023-07-11 16:41:21,25882040320.0,0.014162929083238796,-0.014986766102254245,0.1088368616324702,0.07209285449024239
CW,Curtiss Wright Corp,2024-01-05,2024-01-04,2024-01-04,5,5,Bamford Lynn M; Farkas K Christopher; Ferdenzi Paul J; Freda Robert F; Watts John C,42408,189.32,2024-01-04,2024-01-04,2024-01-05 14:31:52,2024-01-05 14:34:18,25882040320.0,-0.023167348073348304,0.003955122274822864,0.017548533195755667,0.07012415738071787
CW,Curtiss Wright Corp,2024-07-05,2024-07-03,2024-07-03,5,5,Bamford Lynn M; Farkas K Christopher; Ferdenzi Paul J; Freda Robert F; Watts John C,51410,232.62,2024-07-03,2024-07-03,2024-07-05 11:31:24,2024-07-05 11:32:05,25882040320.0,-0.005604840586941107,0.011235232177575938,0.10124163781893114,0.16445827981062755
CWAN,"Clearwater Analytics Holdings, Inc.",2021-09-30,2021-09-28,2021-09-28,10,10,Blendu Cynthia Ann; Corbet Kathleen A; Cox James S; Das Souvik; Erickson Scott Stanley; Ganeshan Susan Muriel; Kochansky Joseph Morris; Price James Douglas; Sahai Sandeep; Valbrune Alphonse,304326,18.0,2021-09-28,2021-09-28,2021-09-30 18:38:17,2021-09-30 18:49:19,7023198208.0,-0.06592885755794575,-0.1310644784021,-0.21977755307875224,-0.27186338038165747
CWAN,"Clearwater Analytics Holdings, Inc.",2022-06-13,2022-05-31,2022-06-09,7,8,Blendu Cynthia Ann; Das Souvik; Durable Capital Partners LP; Ganeshan Susan Muriel; Kochansky Joseph Morris; Price James Douglas; Sahai Sandeep,10025708,12.39375,2022-05-31,2022-06-09,2022-06-01 13:13:53,2022-06-13 13:11:07,7023198208.0,-0.03402291505791566,-0.025839389582051675,-0.1162459370131006,0.12994781942259404
CWBC,Community West Bancshares /,2015-11-18,2015-10-26,2015-11-18,3,4,Baltuskonis Charles G; Lokey James W; Stovesand Kirk,57038,7.06,2015-10-26,2015-11-18,2015-10-26 16:44:57,2015-11-18 15:06:34,446700064.0,-0.04984265883840022,-0.042866303451447485,0.10430718364026959,0.14744413243502918
CWBC,Community West Bancshares /,2016-03-11,2016-02-11,2016-03-11,3,3,Bartlein Robert; Filippin William F; Stovesand Kirk,20271,6.986666666666667,2016-02-11,2016-03-11,2016-02-11 16:51:50,2016-03-11 16:37:33,446700064.0,-0.024390739646768966,-0.05038998794246852,0.06036112428040519,0.12720706836467843
CWBC,Community West Bancshares /,2016-09-15,2016-08-19,2016-09-15,3,5,Baltuskonis Charles G; Plourd Martin E; Stovesand Kirk,24993,8.216,2016-08-19,2016-09-15,2016-08-22 08:55:59,2016-09-15 16:20:46,446700064.0,0.011952520065502403,0.009451779847356567,-0.06829023365532505,0.2008571910545982
CWBC,Community West Bancshares /,2016-12-19,2016-12-01,2016-12-16,3,3,Filippin William F; Plourd Martin E; Stovesand Kirk,13718,9.48,2016-12-01,2016-12-16,2016-12-09 15:33:55,2016-12-19 14:16:22,446700064.0,-0.0055370842441748724,0.0036438536171665703,0.02582449619451399,-0.06815302910816123
CWBC,Community West Bancshares /,2019-06-14,2019-05-17,2019-06-14,3,15,Bartlein Robert; Plourd Martin E; Stovesand Kirk,87663,9.930666666666664,2019-05-17,2019-06-14,2019-05-17 12:25:09,2019-06-14 17:05:32,446700064.0,-0.005280120559109092,-0.00018090068816234428,-0.007549203458344866,0.02262832824842742
CWBC,Community West Bancshares /,2019-08-26,2019-07-31,2019-08-21,3,3,Bartlein Robert; Peeples William R; Plourd Martin E,75261,9.73,2019-07-31,2019-08-21,2019-07-31 17:25:24,2019-08-26 12:09:42,446700064.0,-0.001301949163884597,-0.0038355646245371577,0.03608729024180968,0.007806561298987713
CWBC,Community West Bancshares /,2020-05-21,2020-04-28,2020-05-21,3,7,Bartlein Robert; Plourd Martin E; Stovesand Kirk,113734,6.472857142857142,2020-04-28,2020-05-21,2020-04-28 17:19:16,2020-05-21 18:09:32,446700064.0,0.001494474880954444,0.03642275176630516,-0.02030918872229126,-0.24908089911432274
CWBC,Community West Bancshares /,2020-09-03,2020-08-12,2020-09-03,3,3,Chadwick Suzanne Marie; Plourd Martin E; Stovesand Kirk,6455,8.19,2020-08-12,2020-09-03,2020-08-12 14:28:39,2020-09-03 16:06:07,446700064.0,0.04726455990724676,0.028837253973151067,0.15601078276327573,0.17239966238303772
CWBC,Community West Bancshares /,2021-03-11,2021-03-01,2021-03-11,3,3,Peeples William R; Plourd Martin E; Stovesand Kirk,17074,10.993333333333332,2021-03-01,2021-03-11,2021-03-02 13:37:22,2021-03-11 14:33:30,446700064.0,-0.02512478097166959,-0.07641008247283321,-0.12236808821731304,-0.0468316229561081
CWBC,Community West Bancshares /,2021-11-19,2021-08-05,2021-09-02,8,12,Bartlein Robert; Boutain Dana L; Chadwick Suzanne Marie; Dobyns Tom; Lokey James W; Peeples William R; Plourd Martin E; Stovesand Kirk,74154,13.569166666666668,2021-08-05,2021-09-02,2021-08-05 16:28:54,2021-11-19 13:32:01,446700064.0,0.0003906757967558905,0.00437623049119884,0.022323526379044,0.1319864185936097
CWBC,Community West Bancshares /,2022-09-07,2022-08-04,2022-09-01,3,3,Chadwick Suzanne Marie; Plourd Martin E; Stovesand Kirk,10711,14.056666666666665,2022-08-04,2022-09-01,2022-08-05 17:32:41,2022-09-07 16:50:08,446700064.0,-0.022377784547429558,0.012582172867504626,0.05309201018647425,0.10345543914748512
CWBC,Community West Bancshares /,2023-06-06,2023-05-03,2023-06-01,5,6,Bartlein Robert; Chadwick Suzanne Marie; Peeples William R; Plourd Martin E; Stovesand Kirk,162565,11.03,2023-05-03,2023-06-01,2023-05-05 15:14:02,2023-06-06 06:09:19,446700064.0,0.035437159713016975,-0.015940282300000552,0.04559314208433496,-0.1094674885201018
CWBC,Community West Bancshares,2024-06-11,2024-05-17,2024-06-07,7,7,Avrett Shannon R; Bartlein Robert; Cagle Dawn M; Kim James J; Martin Jeffrey Michael; Ramos Anthony Kenneth; Stovesand Kirk,262403,16.30142857142857,2024-05-17,2024-06-07,2024-05-20 18:24:31,2024-06-11 17:48:46,446700064.0,0.0023995509397296555,-0.031065121962369324,0.18605134032725612,0.16999806106975246
CWBC,Community West Bancshares,2024-09-05,2024-08-31,2024-08-31,4,4,Avrett Shannon R; Cagle Dawn M; Martin Jeffrey Michael; Plourd Martin E,11114,15.63,2024-08-31,2024-08-31,2024-09-05 14:39:39,2024-09-05 14:42:46,446700064.0,0.002356506794305435,-0.029159194305212188,-0.10735723625612481,-0.003048834683173851
CWBC,Community West Bancshares,2024-12-03,2024-11-01,2024-11-29,8,8,Avrett Shannon R; Bartlein Robert; Cagle Dawn M; Chadwick Suzanne Marie; Lokey James W; Martin Jeffrey Michael; Plourd Martin E; Stovesand Kirk,57285,19.56125,2024-11-01,2024-11-29,2024-11-01 13:22:09,2024-12-03 12:51:59,446700064.0,-0.009846298956593946,-0.016740848180550216,,
CWEN,"Clearway Energy, Inc.",2019-03-08,2019-03-04,2019-03-06,3,3,Malcarney Kevin P.; Plotkin Chad; Sotos Christopher S,283585,14.62,2019-03-04,2019-03-06,2019-03-05 16:59:17,2019-03-08 16:48:28,4542364160.0,0.011096514512026312,-0.03616819148261541,0.004508803043236087,0.059100806920621585
CWH,"Camping World Holdings, Inc.",2018-05-25,2018-05-14,2018-05-25,4,8,Baltins Andris A; George Mary J; Lemonis Marcus; Schickli Kent Dillon,1654532,21.16375,2018-05-14,2018-05-25,2018-05-14 20:39:13,2018-05-25 21:33:22,484024320.0,-0.0021997692157171844,-0.03930869088734623,0.2860158932703769,-0.013567425914858156
CWH,"Camping World Holdings, Inc.",2018-12-17,2018-11-13,2018-12-13,3,3,"Abrams Capital Management, L.P.; Lemonis Marcus; Moody Brent L.",1245669,16.709999999999997,2018-11-13,2018-12-13,2018-11-14 06:03:34,2018-12-17 17:25:18,484024320.0,-0.08591978116406895,-0.13502994094850918,-0.08555579474212238,-0.16952068760737138
CWH,"Camping World Holdings, Inc.",2019-09-06,2019-08-12,2019-09-04,3,5,"Abrams Capital Management, L.P.; Baltins Andris A; Flanigan Melvin",3141047,8.064000000000002,2019-08-12,2019-09-04,2019-08-14 16:15:37,2019-09-06 16:12:16,484024320.0,0.06738813020625378,0.18194932408869557,0.11293002790583273,0.48434343090642185
CWH,"Camping World Holdings, Inc.",2020-03-17,2020-03-11,2020-03-13,3,4,Adams Stephen; Baltins Andris A; Lemonis Marcus,898372,6.915,2020-03-11,2020-03-13,2020-03-12 20:03:01,2020-03-17 16:15:59,484024320.0,-0.34469329785971203,0.04977164548281032,0.4008474027323008,2.3257455013411352
CWT,California Water Service Group,2016-03-14,2016-02-11,2016-03-11,4,5,Aliff Gregory E; Bayer Terry; Guiles Edwin A; Vera George A,205739,25.272,2016-02-11,2016-03-11,2016-02-12 17:23:38,2016-03-14 20:32:17,2797813504.0,0.0009855973694771203,-0.02694319337693918,0.039362693513369074,0.1464292786044208
CXM,"Sprinklr, Inc.",2021-06-29,2021-06-25,2021-06-25,6,6,"Agrawal Neeraj; Battery Ventures Ix, L.P.; H&F Corporate Investors Ix, Ltd.; Iconiq Strategic Partners Ii, L.P.; Lee Roger H; Thomas Ragy",84359392,16.0,2021-06-25,2021-06-25,2021-06-29 21:00:50,2021-06-29 21:22:32,1465315712.0,-0.1438209146378282,-0.19461116865854322,-0.25931261097617875,-0.2395728545506246
CXW,Corrections Corp of America,2016-08-24,2016-08-18,2016-08-19,5,5,Emkes Mark A; Hininger Damon T; Irwin Scott D; Mariucci Anne L; Overby Charles L,420191,17.980000000000004,2016-08-18,2016-08-19,2016-08-19 17:44:49,2016-08-24 16:44:14,1918082560.0,-0.00833021928938149,-0.12697795383609423,-0.21894100178215126,0.11622345341809837
CZNC,Citizens & Northern Corp,2016-06-06,2016-05-13,2016-06-03,3,4,Lambert Leo F; Lehman Terry L; Pellegrino Frank G,9214,20.31,2016-05-13,2016-06-03,2016-05-18 14:09:42,2016-06-06 15:10:37,405839840.0,-0.010082591016194686,0.007723639085678746,-0.0006736201932049379,0.02460525230372368
CZNC,Citizens & Northern Corp,2016-09-06,2016-08-05,2016-09-02,3,4,Lambert Leo F; Lehman Terry L; Pellegrino Frank G,5809,21.2875,2016-08-05,2016-09-02,2016-08-08 14:04:01,2016-09-06 13:42:32,405839840.0,0.019207420787510365,0.005638890652110762,0.03712115448054032,0.12297709491697861
CZNC,Citizens & Northern Corp,2017-04-11,2017-03-15,2017-04-07,3,3,Fisher Jan E; Lambert Leo F; Pellegrino Frank G,23053,22.959999999999997,2017-03-15,2017-04-07,2017-03-15 10:52:23,2017-04-11 12:09:46,405839840.0,0.021709788101020644,0.028579779048295006,-0.017903819061066528,0.017466741378450168
CZNC,Citizens & Northern Corp,2017-08-18,2017-08-04,2017-08-18,4,4,Lambert Leo F; Pellegrino Frank G; Scovill J Bradley; Singer Aaron K,179946,22.7125,2017-08-04,2017-08-18,2017-08-07 14:18:15,2017-08-18 12:09:34,405839840.0,0.006203997227954283,0.007057081324094883,0.10825749135223606,0.011674996929618597
CZNC,Citizens & Northern Corp,2019-05-06,2019-04-08,2019-05-03,4,5,Fisher Jan E; Kilmer Bobbi J; Lehman Terry L; Pellegrino Frank G,33907,27.42,2019-04-08,2019-05-03,2019-04-09 11:51:58,2019-05-06 09:31:00,405839840.0,0.014158144701073905,0.046871613792377254,-0.10541359422368246,-0.11869830283162397
CZNC,Citizens & Northern Corp,2019-07-09,2019-06-11,2019-07-08,3,4,Kilmer Bobbi J; Lambert Leo F; Pellegrino Frank G,28876,26.04,2019-06-11,2019-07-08,2019-06-14 14:20:42,2019-07-09 09:32:40,405839840.0,-0.014900865392443174,-0.03696823437457053,-0.05829615771318708,0.013047534713587772
CZNC,Citizens & Northern Corp,2019-10-07,2019-09-06,2019-10-04,3,4,Kilmer Bobbi J; Pellegrino Frank G; Schoener Timothy E,21937,24.8775,2019-09-06,2019-10-04,2019-09-10 14:54:48,2019-10-07 08:54:21,405839840.0,-0.017409509187914285,-0.0297018677794596,-0.025911373471855015,0.006502076557862058
CZNC,Citizens & Northern Corp,2020-04-06,2020-03-13,2020-04-03,4,4,Kilmer Bobbi J; Pellegrino Frank G; Schoener Timothy E; Scovill J Bradley,32780,17.645,2020-03-13,2020-04-03,2020-03-16 12:54:48,2020-04-06 09:09:22,405839840.0,-0.04526561931004913,-0.09286395652609136,-0.17575876814886238,-0.09487562628378576
CZNC,Citizens & Northern Corp,2020-07-08,2020-06-17,2020-07-07,4,4,Kilmer Bobbi J; Lehman Terry L; Pellegrino Frank G; Schoener Timothy E,78546,19.2475,2020-06-17,2020-07-07,2020-06-18 08:09:47,2020-07-08 11:50:47,405839840.0,-0.03646986296181309,0.031516437630058514,-0.11306782242585844,-0.18138411029104773
CZNC,Citizens & Northern Corp,2020-09-17,2020-09-04,2020-09-16,3,4,Loughery Robert G; Pellegrino Frank G; Scovill J Bradley,95609,16.98,2020-09-04,2020-09-16,2020-09-08 08:55:53,2020-09-17 14:23:27,405839840.0,-0.004674801955972363,-0.059909099830522616,0.06306881234180817,0.09683541952291286
CZNC,Citizens & Northern Corp,2021-02-08,2021-01-08,2021-02-05,5,6,Kilmer Bobbi J; Lehman Terry L; Loughery Robert G; Pellegrino Frank G; Schoener Timothy E,32448,20.613333333333333,2021-01-08,2021-02-05,2021-01-11 10:43:49,2021-02-08 11:36:37,405839840.0,0.01857210859657976,0.009343903354476435,0.12017206700095162,0.1378021928043356
CZNC,Citizens & Northern Corp,2021-08-17,2021-07-28,2021-08-16,3,3,Dorwart Stephen M; Lehman Terry L; Pellegrino Frank G,14064,25.14,2021-07-28,2021-08-16,2021-07-29 10:10:07,2021-08-17 14:37:33,405839840.0,0.007045170885431107,-0.006231093358506246,0.04446543573711881,0.0571791525188059
CZNC,Citizens & Northern Corp,2021-12-07,2021-11-12,2021-12-06,3,3,Hartley Susan E; Lehman Terry L; Pellegrino Frank G,58465,26.179999999999996,2021-11-12,2021-12-06,2021-11-15 14:53:55,2021-12-07 14:48:29,405839840.0,-0.008391658068445329,-0.02535149760551303,0.03584481811454132,0.04957369574260073
CZNC,Citizens & Northern Corp,2022-02-16,2022-01-12,2022-02-11,7,8,Kilmer Bobbi J; Lambert Leo F; Lehman Terry L; Loughery Robert G; Pellegrino Frank G; Schoener Timothy E; Shattuck Katherine W,44142,26.5625,2022-01-12,2022-02-11,2022-01-13 15:04:44,2022-02-16 13:18:38,405839840.0,0.018297583046883892,0.013937420833900038,-0.05647685708471417,0.04073786050831363
CZNC,Citizens & Northern Corp,2022-05-09,2022-04-08,2022-05-06,6,7,Kilmer Bobbi J; Lehman Terry L; Loughery Robert G; Pellegrino Frank G; Schoener Timothy E; Shattuck Katherine W,48686,24.27857142857143,2022-04-08,2022-05-06,2022-04-11 12:04:43,2022-05-09 13:00:31,405839840.0,0.048672499481069775,0.04162343512660338,0.12242066687931852,0.0231761504043706
CZNC,Citizens & Northern Corp,2022-08-08,2022-07-08,2022-08-05,6,7,Kilmer Bobbi J; Lehman Terry L; Loughery Robert G; Pellegrino Frank G; Schoener Timothy E; Shattuck Katherine W,35860,24.24857142857143,2022-07-08,2022-08-05,2022-07-11 13:52:47,2022-08-08 13:07:35,405839840.0,0.02159504137408974,0.023708938042484418,0.05941927740921327,0.040552787406705204
CZNC,Citizens & Northern Corp,2022-11-15,2022-10-07,2022-11-04,6,7,Kilmer Bobbi J; Loughery Robert G; Pellegrino Frank G; Santiago Helen S; Schoener Timothy E; Shattuck Katherine W,33663,23.491428571428575,2022-10-07,2022-11-04,2022-10-11 14:17:45,2022-11-15 14:13:17,405839840.0,0.006999426478358828,-0.0005516092038102549,-0.02850396766198615,-0.10257353099064681
CZNC,Citizens & Northern Corp,2023-02-06,2023-01-06,2023-02-03,5,6,Kilmer Bobbi J; Loughery Robert G; Pellegrino Frank G; Schoener Timothy E; Shattuck Katherine W,34592,23.221666666666668,2023-01-06,2023-02-03,2023-01-09 12:34:56,2023-02-06 12:05:36,405839840.0,-0.00517520518225445,-0.029845322342143654,-0.033170396919075085,-0.2553407682424226
CZNC,Citizens & Northern Corp,2023-05-08,2023-04-10,2023-05-05,5,6,Kilmer Bobbi J; Loughery Robert G; Pellegrino Frank G; Schoener Timothy E; Shattuck Katherine W,32172,20.19333333333333,2023-04-10,2023-05-05,2023-04-11 15:44:26,2023-05-08 13:45:48,405839840.0,-0.0163223768687899,-0.012523534410083359,0.03925408369278682,0.07359516072643402
CZNC,Citizens & Northern Corp,2023-08-07,2023-07-07,2023-08-04,4,6,Kilmer Bobbi J; Loughery Robert G; Pellegrino Frank G; Shattuck Katherine W,31680,19.816666666666663,2023-07-07,2023-08-04,2023-07-10 13:59:39,2023-08-07 10:42:55,405839840.0,-0.0005177121335211421,-0.005777563751295789,-0.14632638447244894,-0.06062507981443521
CZNC,Citizens & Northern Corp,2023-11-06,2023-10-06,2023-11-03,3,4,Loughery Robert G; Pellegrino Frank G; Shattuck Katherine W,22876,18.445,2023-10-06,2023-11-03,2023-10-11 12:01:23,2023-11-06 09:54:13,405839840.0,0.012610707553443845,0.017127685932647685,0.06360346136991568,-0.05279582494255264
CZNC,Citizens & Northern Corp,2024-01-09,2023-12-08,2024-01-05,3,5,Loughery Robert G; Pellegrino Frank G; Shattuck Katherine W,26510,21.666,2023-12-08,2024-01-05,2023-12-11 10:16:59,2024-01-09 13:56:07,405839840.0,-0.06579565865555703,-0.07980823201036935,-0.19960118876681887,-0.2693946219464438
CZNC,Citizens & Northern Corp,2024-05-10,2024-04-08,2024-05-08,3,8,Loughery Robert G; Pellegrino Frank G; Shattuck Katherine W,35477,17.89125,2024-04-08,2024-05-08,2024-04-09 09:55:13,2024-05-10 12:22:37,405839840.0,-0.030544077897142752,0.015675720391641113,-0.12990778432912564,-0.00833422698624664
D,Dominion Resources Inc /va/,2015-03-10,2015-02-20,2015-03-10,5,5,Barr William P; Dragas Helen E; Kington Mark J; Spilman Robert H Jr; Szymanczyk Michael E,4527180,72.90400000000001,2015-02-20,2015-03-10,2015-02-24 16:40:03,2015-03-10 17:14:05,55082283008.0,0.006738854489718782,0.007956667759001168,0.0269968923461541,-0.028366163128981436
D,"Dominion Energy, Inc",2021-11-29,2021-11-10,2021-11-24,3,3,Blue Robert M; Chapman James R.; Story Susan N,436626,75.0,2021-11-10,2021-11-24,2021-11-10 17:45:45,2021-11-29 11:05:33,55082283008.0,-0.026097774638152216,0.01785531954179398,0.056668125338958486,0.12031538072292192
DAR,Darling Ingredients Inc.,2020-03-20,2020-03-12,2020-03-18,3,5,Adair Charles L; Muse John O; Phillips Brad,197600,15.041999999999998,2020-03-12,2020-03-18,2020-03-13 17:09:27,2020-03-20 16:51:22,8442391040.0,0.18902360046745503,0.21686907369951203,0.18946169187545503,0.3674421849956364
DAR,Darling Ingredients Inc.,2023-03-16,2023-03-01,2023-03-16,3,3,Adair Charles L; Barden Larry; McNutt Patrick,398188,57.57,2023-03-01,2023-03-16,2023-03-02 16:38:58,2023-03-16 16:57:39,8442391040.0,-0.02873130531642243,0.002957889244382894,0.027554933110795155,0.019517042062252354
DAR,Darling Ingredients Inc.,2023-11-20,2023-11-10,2023-11-20,5,5,Adair Charles L; Day Robert W; Jansen Matthew J; Manzi Joseph; McNutt Patrick,715605,42.68,2023-11-10,2023-11-20,2023-11-14 18:36:22,2023-11-20 18:10:58,8442391040.0,-0.016061671293551294,-0.0553271615839287,0.07262385130874227,-0.13437848675848052
DASH,"Doordash, Inc.",2021-03-11,2020-12-09,2020-12-11,4,4,"Gic Private Ltd; Lin Alfred; Renz Maria; Sc Us (Ttgp), Ltd.",52224173,120.275,2020-12-09,2020-12-11,2020-12-10 21:36:18,2021-03-11 20:24:34,76224454656.0,0.03460802682176367,-0.04280895273855334,0.05184470327019142,-0.03768607663657386
DAVE,Famous Daves of America Inc,2015-04-10,2015-03-12,2015-04-09,3,4,Lioneye Capital Management LLC; Pawlowski Richard A.; Rensi Edward H,1522653,29.2375,2015-03-12,2015-04-09,2015-03-13 16:49:07,2015-04-10 18:18:45,2819112192.0,,,,
DAWN,"Day One Biopharmaceuticals, Inc.",2021-06-03,2021-06-01,2021-06-01,6,6,"Ai Day 1 LLC; Atlas Venture Fund Xi, L.P.; Becker Daniel J.; Canaan Xi L.P.; Grant Papanek Julie; Josey John A.",22608000,16.0,2021-06-01,2021-06-01,2021-06-01 21:50:31,2021-06-03 16:42:50,1036075776.0,-0.14793542800633452,-0.08222829378017638,-0.11570344438209368,0.15670701903562456
DAWN,"Day One Biopharmaceuticals, Inc.",2022-06-22,2022-06-17,2022-06-17,3,3,"Ai Day1 LLC; Atlas Venture Opportunity Fund Ii, L.P.; Gladstone Michael",41000010,15.0,2022-06-17,2022-06-17,2022-06-21 16:37:06,2022-06-22 17:09:25,1036075776.0,0.06323757541597419,0.06329738566228893,0.1511241455307215,0.2900927498396182
DBD,"Diebold Nixdorf, Inc",2017-07-28,2017-07-21,2017-07-28,6,6,Chapman Christopher A.; Heyden Olaf Robert; Leiken Jonathan; Mattes Andreas W; Naher Ulrich; Wunram Jurgen,267031,22.253333333333337,2017-07-21,2017-07-28,2017-07-24 08:28:20,2017-07-28 12:50:30,2829559808.0,,,,
DBD,"Diebold Nixdorf, Inc",2018-05-24,2018-05-04,2018-05-24,3,4,Allender Patrick W; Fitzgerald Gale S; Schmid Gerrard,547887,11.7775,2018-05-04,2018-05-24,2018-05-07 08:31:54,2018-05-24 16:33:53,2829559808.0,,,,
DBD,"Diebold Nixdorf, Inc",2019-03-15,2019-02-19,2019-03-14,5,9,Costello Ellen; Heyden Olaf Robert; Naher Ulrich; Rutherford Jeffrey L; Schmid Gerrard,1062768,9.637777777777778,2019-02-19,2019-03-14,2019-02-26 10:48:49,2019-03-15 12:54:22,2829559808.0,,,,
DBD,"Diebold Nixdorf, Inc",2019-05-28,2019-05-02,2019-05-28,5,5,Anton Arthur F; Costello Ellen; Greenfield Gary G; Heyden Olaf Robert; Rutherford Jeffrey L,573809,9.154,2019-05-02,2019-05-28,2019-05-02 16:37:10,2019-05-28 15:24:08,2829559808.0,,,,
DBD,"Diebold Nixdorf, Inc",2019-11-05,2019-10-31,2019-11-04,8,8,Anton Arthur F; Costello Ellen; Goldfarb Matthew; Greenfield Gary G; Heyden Olaf Robert; Naher Ulrich; Rutherford Jeffrey L; Schmid Gerrard,671334,7.0649999999999995,2019-10-31,2019-11-04,2019-10-31 13:17:25,2019-11-05 14:35:10,2829559808.0,,,,
DBD,"Diebold Nixdorf, Inc",2024-08-27,2024-08-09,2024-08-27,3,3,Baur Frank Tobias; Marquez Octavio; Timko Thomas S,141934,38.87666666666667,2024-08-09,2024-08-27,2024-08-09 09:55:39,2024-08-27 16:33:09,2829559808.0,0.07574443073580994,0.09208070622575015,0.08271882429333477,0.0071454732513913655
DBD,"Diebold Nixdorf, Inc",2024-11-12,2024-11-12,2024-11-12,3,3,Baur Frank Tobias; Marquez Octavio; Timko Thomas S,303655,41.00333333333334,2024-11-12,2024-11-12,2024-11-12 15:40:37,2024-11-12 15:41:01,2829559808.0,-0.013250815449161957,0.05505182828985944,0.07266809722439538,
DCO,Ducommun Inc /de/,2020-03-23,2020-03-11,2020-03-20,4,5,Flatt Dean M; Oswald Stephen G; Paulson Robert D; Wampler Christopher D.,920350,24.4,2020-03-11,2020-03-20,2020-03-13 12:57:44,2020-03-23 15:28:20,2019361152.0,0.15369562012301197,0.13504499974820283,0.06542695088960504,0.49827836181328844
DCOM,Dime Community Bancshares Inc,2018-12-03,2018-11-12,2018-11-30,5,7,Chen Rosemarie; Golden Robert C; Mahon Kenneth J; Nelson Kathleen M.; Stein Kevin,76328,17.117142857142856,2018-11-12,2018-11-30,2018-11-13 16:27:45,2018-12-03 15:38:31,1439674112.0,-0.05053194447916254,-0.03442745749297904,-0.014392289489971177,0.10528752568625421
DCOM,Dime Community Bancshares Inc,2019-11-01,2019-10-29,2019-10-31,4,4,Cohn Steven D; Lubow Stuart H; Nelson Kathleen M.; Stein Kevin,172729,19.14,2019-10-29,2019-10-31,2019-10-30 16:29:23,2019-11-01 15:36:33,1439674112.0,0.00797723132596806,0.01885082137250671,-0.009481209392487422,-0.09960218149174127
DCOM,"Dime Community Bancshares, Inc. /ny/",2021-02-24,2021-02-02,2021-02-22,3,7,"Basswood Capital Management, L.L.C.; Basswood Partners, L.L.C.; Reddy Avinash",10889982,25.965714285714288,2021-02-02,2021-02-22,2021-02-04 09:44:43,2021-02-24 13:48:03,1439674112.0,0.06051813614595425,0.06665453434411373,0.0421642925620469,0.1377586699713118
DCOM,"Dime Community Bancshares, Inc. /ny/",2023-06-01,2023-05-17,2023-05-31,4,7,Aguggia Paul M; Chen Rosemarie; Mahon Kenneth J; McCoy Jr. Albert E,497723,16.845714285714287,2023-05-17,2023-05-31,2023-05-18 12:47:08,2023-06-01 12:12:01,1439674112.0,0.054912840294413456,0.1359675045730886,0.1302702750021867,0.27475441307675785
DCTH,"Delcath Systems, Inc.",2020-12-14,2020-11-13,2020-12-11,5,7,"Aharon Gil; Michel Gerard J; Purpura John; Rosalind Advisors, Inc.; Salamon Steven A J",274243,12.20142857142857,2020-11-13,2020-12-11,2020-11-13 13:43:08,2020-12-14 14:00:44,303698016.0,-0.06174740527326983,0.17963568598627133,-0.034054254438381504,0.1211551630154255
DCTH,"Delcath Systems, Inc.",2021-06-30,2021-06-24,2021-06-28,3,4,"Michel Gerard J; Rosalind Advisors, Inc.; Salamon Steven A J",6036323,11.4125,2021-06-24,2021-06-28,2021-06-28 08:50:29,2021-06-30 09:53:25,303698016.0,0.02711383566033576,-0.09739797479131618,-0.27681733230455663,-0.23648701001646644
DCTH,"Delcath Systems, Inc.",2022-04-21,2022-04-06,2022-04-19,5,13,"Aharon Gil; Michel Gerard J; Purpura John; Rosalind Advisors, Inc.; Salamon Steven A J",181764,6.422307692307692,2022-04-06,2022-04-19,2022-04-08 09:43:54,2022-04-21 12:42:44,303698016.0,0.03725819072031933,-0.01396604473928209,-0.2302499869796809,-0.27171757379691064
DD,Dupont E I De Nemours & Co,2015-06-16,2015-02-23,2015-02-24,3,3,Breen Edward D; Gallogly James L; Thomas Lee M,1334588,77.48333333333333,2015-02-23,2015-02-24,2015-02-25 17:06:30,2015-06-16 15:24:38,20223938560.0,0.021653034119534453,0.014029080022887275,-0.09098929254744281,-0.09062234082797205
DDOG,"Datadog, Inc.",2019-09-25,2019-09-23,2019-09-23,7,7,"Agarwal Amit; De Madre Armelle; Fougere Dan; Iconiq Strategic Partners Ii, L.P.; Ittycheria Dev; Jacobson Matthew; Obstler David M",30645000,27.0,2019-09-23,2019-09-23,2019-09-23 17:05:35,2019-09-25 21:17:50,39407427584.0,-0.06352943429379954,-0.07215372111095075,-0.07969484140220007,0.019750018458181584
DEA,"Easterly Government Properties, Inc.",2015-02-13,2015-02-11,2015-02-11,4,4,Crate Darrell W; Fisher Cynthia A; Mead James E; Moravec Joseph F.,1381500,15.0,2015-02-11,2015-02-11,2015-02-13 17:27:10,2015-02-13 17:45:42,1206391424.0,-0.01133854065191442,0.0128627438275426,0.011923520803990062,-0.011441173616136946
DEI,Douglas Emmett Inc,2022-09-30,2022-08-31,2022-09-28,5,6,Bider Leslie E; Feinberg David T; Kaplan Jordan L; Simon William E Jr; Wang Shirley,8761416,20.08666666666667,2022-08-31,2022-09-28,2022-09-01 18:38:10,2022-09-30 16:28:52,2033681408.0,0.015547567660988193,-0.06349208599903211,-0.09279014790178164,-0.1496620213269909
DFH,"Dream Finders Homes, Inc.",2021-01-27,2021-01-25,2021-01-25,8,8,Blanton John O.; Boston Omaha Corp; Fernandez Lorena Anabel; Moran Doug; Moyer Rick A.; Parekh Megha H.; Riva Robert E.; Udelhofen Justin,4095000,13.0,2021-01-25,2021-01-25,2021-01-27 16:59:40,2021-01-27 17:37:14,1627845248.0,-0.0906276669889502,0.13254819691903752,0.10558423512918225,-0.05341751524468252
DFIN,"Donnelley Financial Solutions, Inc.",2019-12-16,2019-11-11,2019-12-11,3,3,Greenfield Gary G; Jacobowitz Jeffrey; Leib Daniel,3073554,10.096666666666666,2019-11-11,2019-12-11,2019-11-12 16:10:10,2019-12-16 17:14:56,1373824896.0,0.01826142703739153,-0.01632863364540027,-0.17011996545993813,-0.2904648607630891
DFIN,"Donnelley Financial Solutions, Inc.",2022-05-11,2022-05-09,2022-05-11,3,3,"Greenfield Gary G; Jacobowitz Jeffrey; Simcoe Capital Management, LLC",26373178,26.843333333333337,2022-05-09,2022-05-11,2022-05-11 17:43:58,2022-05-11 19:06:12,1373824896.0,0.05196884941482738,0.05833782642006158,0.14676750392893845,0.5337633213240327
DG,Dollar General Corp,2015-09-14,2015-08-28,2015-09-10,3,3,Calbert Michael M; Rhodes William C III; Vasos Todd J,3427927,72.39333333333333,2015-08-28,2015-09-10,2015-09-01 17:24:45,2015-09-14 12:33:05,33686988800.0,-0.009882653169561051,0.006354851962850683,-0.11721484725724463,-0.04210868345716734
DG,Dollar General Corp,2023-06-12,2023-06-05,2023-06-08,3,3,Calbert Michael M; Chadwick Ana Maria; Owen Jeffery,1576666,157.5,2023-06-05,2023-06-08,2023-06-07 16:24:39,2023-06-12 16:16:00,33686988800.0,0.030338469238022414,0.05730160901085157,0.017553993085526853,-0.2274297220726832
DHIL,Diamond Hill Investment Group Inc,2024-07-01,2024-06-03,2024-06-27,3,3,Brilliant Heather E; Cooley Richard Scott; Quinif Jo Ann,207541,142.98666666666668,2024-06-03,2024-06-27,2024-06-04 09:24:41,2024-07-01 10:22:12,464548064.0,0.019830736953649675,-0.031261907747273776,0.08606613166015276,0.07757124014497307
DKL,"Delek Logistics Partners, LP",2024-10-15,2024-10-10,2024-10-10,4,4,Israel Joseph; Sakazi Odely; Soreq Avigal; Spiegel Reuven,274911,39.0,2024-10-10,2024-10-10,2024-10-15 07:08:59,2024-10-15 07:17:07,2886337280.0,-0.00010082829167945562,-0.0010839912061819668,0.018502541790207383,
DKNG,Draftkings Inc.,2021-11-22,2021-11-16,2021-11-19,3,3,Levin Woodrow; Murray Steven Joseph; Sloan Harry,2600270,37.663333333333334,2021-11-16,2021-11-19,2021-11-18 09:29:59,2021-11-22 09:20:28,12170537984.0,-0.028944270635618996,-0.015566643513750922,-0.3203520428193355,-0.32498694629161373
DLTR,Dollar Tree Inc,2018-06-19,2018-06-04,2018-06-18,3,3,Lewis Lemuel E; Naylor Jeffrey G; Whiddon Thomas E,647073,83.76666666666667,2018-06-04,2018-06-18,2018-06-04 15:33:26,2018-06-19 17:37:10,24151832576.0,-0.01868081057165527,-0.018830155123678805,0.0013071252643572784,-0.09673331971837673
DLTR,"Dollar Tree, Inc.",2021-06-10,2021-06-01,2021-06-09,3,3,Bridgeford Gregory M; Lewis Lemuel E; Naylor Jeffrey G,851324,98.86666666666667,2021-06-01,2021-06-09,2021-06-02 17:09:01,2021-06-10 16:00:28,24151832576.0,0.017055591347216126,0.017649104383572478,-0.03384446605272373,-0.13934841074758042
DMLP,"Dorchester Minerals, L.P.",2016-09-23,2016-08-25,2016-09-21,3,5,Allen H C Jr; Dorchester Minerals Operating LP; Ehrman Bradley J,334567,15.318,2016-08-25,2016-09-21,2016-08-25 16:44:48,2016-09-23 15:11:41,1291798528.0,0.027271539236023434,0.01190044681567004,0.020628412369390614,0.15245216187830657
DMLP,"Dorchester Minerals, L.P.",2016-12-20,2016-11-16,2016-12-16,3,4,Allen H C Jr; Ehrman Bradley J; Moriyama Leslie A,65177,16.27,2016-11-16,2016-12-16,2016-11-18 12:46:34,2016-12-20 10:28:42,1291798528.0,0.0711580587185714,0.005010665129924763,-0.06849379135878297,-0.06660639980117133
DMLP,"Dorchester Minerals, L.P.",2017-07-05,2017-06-30,2017-06-30,7,7,Allen H C Jr; Ehrman Bradley J; McManemin William Casey; Moriyama Leslie A; Raley James E; Rochelle Martha; Vaughn Robert C,4710462,14.980000000000002,2017-06-30,2017-06-30,2017-07-05 19:13:38,2017-07-05 19:28:28,1291798528.0,-0.006524190667121177,0.019324340447764765,-0.028571206754306022,-0.010190974430088096
DMLP,"Dorchester Minerals, L.P.",2019-08-19,2019-08-07,2019-08-16,3,5,Allen H C Jr; Dorchester Minerals Operating LP; Ehrman Bradley J,429139,17.822,2019-08-07,2019-08-16,2019-08-09 17:08:25,2019-08-19 15:30:04,1291798528.0,0.008834515077576821,0.0018010205889034125,0.0018030263178900885,0.01323016646338604
DMLP,"Dorchester Minerals, L.P.",2022-12-13,2022-11-10,2022-12-09,3,4,Dorchester Minerals Operating LP; Ehrman Bradley J; Moriyama Leslie A,1092797,28.53,2022-11-10,2022-12-09,2022-11-14 08:06:57,2022-12-13 16:48:12,1291798528.0,-0.01288842384277089,0.06457451736605657,0.07792172418135102,0.08582973400872185
DMLP,"Dorchester Minerals, L.P.",2024-12-12,2024-11-14,2024-12-11,3,4,Dorchester Minerals Operating LP; Ehrman Bradley J; Moriyama Leslie A,1741385,33.5975,2024-11-14,2024-12-11,2024-11-15 16:59:52,2024-12-12 16:40:06,1291798528.0,0.006570570853526192,0.015638753472548506,,
DNUT,"Krispy Kreme, Inc.",2021-09-13,2021-08-19,2021-09-09,3,11,Goudet Olivier; Jab Holdings B.V.; Tattersfield Michael J.,59191453,15.63181818181818,2021-08-19,2021-09-09,2021-08-20 06:10:46,2021-09-13 17:13:48,604689024.0,-0.022822221974222345,-0.03952029739500762,-0.21445152842588433,-0.06260892596095124
DNUT,"Krispy Kreme, Inc.",2021-12-03,2021-11-11,2021-12-01,3,16,Goudet Olivier; Jab Indulgence B.V.; Tattersfield Michael J.,47872031,14.3925,2021-11-11,2021-12-01,2021-11-15 20:00:51,2021-12-03 20:00:53,604689024.0,0.10705251290910311,0.06681227205501639,0.10222333765502611,0.1166405052514552
DOC,Physicians Realty Trust,2015-03-11,2015-03-06,2015-03-11,5,5,Black Albert Jr; Page Bradley D.; Sweet John; Thompson Tommy G; Weiss Richard A.,98003,15.907999999999998,2015-03-06,2015-03-11,2015-03-10 13:11:41,2015-03-11 17:21:28,12156318720.0,-0.01772586797306852,-0.0013842184907237876,0.013000322721581803,-0.09497144248401457
DOC,Physicians Realty Trust,2015-08-31,2015-08-24,2015-08-31,3,3,Black Albert Jr; Page Bradley D.; Thompson Tommy G,29861,14.723333333333334,2015-08-24,2015-08-31,2015-08-25 16:08:58,2015-08-31 19:13:03,12156318720.0,0.00930356428644008,-0.02148559831328467,0.021473274466818904,-0.10450534951750545
DOC,Physicians Realty Trust,2019-11-12,2019-11-08,2019-11-11,3,3,Becker Laurie P; Lucey John W.; Theiler Jeffrey,137569,18.08,2019-11-08,2019-11-11,2019-11-08 16:59:40,2019-11-12 08:40:26,12156318720.0,0.01253276745993781,0.03598013013519075,-0.043785812658092116,0.013733574252675629
DOW,Dow Inc.,2019-08-12,2019-08-02,2019-08-08,3,3,Bush Wesley G; Fettig Jeff M; Yohannes Daniel,1659886,46.45000000000001,2019-08-02,2019-08-08,2019-08-06 19:23:31,2019-08-12 06:01:33,22056996864.0,0.0013133369367031023,-0.02473291527652821,-0.0033928138401679853,0.12383921173194601
DOW,Dow Inc.,2020-03-16,2020-03-12,2020-03-13,3,3,Bush Wesley G; Fettig Jeff M; Fitterling James R,1194897,24.613333333333333,2020-03-12,2020-03-13,2020-03-16 08:02:42,2020-03-16 08:02:51,22056996864.0,0.09676180258672507,0.201950358085614,0.3290933850715443,0.5353054711011893
DOW,Dow Inc.,2024-12-17,2024-12-12,2024-12-13,3,3,Banister Gaurdie E. Jr.; Davis Richard K; Fitterling James R,1611817,41.27,2024-12-12,2024-12-13,2024-12-16 16:18:54,2024-12-17 16:59:47,22056996864.0,0.03479811650528908,0.005213864090947262,,
DRI,Darden Restaurants Inc,2020-04-23,2020-04-23,2020-04-23,12,12,Atkins M Shan; Broad Matthew R; Burrowes Todd; Cardenas Ricardo; Fogarty James P; George David C; Jamison Cynthia T; King Sarah H.; Lee Eugene I Jr; Renninger Richard L.; Sonsteby Charles M; Wilmott Timothy J,4551771,58.5,2020-04-23,2020-04-23,2020-04-23 15:57:41,2020-04-23 16:03:36,24495679488.0,-0.006252910360007746,0.039606645103787974,0.10897051193761986,-0.07943303763100285
DRVN,Driven Brands Holdings Inc.,2021-01-22,2021-01-15,2021-01-21,3,3,Marshall Kyle L.; Mendoza Gabriel C.; Puckett Rick D,1373526,28.25666666666667,2021-01-15,2021-01-21,2021-01-15 19:52:52,2021-01-22 21:43:35,1800773760.0,0.024567142617086368,-0.0024380837779670594,-0.02797128021549966,-0.21808224670012588
DSGN,"Design Therapeutics, Inc.",2021-04-01,2021-03-30,2021-03-30,9,9,"Cormorant Asset Management, LP; George Simeon; Jeffries Sean; Lappe Rodney W; Shah Pratik; Sr One Capital Fund I Aggregator LP; Thacker Justin; William Arsani; Xu Stella",40211000,20.0,2021-03-30,2021-03-30,2021-04-01 16:15:23,2021-04-01 18:35:25,569637568.0,-0.04136102481911219,-0.14861906381220036,-0.2821975740617838,-0.31688229150807
DSGN,"Design Therapeutics, Inc.",2022-12-21,2022-12-09,2022-12-19,4,4,George Simeon; Lappe Rodney W; Siffert Joao Md; Sr One Capital Fund I Aggregator LP,15330085,8.2975,2022-12-09,2022-12-19,2022-12-12 17:22:40,2022-12-21 17:00:16,569637568.0,0.15089164029760394,0.27029487023399623,-0.09682062455500573,-0.2793214367460821
DTM,"Dt Midstream, Inc.",2023-05-24,2023-05-08,2023-05-23,4,4,Pickle Elaine M; Skaggs Robert C Jr; Slater David; Tumminello Peter I,470295,46.87,2023-05-08,2023-05-23,2023-05-08 18:31:43,2023-05-24 17:19:54,14308143104.0,-0.01657768911970192,-0.04256261722658894,0.019027700456502927,0.04704469230674002
DVN,Devon Energy Corp/de,2023-03-15,2023-02-17,2023-03-14,3,5,Bethancourt John E; Gaspar Clay M; Muncrief Richard E,2424313,51.92199999999999,2023-02-17,2023-03-14,2023-02-21 07:11:05,2023-03-15 16:31:39,27291629568.0,-0.07111582854041765,-0.034453008837601384,0.004751029586754774,-0.08842172205529297
DX,Dynex Capital Inc,2020-03-20,2020-03-16,2020-03-18,8,12,Benedetti Stephen J; Boston Byron L; Childress Jeffrey L; Hughes Michael R; Igdaloff Barry; Popenoe Smriti Laxman; Salcetti Robert A; Stevens David H.,1612196,11.664166666666668,2020-03-16,2020-03-18,2020-03-18 13:48:42,2020-03-20 14:20:46,2750288128.0,0.06207071108963824,0.03436198091457987,0.06742067995404044,0.051317314532818736
DX,Dynex Capital Inc,2021-02-17,2021-02-02,2021-02-02,3,3,Benedetti Stephen J; Boston Byron L; Popenoe Smriti Laxman,169986,17.85,2021-02-02,2021-02-02,2021-02-17 19:55:38,2021-02-17 19:57:31,2750288128.0,-0.0065163002286913185,0.009386256497204037,-0.0017381542248493531,-0.020476547354547847
DX,Dynex Capital Inc,2022-09-06,2022-08-22,2022-09-01,3,3,Boston Byron L; Colligan Robert S; Popenoe Smriti Laxman,224324,15.616666666666667,2022-08-22,2022-09-01,2022-08-24 20:00:15,2022-09-06 17:27:05,2750288128.0,-0.004300641935105043,-0.007431915179656912,-0.16046166962964037,-0.15921747055285573
DYN,Dynegy Inc.,2015-12-10,2015-11-10,2015-12-08,3,3,Flexon Robert C; Thompson Daniel P.; Wood Patrick III,258854,15.286666666666669,2015-11-10,2015-12-08,2015-11-12 09:39:26,2015-12-10 17:16:05,2403922688.0,,,,
DYN,"Dyne Therapeutics, Inc.",2020-09-23,2020-09-21,2020-09-21,3,3,"Logos Global Management LP; Ra Capital Management, L.P.; Vv Manager Ii, LLC",41325000,19.0,2020-09-21,2020-09-21,2020-09-23 18:55:55,2020-09-23 19:11:31,2403922688.0,-0.018192819178735498,-0.13415813427737777,-0.1137231292344354,-0.24505833714017744
EBC,"Eastern Bankshares, Inc.",2020-10-16,2020-10-14,2020-10-14,25,25,Ahlquist David Andrew; Alexander Paul Garvin; Antonakes Steven Louis; Bane Richard Corey; Borgen Luis; Chung Joseph; Connolly Paul Martin; Fitzgerald James Burke; Harlam Bari A; Heinemann Barbara Jane; Henry Kathleen Cloherty; Hessan Diane; Holbrook Richard Edward; Jackson Deborah C; Koegel John Francis; Lopez Antonio; Markell Peter Kenneth; Miller Jan Allan; Miller Quincy Lee; Rivers Robert Francis; Shell Greg Allen Sr.; Spiess Paul Davis; Stager Nancy Huntington; Sullivan Daniel J; Westermann Donald Michael,19482840,10.0,2020-10-14,2020-10-14,2020-10-16 17:12:43,2020-10-16 18:15:26,4375273984.0,-0.005600560991619652,0.014003283793998622,0.17620774032724662,0.24069183647478698
ECPG,Encore Capital Group Inc,2015-06-09,2015-06-08,2015-06-09,5,5,Call Gregory L.; Clark Jonathan C; Grinberg Paul; Masih Ashish; Vecchione Kenneth,439279,39.592,2015-06-08,2015-06-09,2015-06-08 18:15:36,2015-06-09 17:58:05,1653625984.0,0.028354492307619772,0.05573229436980065,0.08006826227851072,0.03537641342440001
ECPG,Encore Capital Group Inc,2016-03-04,2016-02-29,2016-03-04,8,8,Call Gregory L.; Clark Jonathan C; Gupta Ashwini; Hannam Wendy; Masih Ashish; Quinlan Francis E; Sorensen Norman R; Vecchione Kenneth,664643,23.81,2016-02-29,2016-03-04,2016-03-02 16:17:06,2016-03-04 17:19:19,1653625984.0,0.08549211593082395,0.005452575959121075,-0.039302534395206035,-0.022337076699324943
ECVT,Ecovyst Inc.,2022-05-23,2022-05-05,2022-05-20,5,5,Bradley David A.; Feehan Michael; Fogarty Kevin Michael; Koscinski Joseph S.; Schneberger Thomas,737758,9.803999999999998,2022-05-05,2022-05-20,2022-05-09 16:30:22,2022-05-23 16:30:28,1312374144.0,0.01012963556642732,-0.029709716591296065,-0.028748127077290353,-0.08488531084070483
ECVT,Ecovyst Inc.,2022-08-08,2022-08-04,2022-08-05,7,7,Bitting Kurt; Coxon Robert; Feehan Michael; Koscinski Joseph S.; Schneberger Thomas; Sichko William J. Jr.; Vann Kyle D,805864,8.808571428571428,2022-08-04,2022-08-05,2022-08-08 16:24:01,2022-08-08 16:31:11,1312374144.0,0.0354304067565514,0.08511304177319157,0.047039166535987165,0.1436383066418675
ECVT,Ecovyst Inc.,2024-08-08,2024-08-05,2024-08-07,4,4,Bitting Kurt; Feehan Michael; Koscinski Joseph S.; Whittleston Paul,212721,6.33,2024-08-05,2024-08-07,2024-08-06 16:00:58,2024-08-08 16:01:00,1312374144.0,-0.01839831294001315,-0.006344079304621442,-0.0989724002843998,0.06793967641636867
ED,Consolidated Edison Inc,2015-03-05,2015-01-31,2015-02-28,8,17,Cawley Timothy; Hoglund Robert N; Ivey Craig S; McAvoy John; Moore Elizabeth D; Muccilo Robert; Nadkarni Gurudatta D; Oates Joseph P,34149,67.10823529411765,2015-01-31,2015-02-28,2015-02-04 16:56:27,2015-03-05 15:31:15,40595972096.0,-0.0175623481875834,0.0072915733712829445,-0.008601738745582121,-0.0027928171848765615
ED,Consolidated Edison Inc,2015-05-15,2015-04-30,2015-05-15,8,9,Cawley Timothy; Hoglund Robert N; Ivey Craig S; McAvoy John; Moore Elizabeth D; Muccilo Robert; Nadkarni Gurudatta D; Oates Joseph P,18169,61.53222222222222,2015-04-30,2015-05-15,2015-05-06 16:42:01,2015-05-15 16:37:51,40595972096.0,0.0056664463545144095,0.007673070609122146,-0.011153080146495409,0.10115834245338062
ED,Consolidated Edison Inc,2015-10-05,2015-08-31,2015-09-30,11,20,Cawley Timothy; Hoglund Robert N; Ivey Craig S; McAvoy John; Moore Elizabeth D; Muccilo Robert; Nadkarni Gurudatta D; Oates Joseph P; Resheske Frances; Sanford Linda S; Shukla Saumil P,148122,63.4115,2015-08-31,2015-09-30,2015-09-04 14:02:20,2015-10-05 17:50:02,40595972096.0,-0.02916352664045896,-0.04649090254509036,-0.10329830539836293,-0.07280553589044114
ED,Consolidated Edison Inc,2015-12-15,2015-11-16,2015-12-15,8,10,Cawley Timothy; Hoglund Robert N; Ivey Craig S; McAvoy John; Moore Elizabeth D; Muccilo Robert; Nadkarni Gurudatta D; Oates Joseph P,20246,63.462,2015-11-16,2015-12-15,2015-11-16 16:20:32,2015-12-15 17:06:15,40595972096.0,0.009855054702518684,0.01783035406620148,0.1580335565192439,0.19136787520039777
ED,Consolidated Edison Inc,2016-03-16,2016-02-16,2016-03-15,8,10,Cawley Timothy; Hoglund Robert N; Ivey Craig S; McAvoy John; Moore Elizabeth D; Muccilo Robert; Nadkarni Gurudatta D; Oates Joseph P,20139,71.808,2016-02-16,2016-03-15,2016-02-16 18:36:56,2016-03-16 18:12:36,40595972096.0,0.009212175291428926,0.009292349060660232,-0.026537742390891017,0.008864789013842689
ED,Consolidated Edison Inc,2016-06-15,2016-05-16,2016-06-15,8,10,Cawley Timothy; Hoglund Robert N; Ivey Craig S; McAvoy John; Moore Elizabeth D; Muccilo Robert; Nadkarni Gurudatta D; Oates Joseph P,20190,74.08999999999999,2016-05-16,2016-06-15,2016-05-16 16:53:03,2016-06-15 16:15:30,40595972096.0,-0.005420198483782279,-0.0194200623729458,-0.02655122562085621,-0.09025526442862863
ED,Consolidated Edison Inc,2016-08-15,2016-07-31,2016-08-15,8,9,Cawley Timothy; Hoglund Robert N; Ivey Craig S; McAvoy John; Moore Elizabeth D; Muccilo Robert; Nadkarni Gurudatta D; Oates Joseph P,18137,79.94222222222223,2016-07-31,2016-08-15,2016-08-04 16:19:43,2016-08-15 17:11:01,40595972096.0,-0.03662552698104704,-0.017857285946820456,0.0047880990777458,-0.02075273699819269
ED,Consolidated Edison Inc,2016-11-16,2016-10-17,2016-11-15,8,10,Cawley Timothy; Hoglund Robert N; Ivey Craig S; McAvoy John; Moore Elizabeth D; Muccilo Robert; Nadkarni Gurudatta D; Oates Joseph P,20193,72.71900000000001,2016-10-17,2016-11-15,2016-10-17 17:33:01,2016-11-16 18:02:28,40595972096.0,-0.010763185920399265,-0.025540587369363155,0.013982196077334086,-0.023013969907601517
ED,Consolidated Edison Inc,2017-01-17,2016-12-31,2017-01-17,11,12,Cawley Timothy; Hoglund Robert N; Ivey Craig S; McAvoy John; Moore Elizabeth D; Muccilo Robert; Nadkarni Gurudatta D; Oates Joseph P; Resheske Frances; Sanchez Robert; Shukla Saumil P,44278,71.72583333333333,2016-12-31,2017-01-17,2017-01-05 19:03:56,2017-01-17 18:33:08,40595972096.0,0.012598807655644362,-0.013427428425614174,-0.011368787333386088,0.04238429174994174
ED,Consolidated Edison Inc,2017-04-06,2017-03-15,2017-03-31,11,12,Cawley Timothy; Hoglund Robert N; Ivey Craig S; McAvoy John; Moore Elizabeth D; Muccilo Robert; Nadkarni Gurudatta D; Oates Joseph P; Resheske Frances; Sanchez Robert; Shukla Saumil P,43641,77.19,2017-03-15,2017-03-31,2017-03-16 18:02:31,2017-04-06 20:00:41,40595972096.0,-0.01082985817344273,0.00966874522327521,0.017310659776080817,-0.0017625070789668573
ED,Consolidated Edison Inc,2017-07-06,2017-05-31,2017-06-30,11,19,Cawley Timothy; Hoglund Robert N; Ivey Craig S; McAvoy John; Moore Elizabeth D; Muccilo Robert; Nadkarni Gurudatta D; Oates Joseph P; Resheske Frances; Sanchez Robert; Shukla Saumil P,58082,82.10736842105264,2017-05-31,2017-06-30,2017-06-06 17:00:54,2017-07-06 18:04:41,40595972096.0,0.003464949662574046,-0.008536126004286437,0.03903312492551558,-0.028955524589521886
ED,Consolidated Edison Inc,2017-10-05,2017-08-31,2017-09-30,11,19,Cawley Timothy; Hoglund Robert N; Ivey Craig S; McAvoy John; Moore Elizabeth D; Muccilo Robert; Nadkarni Gurudatta D; Oates Joseph P; Resheske Frances; Sanchez Robert; Shukla Saumil P,58779,83.8478947368421,2017-08-31,2017-09-30,2017-09-06 17:31:36,2017-10-05 17:19:04,40595972096.0,-0.007469670793155636,0.015552678507832152,0.05507677451414206,-0.037028736831608455
ED,Consolidated Edison Inc,2017-12-05,2017-10-31,2017-11-30,8,16,Cawley Timothy; Hoglund Robert N; McAvoy John; Moore Elizabeth D; Muccilo Robert; Nadkarni Gurudatta D; Oates Joseph P; Sanchez Robert,31603,85.03999999999999,2017-10-31,2017-11-30,2017-11-06 18:50:03,2017-12-05 17:37:49,40595972096.0,0.0032942629932344314,-0.014402578352028184,-0.18241614341502654,-0.16775721204742744
ED,Consolidated Edison Inc,2018-03-05,2018-01-31,2018-02-28,8,16,Cawley Timothy; Hoglund Robert N; McAvoy John; Moore Elizabeth D; Muccilo Robert; Nadkarni Gurudatta D; Oates Joseph P; Sanchez Robert,32229,78.85,2018-01-31,2018-02-28,2018-02-05 17:58:49,2018-03-05 17:35:04,40595972096.0,-0.003496306517908998,-0.017059447000160377,0.04713221494651787,0.019123507297251985
ED,Consolidated Edison Inc,2018-06-07,2018-05-31,2018-05-31,8,8,Cawley Timothy; Hoglund Robert N; McAvoy John; Moore Elizabeth D; Muccilo Robert; Nadkarni Gurudatta D; Oates Joseph P; Sanchez Robert,16113,76.72,2018-05-31,2018-05-31,2018-06-07 16:36:03,2018-06-07 16:55:16,40595972096.0,0.00212512123987052,0.007085560072675801,0.0654410180316265,0.049057484017119624
ED,Consolidated Edison Inc,2018-12-06,2018-10-31,2018-11-30,8,16,Cawley Timothy; Hoglund Robert N; McAvoy John; Moore Elizabeth D; Muccilo Robert; Nadkarni Gurudatta D; Oates Joseph P; Sanchez Robert,32228,76.975,2018-10-31,2018-11-30,2018-11-05 18:11:46,2018-12-06 16:40:37,40595972096.0,0.03045071371602237,0.04171919115945377,-0.04236700715155972,-0.006233115309190795
ED,Consolidated Edison Inc,2019-03-06,2019-02-28,2019-02-28,8,8,Cawley Timothy; Hoglund Robert N; McAvoy John; Moore Elizabeth D; Muccilo Robert; Nadkarni Gurudatta D; Oates Joseph P; Sanchez Robert,16115,78.71,2019-02-28,2019-02-28,2019-03-06 16:34:55,2019-03-06 16:42:39,40595972096.0,0.019315645942231785,0.018816656735376913,-0.030254048969622138,0.05875903391655912
ED,Consolidated Edison Inc,2019-07-05,2019-05-31,2019-06-30,11,19,Cawley Timothy; De La Bastide Lore; Hoglund Robert N; McAvoy John; Moore Elizabeth D; Muccilo Robert; Nadkarni Gurudatta D; Oates Joseph P; Resheske Frances; Sanchez Robert; Shukla Saumil P,66369,87.5221052631579,2019-05-31,2019-06-30,2019-06-05 16:41:00,2019-07-05 17:18:55,40595972096.0,0.002480154595347339,-0.00921705892542024,0.01888921490625406,0.0699664332504979
ED,Consolidated Edison Inc,2019-10-03,2019-08-31,2019-09-30,10,19,Cawley Timothy; De La Bastide Lore; Hoglund Robert N; McAvoy John; Moore Elizabeth D; Muccilo Robert; Nadkarni Gurudatta D; Oates Joseph P; Resheske Frances; Sanchez Robert,63122,88.95,2019-08-31,2019-09-30,2019-09-05 16:50:16,2019-10-03 16:48:28,40595972096.0,-0.0059730476197839,-0.013881431902897479,-0.12516776413003505,-0.13856909427428266
ED,Consolidated Edison Inc,2019-12-05,2019-10-31,2019-11-30,8,16,Cawley Timothy; De La Bastide Lore; Hoglund Robert N; McAvoy John; Muccilo Robert; Nadkarni Gurudatta D; Oates Joseph P; Sanchez Robert,28452,90.05,2019-10-31,2019-11-30,2019-11-05 16:37:10,2019-12-05 16:54:33,40595972096.0,-0.010833053303936468,-0.009677266936017226,-0.022259977898055228,0.01303493195276828
ED,Consolidated Edison Inc,2020-05-06,2020-03-31,2020-04-30,10,19,Cawley Timothy; De La Bastide Lore; Donnley Deneen L; Hoglund Robert N; McAvoy John; Muccilo Robert; Nachmias Stuart; Nadkarni Gurudatta D; Resheske Frances; Sanchez Robert,63992,82.29894736842104,2020-03-31,2020-04-30,2020-04-07 16:54:26,2020-05-06 17:48:03,40595972096.0,-0.04995721433534095,-0.052563971357249994,-0.11357258553721872,-0.14455139614593837
ED,Consolidated Edison Inc,2020-07-07,2020-05-31,2020-06-30,10,20,Cawley Timothy; De La Bastide Lore; Donnley Deneen L; Hoglund Robert N; McAvoy John; Muccilo Robert; Nachmias Stuart; Nadkarni Gurudatta D; Resheske Frances; Sanchez Robert,208100,73.81499999999998,2020-05-31,2020-06-30,2020-06-04 17:09:27,2020-07-07 18:06:41,40595972096.0,-0.006421576677511642,-0.018620336183561736,-0.054253328229045605,0.014854222737376244
ED,Consolidated Edison Inc,2020-10-07,2020-08-31,2020-09-30,10,19,Cawley Timothy; De La Bastide Lore; Donnley Deneen L; Hoglund Robert N; McAvoy John; Muccilo Robert; Nachmias Stuart; Nadkarni Gurudatta D; Resheske Frances; Sanchez Robert,65735,75.92421052631578,2020-08-31,2020-09-30,2020-09-03 17:31:23,2020-10-07 16:48:38,40595972096.0,-0.007726540656435743,-0.020488570708016463,-0.09277788514016538,-0.22268383529367897
ED,Consolidated Edison Inc,2021-01-07,2020-12-31,2020-12-31,10,10,Cawley Timothy; De La Bastide Lore; Donnley Deneen L; Hoglund Robert N; McAvoy John; Muccilo Robert; Nachmias Stuart; Nadkarni Gurudatta D; Resheske Frances; Sanchez Robert,49976,72.27,2020-12-31,2020-12-31,2021-01-07 19:30:30,2021-01-07 20:48:19,40595972096.0,-0.04067914761979652,-0.05378301619716086,-0.0730891302979706,-0.018377382562589695
ED,Consolidated Edison Inc,2021-04-07,2021-03-15,2021-03-31,12,13,Cawley Timothy; De La Bastide Lore; Donnley Deneen L; Hoglund Robert N; Ketschke Matthew; McAvoy John; Miller Joseph; Muccilo Robert; Nachmias Stuart; Nadkarni Gurudatta D; Resheske Frances; Sanchez Robert,48649,74.52923076923074,2021-03-15,2021-03-31,2021-03-17 16:58:17,2021-04-07 21:24:24,40595972096.0,-0.01343988557523157,-0.006914583023229781,0.028825800287201497,-0.09541569797905758
ED,Consolidated Edison Inc,2021-06-16,2021-05-31,2021-06-15,9,10,Cawley Timothy; De La Bastide Lore; Donnley Deneen L; Hoglund Robert N; Ketschke Matthew; Miller Joseph; Nachmias Stuart; Nadkarni Gurudatta D; Sanchez Robert,12748,77.28999999999999,2021-05-31,2021-06-15,2021-06-03 17:12:37,2021-06-16 17:05:23,40595972096.0,-0.012993655937033721,-0.05387587912744862,-0.08303306817727474,-0.08255848483148309
ED,Consolidated Edison Inc,2021-10-06,2021-08-31,2021-09-30,10,20,Cawley Timothy; De La Bastide Lore; Donnley Deneen L; Hoglund Robert N; Ketschke Matthew; Miller Joseph; Nachmias Stuart; Nadkarni Gurudatta D; Resheske Frances; Sanchez Robert,52264,73.94699999999999,2021-08-31,2021-09-30,2021-09-03 16:31:18,2021-10-06 16:54:48,40595972096.0,0.005508400105495914,0.03640770394610038,-0.009299743333902821,0.0792295919784245
ED,Consolidated Edison Inc,2021-12-06,2021-10-31,2021-11-30,9,18,Cawley Timothy; De La Bastide Lore; Donnley Deneen L; Hoglund Robert N; Ketschke Matthew; Miller Joseph; Nachmias Stuart; Nadkarni Gurudatta D; Sanchez Robert,25334,75.40000000000002,2021-10-31,2021-11-30,2021-11-04 16:54:22,2021-12-06 17:02:42,40595972096.0,-0.01998318679892286,0.007506294569144867,0.020299723771255995,0.14257699251063305
ED,Consolidated Edison Inc,2022-03-04,2022-01-31,2022-03-01,9,19,Cawley Timothy; De La Bastide Lore; Donnley Deneen L; Hoglund Robert N; Ketschke Matthew; Miller Joseph; Nachmias Stuart; Nadkarni Gurudatta D; Sanchez Robert,32221,86.10894736842106,2022-01-31,2022-03-01,2022-02-04 17:08:25,2022-03-04 16:52:07,40595972096.0,0.058318445966132226,0.04778813024852169,0.0896633056360141,0.18301170102155928
ED,Consolidated Edison Inc,2022-06-03,2022-05-02,2022-06-01,9,11,Cawley Timothy; De La Bastide Lore; Donnley Deneen L; Hoglund Robert N; Ketschke Matthew; Miller Joseph; Nachmias Stuart; Nadkarni Gurudatta D; Sanchez Robert,28102,98.75272727272728,2022-05-02,2022-06-01,2022-05-02 16:39:45,2022-06-03 17:06:04,40595972096.0,0.00854755178073796,0.03130736065774997,-0.008392434835919338,0.04690770816409706
ED,Consolidated Edison Inc,2022-08-04,2022-07-31,2022-08-01,9,10,Cawley Timothy; Donnley Deneen L; Hoglund Robert N; Ketschke Matthew; Miller Joseph; Nachmias Stuart; Nadkarni Gurudatta D; Sanchez Robert; Shannon Nancy,20700,99.246,2022-07-31,2022-08-01,2022-08-01 16:38:55,2022-08-04 16:48:53,40595972096.0,-0.006911761531995686,-0.009493505888499287,0.06673566879470427,-0.03370750337559669
ED,Consolidated Edison Inc,2022-10-06,2022-08-31,2022-09-30,9,20,Cawley Timothy; Donnley Deneen L; Hoglund Robert N; Ketschke Matthew; Miller Joseph; Nachmias Stuart; Nadkarni Gurudatta D; Sanchez Robert; Shannon Nancy,62680,92.4415,2022-08-31,2022-09-30,2022-09-01 16:37:44,2022-10-06 17:30:36,40595972096.0,-0.016770977642754925,-0.018599232289912226,0.016168232796587967,0.10498914132662795
ED,Consolidated Edison Inc,2023-01-09,2022-11-30,2022-12-30,9,20,Cawley Timothy; Donnley Deneen L; Hoglund Robert N; Ketschke Matthew; Miller Joseph; Nachmias Stuart; Nadkarni Gurudatta D; Sanchez Robert; Shannon Nancy,63396,96.835,2022-11-30,2022-12-30,2022-12-01 16:38:33,2023-01-09 17:41:15,40595972096.0,-0.003784164694867753,-0.04888802525577152,-0.07403797111569932,-0.03848992743684665
ED,Consolidated Edison Inc,2023-03-16,2023-02-28,2023-03-15,9,10,Cawley Timothy; Donnley Deneen L; Hoglund Robert N; Ketschke Matthew; Miller Joseph; Nachmias Stuart; Nadkarni Gurudatta D; Sanchez Robert; Shannon Nancy,13313,89.809,2023-02-28,2023-03-15,2023-03-06 17:00:27,2023-03-16 15:16:45,40595972096.0,-0.005751530725960907,-0.05472952319516877,-0.042946904148102316,-0.14205760918106802
ED,Consolidated Edison Inc,2023-07-06,2023-05-31,2023-06-30,9,19,Cawley Timothy; Donnley Deneen L; Ho Christina; Hoglund Robert N; Ketschke Matthew; Miller Joseph; Nachmias Stuart; Sanchez Robert; Shannon Nancy,50394,91.90789473684212,2023-05-31,2023-06-30,2023-06-06 16:31:26,2023-07-06 16:36:46,40595972096.0,0.0015040215681253466,-0.004602101115285917,-0.02543220847264538,-0.038515720030332656
ED,Consolidated Edison Inc,2023-10-05,2023-08-31,2023-09-29,9,19,Cawley Timothy; Donnley Deneen L; Ho Christina; Hoglund Robert N; Ketschke Matthew; Miller Joseph; Nachmias Stuart; Sanchez Robert; Shannon Nancy,50991,87.50263157894737,2023-08-31,2023-09-29,2023-09-07 16:26:15,2023-10-05 16:46:43,40595972096.0,0.014042962589378982,0.016455119537916563,0.032103292933629124,-0.009861858656638356
ED,Consolidated Edison Inc,2023-12-06,2023-10-31,2023-11-30,9,18,Cawley Timothy; Donnley Deneen L; Ho Christina; Hoglund Robert N; Ketschke Matthew; Miller Joseph; Nachmias Stuart; Sanchez Robert; Shannon Nancy,26732,88.94999999999999,2023-10-31,2023-11-30,2023-11-06 16:30:14,2023-12-06 16:43:15,40595972096.0,0.010137903800236936,0.00048221732282738294,-0.08491949187918646,-0.13026429684173746
ED,Consolidated Edison Inc,2024-03-07,2024-01-31,2024-02-29,7,14,Cawley Timothy; Donnley Deneen L; Hoglund Robert N; Miller Joseph; Nachmias Stuart; Sanchez Robert; Shannon Nancy,22066,89.05500000000002,2024-01-31,2024-02-29,2024-02-07 16:20:36,2024-03-07 16:36:14,40595972096.0,-0.0008598311675842574,-0.023334186024078107,0.04697233871029827,0.01293902086672305
EE,"Excelerate Energy, Inc.",2022-04-20,2022-04-18,2022-04-18,9,9,Armstrong Dana A; Bancroft Calvin A; Bent Michael Anthony; Broussard Amy Thompson; Bustos Daniel H; Kleemeier Henry G; Kobos Steven M; Millican Don P.; Waldo Robert,10780032,24.0,2022-04-18,2022-04-18,2022-04-20 16:16:45,2022-04-20 16:17:27,4602918400.0,-0.08104103394733386,0.09705247479298684,0.18056040676887386,-0.0759585898285231
EFC,Ellington Financial LLC,2018-05-24,2018-05-10,2018-05-23,3,4,Penn Laurence; Simon Ronald I; Vranos Michael W,1733067,15.94,2018-05-10,2018-05-23,2018-05-14 17:06:27,2018-05-24 16:07:38,1531936512.0,0.008129783740904784,0.0039016268393359255,-0.026523587977843488,-0.0031592819431041086
EFSC,Enterprise Financial Services Corp,2021-11-12,2021-11-02,2021-11-09,3,3,Dumlao Troy; Eulich John S; Keene S Turner,424425,32.86333333333334,2021-11-02,2021-11-09,2021-11-04 11:40:35,2021-11-12 11:58:20,2103329920.0,-0.02574553750346975,-0.04979065665422622,-0.06752566442789798,0.027682305351994452
EG,"Everest Group, Ltd.",2024-02-13,2024-02-09,2024-02-12,6,6,Andrade Juan C; Graf John A; Karmilowicz Mike; Kociancic Mark; Singer Roger M.; Williamson James Allan,1374524,352.92833333333334,2024-02-09,2024-02-12,2024-02-12 16:43:46,2024-02-13 16:43:19,14068106240.0,0.03282138012896918,0.010212589427141427,0.05395232731346833,0.017490769325184008
EGBN,Eagle Bancorp Inc,2023-05-22,2023-05-16,2023-05-18,6,8,Freidkin Steven; Levingston Charles; Ludwig A. Leslie; Raffa Kathy A; Riel Susan G; Saltzman Paul,368723,17.77,2023-05-16,2023-05-18,2023-05-17 12:04:39,2023-05-22 16:00:03,771125632.0,0.11967980752822927,0.08111865797312778,0.062166879478217085,0.29664769820256787
EGBN,Eagle Bancorp Inc,2024-05-31,2024-04-29,2024-05-29,4,5,Newell Eric R; Riel Susan G; Saltzman Paul; Williams Janice L.,168521,18.548,2024-04-29,2024-05-29,2024-05-01 15:24:06,2024-05-31 09:11:12,771125632.0,0.014710775251681518,-0.02811764930131111,0.21022458140020883,0.19179748534798735
EHAB,"Enhabit, Inc.",2022-09-02,2022-08-03,2022-08-31,11,12,Bolton Jeffrey; Brown-Stevenson Tina L.; Curl Yvonne M; Elson Charles M; Higdon Leo I Jr; Hoeflinger Erin; Jacobsmeyer Barbara Ann; Lamonica Susan; Marion Tanya Renee; Maupin John E Jr D D S; Shaw L Edward Jr,1065257,13.496666666666668,2022-08-03,2022-08-31,2022-08-05 18:06:28,2022-09-02 17:19:32,689389248.0,0.09080188676522827,0.025553287570761807,-0.09774511681737552,-0.12560726653892007
EHAB,"Enhabit, Inc.",2022-11-22,2022-11-04,2022-11-18,3,4,Bolton Jeffrey; Higdon Leo I Jr; Rush Gregory S,196464,12.9375,2022-11-04,2022-11-18,2022-11-08 20:52:20,2022-11-22 19:35:18,689389248.0,0.05191931666275251,0.08305093871118041,-0.005178762520090863,0.20470020440817938
EHAB,"Enhabit, Inc.",2023-05-31,2023-05-17,2023-05-26,4,5,Bolton Jeffrey; Hoeflinger Erin; Langham Ronald Leroy Jr; Shaw L Edward Jr,311342,11.84,2023-05-17,2023-05-26,2023-05-18 15:01:35,2023-05-31 20:17:08,689389248.0,0.0975729535876022,0.2505224765730434,0.09190136155418505,0.10583816655839606
EIG,"Employers Holdings, Inc.",2015-09-02,2015-08-24,2015-08-31,4,4,Glenn Valerie R; McSally Michael J; Ong Katherine W; Rumbolz Michael D,97242,22.1,2015-08-24,2015-08-31,2015-08-25 17:14:55,2015-09-02 14:01:52,939778176.0,-0.017434484484974755,-0.008525588405032147,0.019033791977310477,0.15756802469325715
EIG,"Employers Holdings, Inc.",2020-05-15,2020-04-28,2020-05-14,5,6,Blakey Richard W; Dirks Douglas D; McSally Michael J; Mutschink John M.; Paquette Michael Scott,1065901,29.278333333333336,2020-04-28,2020-05-14,2020-04-28 20:16:34,2020-05-15 17:30:55,939778176.0,0.05355855287501066,0.08811856897904513,0.059286232265272965,0.13753630865795197
EIG,"Employers Holdings, Inc.",2020-12-03,2020-11-23,2020-12-03,3,3,De Figueiredo Joao M; Kroner James R; Mockard Jeanne L,148308,31.38,2020-11-23,2020-12-03,2020-11-24 16:41:15,2020-12-03 18:26:22,939778176.0,0.03858304800543744,0.052267241642772744,0.0237831527748118,0.07494811771113064
ELAN,Elanco Animal Health Inc,2019-09-12,2019-08-22,2019-09-11,5,5,Hicks Michael-Bryant; Hoover R David; Kochevar Deborah Turner; Simmons Jeffrey N; Young Todd S.,3003118,26.935999999999996,2019-08-22,2019-09-11,2019-08-26 07:46:32,2019-09-12 14:20:09,12369541120.0,-0.004885755205463416,-0.05878411657985816,-0.0899188371742633,-0.1109472044059081
ELAN,Elanco Animal Health Inc,2020-08-28,2020-08-03,2020-08-27,4,5,Bilbrey John P; Garcia Art A; Hoover R David; Young Todd S.,1021616,26.048,2020-08-03,2020-08-27,2020-08-04 16:15:18,2020-08-28 18:28:52,12369541120.0,0.03024701154811793,0.015469382064336346,0.1853879664215261,0.07277396108648748
ELAN,Elanco Animal Health Inc,2021-08-17,2021-08-11,2021-08-13,3,3,Harrington Michael J; Hoover R David; Simmons Jeffrey N,900482,30.0,2021-08-11,2021-08-13,2021-08-11 13:14:49,2021-08-17 16:57:02,12369541120.0,0.016159926769859,0.02154957560893811,0.05090379041465232,0.00541404602919382
ELAN,Elanco Animal Health Inc,2022-09-09,2022-09-09,2022-09-09,4,4,Herendeen Paul; Hoover R David; Modi Rajeev A.; Simmons Jeffrey N,989840,14.9125,2022-09-09,2022-09-09,2022-09-09 16:29:04,2022-09-09 16:31:21,12369541120.0,0.09668189000366811,0.08288113584283541,-0.07461993089933927,-0.08753577892050035
ELAN,Elanco Animal Health Inc,2024-03-12,2024-03-06,2024-03-08,3,3,Doyle William F; Harrington Michael J; Hoover R David,617802,16.243333333333336,2024-03-06,2024-03-08,2024-03-08 17:09:02,2024-03-12 16:32:22,12369541120.0,-0.016039425686375175,-0.03302210494029345,-0.16075390088110098,0.09147218131919721
EMBC,Embecta Corp.,2023-09-08,2023-08-10,2023-09-08,4,4,Elguicze Jacob; Kurdikar Devdatt; Mann Jeffrey Z; Melcher David F,409365,20.2275,2023-08-10,2023-09-08,2023-08-10 17:09:48,2023-09-08 21:47:03,575024832.0,0.021188299187250736,0.036730616095699276,0.03647955636850986,0.17118729222013984
EMR,Emerson Electric Co,2023-11-20,2023-11-08,2023-11-17,4,4,Bolten Joshua B.; Golden Arthur F; Karsanbhai Surendralal Lanca; McKelvey James Morgan Jr.,1865649,86.21749999999999,2023-11-08,2023-11-17,2023-11-13 08:13:39,2023-11-20 07:10:38,82416623616.0,-0.013006727677511098,-0.02453053219208612,0.0245245997443182,0.08242494180328386
ENR,"Energizer Holdings, Inc.",2017-08-24,2017-08-04,2017-08-22,3,4,Gorman Timothy W; Hoskins Alan R.; Vitale Robert V,1297792,41.645,2017-08-04,2017-08-22,2017-08-08 16:44:20,2017-08-24 17:00:54,1365926656.0,0.0404204064720709,0.019561278648372316,0.0381365359423429,0.0011316368557963141
ENR,"Energizer Holdings, Inc.",2018-12-10,2018-11-19,2018-12-06,4,4,Gorman Timothy W; Hoskins Alan R.; Klein John Eddy; Vitale Robert V,1216817,46.3825,2018-11-19,2018-12-06,2018-11-20 17:58:15,2018-12-10 16:54:08,1365926656.0,0.047005849866175176,0.06788806457616092,-0.020546090912053283,-0.05901287297464641
ENR,"Energizer Holdings, Inc.",2019-08-19,2019-08-08,2019-08-15,8,10,Boss Emily K; Drath Susan K; Gorman Timothy W; Hoskins Alan R.; Kinder Gregory T; Klein John Eddy; Lavigne Mark Stephen; Vitale Robert V,1625298,35.693000000000005,2019-08-08,2019-08-15,2019-08-08 10:48:18,2019-08-19 09:14:51,1365926656.0,-0.003461071595204812,0.01819923572009796,0.10605001215839249,0.09034889413888614
ENVX,Enovix Corp,2022-05-23,2022-05-13,2022-05-23,3,4,Hejlek Edward J; McCranie J Daniel; Rodgers Thurman J,3915400,8.95,2022-05-13,2022-05-23,2022-05-16 16:37:21,2022-05-23 16:53:32,1103548672.0,0.005178108876346288,0.23235887620038387,-0.004818146898924902,1.0463623459059437
EPC,Edgewell Personal Care Co,2018-03-06,2018-02-12,2018-03-06,7,8,Bender Anthony J; Hatfield David P; Heinrich Daniel J; Hill John N; Hoover R David; Hunter John C III; Johnson James C,764008,52.025000000000006,2018-02-12,2018-03-06,2018-02-12 14:27:28,2018-03-06 15:03:37,999735296.0,0.0046351417554890695,-0.047444054483239184,-0.11830288687626478,-0.1732417821366744
EPC,Edgewell Personal Care Co,2019-05-29,2019-05-13,2019-05-28,5,6,Heinrich Daniel J; Hoover R David; Iasenza Marisa; Johnson James C; Little Rod R,1079847,32.00333333333334,2019-05-13,2019-05-28,2019-05-13 14:06:54,2019-05-29 10:44:37,999735296.0,-0.023503764361904267,-0.030242256472046813,-0.14118287651007622,-0.04766517236219747
EPD,Enterprise Products Partners L P,2015-12-22,2015-12-02,2015-12-22,5,5,Andress Thurmon; Fowler W Randall; Hackett James T; Montgomery William C; Teague Aj,4095027,22.73,2015-12-02,2015-12-22,2015-12-02 16:10:27,2015-12-22 18:20:14,80936951808.0,0.03664591650259963,0.006951795878935574,0.03169198062002676,0.017515456195929868
EPD,Enterprise Products Partners L P,2016-03-09,2016-02-11,2016-03-08,4,4,Barth Carin Marcy; McMahen Charles E; Montgomery William C; Williams Randa Duncan,739400,21.05,2016-02-11,2016-03-08,2016-02-11 18:48:29,2016-03-09 16:07:05,80936951808.0,-0.010453011523606448,0.029871245973004168,0.08763265885409988,0.16385408886921748
EPD,Enterprise Products Partners L.P.,2020-03-19,2020-03-10,2020-03-19,5,13,Bachmann Richard H; Barth Carin Marcy; Fowler W Randall; Teague Aj; Williams Randa Duncan,5350405,13.784615384615384,2020-03-10,2020-03-19,2020-03-10 16:16:42,2020-03-19 16:50:54,80936951808.0,0.22769465523350396,0.13265084042319564,0.24785882654276614,0.3477991626658381
EPRT,"Essential Properties Realty Trust, Inc.",2018-11-15,2018-11-06,2018-11-15,4,4,Bossidy Paul T; Donlan Daniel P; Mavoides Peter M.; Seibert Gregg A,313440,14.097499999999998,2018-11-06,2018-11-15,2018-11-06 11:47:00,2018-11-15 15:10:47,7276796416.0,-0.013064469370212217,0.01927054957238572,0.0651796643537651,0.15488392168258502
EPRT,"Essential Properties Realty Trust, Inc.",2020-03-24,2020-03-19,2020-03-20,6,7,Bossidy Paul T; Dobkin Anthony K.; Estes Scott A; Minich Lawrence J; Neary Heather Leed; Sautel Stephen D,988068,9.651428571428571,2020-03-19,2020-03-20,2020-03-20 17:58:36,2020-03-24 18:03:01,7276796416.0,-0.03809764877498045,-0.12984547956206804,-0.2824952797640733,-0.034297066494728634
EQBK,Equity Bancshares Inc,2017-06-07,2017-05-17,2017-06-06,3,4,Bontrager Wendell; Smits Scott A; Sorensen Harvey R,167587,30.1875,2017-05-17,2017-06-06,2017-05-19 16:25:51,2017-06-07 16:39:56,960678784.0,0.013882083365384323,0.05238777818227103,0.12938241702558617,0.10823429730152312
EQBK,Equity Bancshares Inc,2019-05-28,2019-04-29,2019-05-28,3,5,Anderson Craig L; Berglund James L; Sorensen Harvey R,155270,25.922000000000004,2019-04-29,2019-05-28,2019-04-29 15:36:31,2019-05-28 15:54:30,960678784.0,0.0051460481544871595,-0.020593077409799654,-0.06767484698942072,-0.038455026111149815
EQBK,Equity Bancshares Inc,2020-05-15,2020-05-06,2020-05-14,4,6,Allerheiligen Gary C; Berglund James L; Gaeddert Gregory L; Sorensen Harvey R,107478,14.773333333333332,2020-05-06,2020-05-14,2020-05-08 16:48:38,2020-05-15 15:49:39,960678784.0,0.11952034738668726,0.16325942922489523,0.2046415481065531,0.049660372020810195
EQBK,Equity Bancshares Inc,2020-09-17,2020-09-14,2020-09-16,3,4,Allerheiligen Gary C; Berglund James L; Hutton Benjamen M,286648,16.8725,2020-09-14,2020-09-16,2020-09-15 16:39:32,2020-09-17 12:59:39,960678784.0,-0.008684802486842114,-0.1254690991917995,0.11830068438380992,0.16987461956184946
EQBK,Equity Bancshares Inc,2023-05-10,2023-05-03,2023-05-09,3,3,Allerheiligen Gary C; Gaeddert Gregory L; Loving James S,99631,21.4,2023-05-03,2023-05-09,2023-05-05 17:35:35,2023-05-10 16:28:32,960678784.0,-0.001026267857501706,0.05961161934343595,0.0943275712451721,0.18355908464286474
EQBK,Equity Bancshares Inc,2024-12-05,2024-12-04,2024-12-04,4,4,Borck Leon; Koger Randee R; Loving James S; Sems Richard M,520650,44.5,2024-12-04,2024-12-04,2024-12-05 14:22:14,2024-12-05 14:22:40,960678784.0,-0.01065716500123881,-0.021170243644179965,,
EQH,"Axa Equitable Holdings, Inc.",2018-05-11,2018-05-10,2018-05-10,7,7,Bernstein Seth P; Kaye Daniel G; Malmstrom Anders; Oliveira Ramon De; Pearson Mark; Stonehill Charles G.T.; Winikoff Brian,440000,20.0,2018-05-10,2018-05-10,2018-05-11 16:42:44,2018-05-11 16:53:53,11257843712.0,0.05350163210614256,0.06350024017167133,0.03664133544525905,0.006892219818043888
EQH,"Equitable Holdings, Inc.",2020-03-24,2020-03-11,2020-03-23,5,7,Hattem Dave S.; Kaye Daniel G; Lane Nick; Pearson Mark; Stansfield George,518147,12.298571428571426,2020-03-11,2020-03-23,2020-03-12 17:35:14,2020-03-24 10:20:54,11257843712.0,0.35852125494112896,0.23066782792127905,0.29894676550619836,0.5386738302753078
EQT,Eqt Corp,2017-07-06,2017-06-21,2017-07-03,4,5,Cary A. Bray Jr.; McNally Robert Joseph; Schlosser David E. Jr.; Schlotterbeck Steven T,2211650,53.048,2017-06-21,2017-07-03,2017-06-23 08:54:12,2017-07-06 16:18:19,38461521920.0,-0.014842688208937194,0.02514868125279235,0.0202442221970609,0.05169080178440466
EQT,Eqt Corp,2018-11-26,2018-10-31,2018-11-21,8,11,Behrman Philip G; Centofanti Erin R.; Jenkins Donald M.; Lushko Jonathan M.; McNally Robert Joseph; Rohr James E; Smith David Joseph; Smith Jimmi Sue,2406302,25.911818181818173,2018-10-31,2018-11-21,2018-10-31 16:57:35,2018-11-26 09:14:06,38461521920.0,0.011358268991499054,-0.01679508808228225,0.10362334748433544,0.027576103521840478
EQT,Eqt Corp,2019-03-18,2019-02-19,2019-03-14,4,4,Lushko Jonathan M.; McNally Robert Joseph; Smith David Joseph; Smith Jimmi Sue,617995,19.2475,2019-02-19,2019-03-14,2019-02-21 16:35:43,2019-03-18 16:29:47,38461521920.0,0.02909827067433346,0.0384666367484644,0.008399237776387292,-0.21152959586553977
ERIE,Erie Indemnity Co,2018-03-27,2018-02-27,2018-03-26,3,5,Datesh Luann; Hudson Brian Arden Sr.; Necastro Timothy G,227505,116.828,2018-02-27,2018-03-26,2018-02-27 15:41:54,2018-03-27 09:11:47,14231211008.0,0.024155091746050794,0.020379498476440716,-0.024679714181721324,-0.003639391681249382
ERII,"Energy Recovery, Inc.",2023-11-13,2023-11-06,2023-11-10,4,5,Chow Joan Kai; Moon David W; Sabol Colin R; Tondreau Pamela L.,383910,17.912,2023-11-06,2023-11-10,2023-11-08 17:37:07,2023-11-13 17:03:39,543687488.0,0.057809345639937115,0.0630659620784515,-0.0274319979046298,-0.27568176157391744
ESI,Element Solutions Inc,2019-08-15,2019-08-07,2019-08-14,3,3,Benson Scot; Capps John Edward; Gliklich Benjamin,255245,9.303333333333333,2019-08-07,2019-08-14,2019-08-09 07:33:38,2019-08-15 07:43:03,8193977856.0,-0.014109918883308037,-0.028690734307975863,0.10435441406376977,0.2072173750707229
ESQ,"Esquire Financial Holdings, Inc.",2017-08-25,2017-07-26,2017-08-25,4,11,Bader Eric S; Tandon Parag; Waterhouse Kevin C; Zises Selig,722890,15.010909090909092,2017-07-26,2017-08-25,2017-07-27 16:15:31,2017-08-25 16:04:46,873680064.0,-0.022114198696416065,-0.04472644696830175,0.003355398797291409,0.011820090375617376
ESQ,"Esquire Financial Holdings, Inc.",2018-02-16,2018-01-26,2018-02-14,3,4,Coelho Anthony; Waterhouse Kevin C; Zises Selig,163607,22.4575,2018-01-26,2018-02-14,2018-01-29 17:03:14,2018-02-16 13:28:51,873680064.0,0.04092846406111028,0.03920074994917777,0.17631280869732002,0.12866722099411998
ESQ,"Esquire Financial Holdings, Inc.",2019-08-27,2019-07-26,2019-08-23,4,8,Deutsch Todd; Lacapria Michael; Mitzman Robert; Waterhouse Kevin C,333019,23.985,2019-07-26,2019-08-23,2019-07-29 14:38:14,2019-08-27 10:45:33,873680064.0,-0.01782063567470238,-0.06811041581278354,0.002072857596810085,-0.05837247050775907
ESQ,"Esquire Financial Holdings, Inc.",2020-05-19,2020-04-16,2020-05-15,5,6,Bader Eric S; Grossman Marc D; Lacapria Michael; Mitzman Robert; Sagliocca Andrew C,205664,12.836666666666666,2020-04-16,2020-05-15,2020-04-20 15:37:32,2020-05-19 11:36:42,873680064.0,0.026382092082802844,0.06921322359427284,0.017644738937457882,-0.03707290959634735
ET,Energy Transfer LP,2020-03-17,2020-03-11,2020-03-16,4,5,Davis Ray C; Long Thomas E; Ramsey Matthew S.; Washburne Ray W,5899241,6.178,2020-03-11,2020-03-16,2020-03-13 11:40:10,2020-03-17 10:24:58,64884334592.0,-0.20758174864730816,-0.18493707820577798,0.18599173208914332,0.15351845270789477
ET,Energy Transfer LP,2021-08-23,2021-08-06,2021-08-19,3,6,Warren Kelcy L; Washburne Ray W; Whitehurst Bradford D.,28900044,9.136666666666668,2021-08-06,2021-08-19,2021-08-09 17:00:22,2021-08-23 08:00:17,64884334592.0,0.02397056381840179,0.011035931247437514,0.113138805708352,-0.021011817220765394
ET,Energy Transfer LP,2021-12-14,2021-12-10,2021-12-10,5,5,Davis Ray C; Long Thomas E; Ramsey Matthew S.; Warren Kelcy L; Whitehurst Bradford D.,122350198,7.45,2021-12-10,2021-12-10,2021-12-13 17:00:10,2021-12-14 17:00:38,64884334592.0,0.007158468250605177,-0.0020390641801596443,0.2389399881568175,0.3450555266290539
ET,Energy Transfer LP,2022-12-19,2022-11-15,2022-12-15,3,5,Brannon Richard D; Warren Kelcy L; Whitehurst Bradford D.,23373235,12.07,2022-11-15,2022-12-15,2022-11-15 16:15:21,2022-12-19 07:00:10,64884334592.0,0.008837992262876515,0.025462062816703157,0.051504710595355885,0.031057025787795567
ET,Energy Transfer LP,2023-09-06,2023-08-17,2023-09-05,3,4,McCrea Marshall S III; Warren Kelcy L; Whitehurst Bradford D.,40394000,13.3475,2023-08-17,2023-09-05,2023-08-21 18:35:01,2023-09-06 17:00:25,64884334592.0,0.003966304813639909,-0.011339893663834255,0.04986764297623847,0.01225966481611973
ET,Energy Transfer LP,2023-11-15,2023-11-06,2023-11-13,3,5,Mason Thomas P; Warren Kelcy L; Whitehurst Bradford D.,27196334,13.291999999999998,2023-11-06,2023-11-13,2023-11-08 16:00:08,2023-11-15 16:00:09,64884334592.0,-0.013109706523593223,0.01828910314679799,-0.026713992744334725,-0.03308438347542353
ET,Energy Transfer LP,2024-08-26,2024-08-12,2024-08-23,3,3,Long Thomas E; McIlwain Gregory G.; Warren Kelcy L,47667200,15.68,2024-08-12,2024-08-23,2024-08-13 16:46:58,2024-08-26 08:00:03,64884334592.0,-0.013846725690557449,0.010448074608956137,-0.021528855741373087,0.07976199798198458
ETON,"Eton Pharmaceuticals, Inc.",2018-11-15,2018-11-15,2018-11-15,6,6,Baum Mark L; Brynjelsen Sean; Casamento Charles J; Maier Paul V; Riedel Norbert G; Troutman William Wilson,240000,6.0,2018-11-15,2018-11-15,2018-11-15 19:06:53,2018-11-15 19:24:59,467966016.0,0.0036021814018827314,0.04072196073141088,0.08535309201207752,0.06693309709208362
EVER,"Everquote, Inc.",2021-12-03,2021-11-04,2021-12-01,3,13,Blundin David B; Deninger Paul F; Neble George R,4670596,14.682307692307692,2021-11-04,2021-12-01,2021-11-05 16:05:14,2021-12-03 16:15:31,590166208.0,0.088453707429071,0.20919768799948013,0.24326646249068062,0.20060669098466155
EVRG,"Evergy, Inc.",2021-10-06,2021-09-23,2021-10-05,3,6,Andrews Kirkland B; Campbell David A; Wilder C John,12268612,63.20000000000001,2021-09-23,2021-10-05,2021-09-23 16:16:34,2021-10-06 18:02:37,19438069760.0,-0.015382390034324511,-0.007665025027181138,-0.03605811062363995,0.00022101501698235104
EWBC,East West Bancorp Inc,2019-09-04,2019-08-23,2019-09-03,9,9,Chan Iris S; Estrada Rudolph; Irving Paul H; Krause Douglas Paul; Ng Dominic; Oh Irene H; Sussman Lester; Yen Andy; Zhou Catherine,1865280,38.91555555555555,2019-08-23,2019-09-03,2019-08-27 16:25:14,2019-09-04 15:42:13,15203209216.0,0.03067501856140331,0.12161764926702445,0.0594587803492046,0.07523977995463116
EWBC,East West Bancorp Inc,2023-05-16,2023-05-04,2023-05-11,9,11,Alvarez Manuel Pham; Campbell Molly; Deskus Archana; Kay Sabrina; Ng Dominic; Oh Irene H; Shi Parker; Sussman Lester; Teo Gary,1638336,43.67454545454546,2023-05-04,2023-05-11,2023-05-04 14:09:28,2023-05-16 12:32:32,15203209216.0,0.035980765769933365,0.07860453523510613,0.03931540205475392,0.1727941260157504
EWCZ,"European Wax Center, Inc.",2021-11-05,2021-08-09,2021-08-09,7,7,Goldman Laurie Ann; Grossman Jean; Lively Dorvin D; Lynch Jyoti A.; O'Connor Gavin M.; Vanderveldt Jennifer C.; Willis David L,1229100,17.0,2021-08-09,2021-08-09,2021-08-09 18:34:53,2021-11-05 21:53:35,313894112.0,-0.001013793791200257,-0.09053582770951352,-0.07094971501719594,-0.14891519755871363
EWTX,"Edgewise Therapeutics, Inc.",2021-03-31,2021-03-30,2021-03-30,5,5,Flynn James E; Novo Holdings A/s; Orbimed Advisors LLC; Root Jonathan D; Thompson Peter A.,31750000,16.0,2021-03-30,2021-03-30,2021-03-30 15:42:58,2021-03-31 19:12:14,3050069504.0,-0.05365356727555182,-0.07401266989537891,-0.2325394314620507,-0.3171633368068304
EWTX,"Edgewise Therapeutics, Inc.",2022-09-16,2022-09-14,2022-09-16,3,3,Novo Holdings A/s; Orbimed Advisors LLC; Thompson Peter A.,14999997,10.32,2022-09-14,2022-09-16,2022-09-16 14:35:28,2022-09-16 16:34:16,3050069504.0,-0.02306816492493069,0.05295411061300215,0.03267730919141232,-0.13745925626179822
EWTX,"Edgewise Therapeutics, Inc.",2024-01-25,2023-12-26,2024-01-23,3,3,Fox Jonathan C; Orbimed Advisors LLC; Thompson Peter A.,10100948,10.433333333333334,2023-12-26,2024-01-23,2023-12-28 16:39:30,2024-01-25 16:32:07,3050069504.0,0.07416746443642452,0.2441089249650008,0.06585948539829056,-0.04838706066615006
EXAS,Exact Sciences Corp,2016-03-08,2016-03-01,2016-03-08,3,3,Conroy Kevin T; Doyle James Edward; Napier Katherine S,302447,5.603333333333333,2016-03-01,2016-03-08,2016-03-01 12:46:01,2016-03-08 14:56:13,19732115456.0,-0.07146402698441379,-0.08984400949894045,0.07982533960823956,-0.03153617498149108
EXLS,"Exlservice Holdings, Inc.",2022-03-18,2022-03-11,2022-03-16,4,4,Ayyappan Ajay; Kini Narasimha; Mahon Anita; Nicolelli Maurizio,604727,130.835,2022-03-11,2022-03-16,2022-03-15 17:01:11,2022-03-18 17:05:26,5067319296.0,0.004885340434192864,-0.026967604706580328,0.050474302020910744,0.1748699321261038
EXPE,"Expedia Group, Inc.",2019-12-09,2019-11-25,2019-12-06,3,3,Altman Samuel H.; Gieselman Jon T.; Kern Peter M,4725328,103.81666666666666,2019-11-25,2019-12-06,2019-11-27 16:10:10,2019-12-09 17:27:47,26362152960.0,0.04394700355509373,0.04710989170364499,-0.0015271039107349615,-0.0955686055113667
EXTR,Extreme Networks Inc,2018-05-25,2018-05-10,2018-05-24,5,6,Holmgren Kathleen M; Kennedy Edward H; Khanna Raj; Meyercord Edward; Shoemaker John C,1352346,8.705,2018-05-10,2018-05-24,2018-05-14 16:13:04,2018-05-25 18:49:10,1905284608.0,0.01941193775805672,-0.005475824487128245,-0.06472943697134181,-0.3454580778044499
EYE,"National Vision Holdings, Inc.",2023-05-24,2023-05-15,2023-05-22,3,3,Fahs L Reade; Peeler D Randolph; Taylor Thomas V,1388673,24.5,2023-05-15,2023-05-22,2023-05-17 12:22:15,2023-05-24 16:42:34,2112013568.0,0.0081751122084468,0.0015786620232527415,-0.10181946639629424,-0.3185904886720362
EYPT,"Eyepoint Pharmaceuticals, Inc.",2024-08-21,2024-08-16,2024-08-21,4,4,Ando Goran; Dicicco Wendy F; Lurker Nancy; Zaderej Karen L.,184500,7.9,2024-08-16,2024-08-21,2024-08-20 16:04:02,2024-08-21 16:32:51,1516661760.0,0.17024217224539895,0.14320297871926968,0.06475582670746283,0.29353189331778884
FAST,Fastenal Co,2017-05-01,2017-04-17,2017-04-28,3,3,Eastman Stephen L.; Jackson Darren R; Johnson Daniel L.,255566,45.23333333333333,2017-04-17,2017-04-28,2017-04-18 16:32:28,2017-05-01 12:08:53,53080322048.0,0.006054694027848306,0.018431235935450374,-0.05537613193626345,-0.05455340872876824
FAST,Fastenal Co,2017-07-25,2017-07-17,2017-07-24,5,5,Drazkowski William Joseph; Eastman Stephen L.; Johnson Daniel L.; Lewis Holden; Soderberg John Lewis,167966,42.482,2017-07-17,2017-07-24,2017-07-18 10:01:02,2017-07-25 12:41:30,53080322048.0,0.017514718995536693,-0.002955406331010768,-0.01566267949011202,0.08475870959242404
FAST,Fastenal Co,2018-05-01,2018-04-25,2018-04-30,3,3,Ancius Michael J; Eastman Stephen L.; Lewis Holden,107675,49.78,2018-04-25,2018-04-30,2018-04-27 11:32:33,2018-05-01 15:58:55,53080322048.0,-0.011650529537573395,0.017293892336356365,0.00949873338004803,0.0671258927429772
FAST,Fastenal Co,2018-10-24,2018-10-12,2018-10-23,5,5,Drazkowski William Joseph; Florness Daniel L; Johnson Daniel L.; Lewis Holden; Owen Terry Modock,299849,51.68000000000001,2018-10-12,2018-10-23,2018-10-15 17:33:55,2018-10-24 12:30:28,53080322048.0,-0.00833697759461105,0.031336197239398844,0.13335975844414627,0.200771885318343
FAST,Fastenal Co,2021-02-08,2021-01-21,2021-02-05,4,6,Ancius Michael J; Dolan Michael John; Eastman Stephen L.; Johnson Daniel L.,351748,47.375,2021-01-21,2021-02-05,2021-01-25 16:11:24,2021-02-08 12:02:22,53080322048.0,-0.0063394705423052145,-0.02600335113081509,0.0005494541779151874,0.0758516127695592
FAST,Fastenal Co,2022-06-17,2022-05-19,2022-06-15,4,4,Ancius Michael J; Jansen James C; Johnson Daniel L.; Lewis Holden,182713,49.6375,2022-05-19,2022-06-15,2022-05-20 15:51:28,2022-06-17 11:59:12,53080322048.0,-0.006657178806288577,-0.010241013268732724,-0.06275292237590135,-0.09114958084937486
FAST,Fastenal Co,2022-09-16,2022-09-13,2022-09-15,3,3,Ancius Michael J; Florness Daniel L; Nielsen Sarah N,287350,48.01666666666667,2022-09-13,2022-09-15,2022-09-14 17:48:23,2022-09-16 07:35:03,53080322048.0,0.025340740796016226,0.06332891207044677,0.03645161161592836,0.07440578985653623
FBIZ,"First Business Financial Services, Inc.",2015-02-10,2015-02-03,2015-02-10,4,4,Bugher Mark D; Harris John J; Silseth John M; Voeks Dean W,80093,43.95,2015-02-03,2015-02-10,2015-02-03 16:08:01,2015-02-10 15:00:42,455398080.0,0.0006716392356733714,0.021695470346331902,-0.0016978333993911132,-0.041030023577867
FBIZ,"First Business Financial Services, Inc.",2016-02-18,2016-02-12,2016-02-16,3,3,Bugher Mark D; Harris John J; Voeks Dean W,25036,21.44,2016-02-12,2016-02-16,2016-02-12 17:06:10,2016-02-18 16:06:02,455398080.0,0.01904794730776771,-0.007248999236235898,0.0025167715309957206,0.07633025138055394
FBIZ,"First Business Financial Services, Inc.",2016-12-01,2016-11-02,2016-12-01,5,5,Bugher Mark D; Harris John J; Kilcoyne Gerald L; Sloane Edward G Jr; Voeks Dean W,265432,20.363999999999997,2016-11-02,2016-12-01,2016-11-02 17:11:55,2016-12-01 16:44:01,455398080.0,0.020944136570630434,0.015713093534892808,0.07574147715334623,0.0817657339915503
FBIZ,"First Business Financial Services, Inc.",2017-05-18,2017-05-18,2017-05-18,3,3,Bugher Mark D; Sanders Carol P; Voeks Dean W,10421,23.58,2017-05-18,2017-05-18,2017-05-18 16:21:52,2017-05-18 16:25:11,455398080.0,-0.004480051413747521,-0.016938846940204977,-0.028187714424890764,-0.12086804901259207
FBIZ,"First Business Financial Services, Inc.",2017-08-09,2017-08-08,2017-08-08,3,3,Bugher Mark D; Sanders Carol P; Voeks Dean W,8537,21.34,2017-08-08,2017-08-08,2017-08-09 16:31:36,2017-08-09 16:44:48,455398080.0,0.008051849910184483,0.0036413309218332746,-0.003291279165624994,0.0032864056104982
FBIZ,"First Business Financial Services, Inc.",2017-11-03,2017-10-31,2017-11-02,3,3,Harris John J; Sanders Carol P; Voeks Dean W,50643,22.333333333333332,2017-10-31,2017-11-02,2017-11-01 16:19:07,2017-11-03 16:18:01,455398080.0,-0.013434548002941749,-0.04600532213047981,-0.012338689700115646,-0.010590219455146599
FBIZ,"First Business Financial Services, Inc.",2018-12-26,2018-12-20,2018-12-24,4,4,Eddy Jan A; Keane Timothy J; Kilcoyne Gerald L; Olszewski Daniel P.,129327,19.9675,2018-12-20,2018-12-24,2018-12-21 16:20:47,2018-12-26 17:32:56,455398080.0,-0.07515392417152411,0.005499754002503687,-0.06656433403683826,-0.13549155530787038
FBIZ,"First Business Financial Services, Inc.",2019-05-02,2019-04-30,2019-04-30,3,3,Keane Timothy J; Olszewski Daniel P.; Sanders Carol P,21790,23.28,2019-04-30,2019-04-30,2019-05-02 16:28:36,2019-05-02 16:33:16,455398080.0,0.031850460810723735,0.05753948714539314,0.010067076320934287,0.002230202031643591
FBIZ,"First Business Financial Services, Inc.",2020-08-07,2020-07-28,2020-08-06,6,6,Kauten Ralph R.; Kilcoyne Gerald L; Olszewski Daniel P.; Sanders Carol P; Seiler David R.; Sloane Edward G Jr,269978,14.955,2020-07-28,2020-08-06,2020-07-29 16:35:45,2020-08-07 16:15:42,455398080.0,0.12447973839315285,0.1972117313699937,-0.08139039875702603,0.13028981115192984
FBIZ,"First Business Financial Services, Inc.",2022-05-06,2022-04-14,2022-05-05,3,3,Chavarria Carla C; Olszewski Daniel P.; Sanders Carol P,37035,34.32333333333333,2022-04-14,2022-05-05,2022-04-28 17:32:42,2022-05-06 16:19:02,455398080.0,0.02891423023247408,-0.022076021934612333,0.029016762214894354,-0.058304180491264956
FBIZ,"First Business Financial Services, Inc.",2022-08-05,2022-08-04,2022-08-04,3,3,Kilcoyne Gerald L; Olszewski Daniel P.; Sanders Carol P,176920,32.99666666666667,2022-08-04,2022-08-04,2022-08-05 16:05:51,2022-08-05 16:06:29,455398080.0,0.03934893760016245,0.050372682244643086,0.10486375575350915,0.22600835478271697
FBK,Fb Financial Corp,2016-09-30,2016-09-15,2016-09-15,7,7,Evans Wilburn J.; Gordon James R; Holmes Christopher T; Ingram Orrin H II; Johnson Ruth E.; Johnson Timothy L.; McWhorter Stuart C,1886700,19.0,2016-09-15,2016-09-15,2016-09-19 17:01:31,2016-09-30 19:35:11,2892320256.0,-0.029237697481798053,0.07755537895814113,0.0868753858795539,0.22080420075919327
FBK,Fb Financial Corp,2020-05-06,2020-04-30,2020-05-06,3,3,Ayers James W.; Carpenter William F III; Jubran Raja J.,1611062,22.110000000000003,2020-04-30,2020-05-06,2020-05-04 19:36:12,2020-05-06 15:54:24,2892320256.0,-0.004270072583444362,-0.07564395176639405,0.04692168999408741,0.04869455578333959
FBK,Fb Financial Corp,2022-12-19,2022-12-13,2022-12-15,3,3,Ayers James W.; Cross James W IV; Jubran Raja J.,2328303,36.370000000000005,2022-12-13,2022-12-15,2022-12-14 15:06:48,2022-12-19 18:25:59,2892320256.0,0.04329826533072012,0.051964558470760314,0.03056978435173341,-0.11556676747803651
FBK,Fb Financial Corp,2024-01-29,2023-04-18,2023-05-04,3,6,Ayers James W.; Ingram Orrin H II; Jubran Raja J.,1999971,28.251666666666665,2023-04-18,2023-05-04,2023-04-18 18:32:16,2024-01-29 17:52:40,2892320256.0,0.015215312325452146,-0.07605106094679448,-0.1284402144132688,-0.03677696833007604
FBNC,First Bancorp /nc/,2015-05-15,2015-05-05,2015-05-15,4,6,Mayer Michael Goodwin; Moore Richard H; Sloan O. Temple III; Wicker Dennis A,238801,15.886666666666663,2015-05-05,2015-05-15,2015-05-06 14:51:29,2015-05-15 10:59:35,2405870592.0,-0.011155769867491117,-0.004941455583869603,0.07402079730345212,0.0961513243349903
FBNC,First Bancorp /nc/,2016-06-30,2016-06-24,2016-06-30,3,5,Credle Eric P; Mayer Michael Goodwin; Moore Richard H,109992,17.607999999999997,2016-06-24,2016-06-30,2016-06-24 13:42:39,2016-06-30 12:43:30,2405870592.0,0.011314906612590603,0.014242777895988601,0.02128778196767156,0.09122598614320498
FBNC,First Bancorp /nc/,2017-05-04,2017-05-02,2017-05-04,3,3,Crawford James C III; Credle Eric P; Mayer Michael Goodwin,73194,29.23,2017-05-02,2017-05-04,2017-05-02 16:22:17,2017-05-04 14:47:53,2405870592.0,0.015660980229950106,-0.011607710826384565,0.03822132688311264,0.029090457529174607
FBNC,First Bancorp /nc/,2020-03-18,2020-03-12,2020-03-16,5,5,Crawford James C III; Moore Richard H; Phillips Thomas F; Taylor Frederick Leslie; Thomasson Virginia C,256137,24.274,2020-03-12,2020-03-16,2020-03-12 14:56:41,2020-03-18 14:34:22,2405870592.0,-0.09424136365711921,-0.1631319947130393,-0.08561556001364812,-0.20102091299967406
FBNC,First Bancorp /nc/,2023-09-29,2023-09-22,2023-09-27,4,4,Bostian Elizabeth B; Mayer Michael Goodwin; McLamb Carlie C Jr; Moore Richard H,76497,27.4175,2023-09-22,2023-09-27,2023-09-26 12:37:54,2023-09-29 08:14:11,2405870592.0,-0.021470719319978793,-0.005595737611962859,0.021447245423463324,0.2485035796180295
FCBC,First Community Bankshares Inc /va/,2020-08-25,2020-08-13,2020-08-21,3,3,Brown David D; Johnson Richard Scott; Mills Gary R,183794,19.896666666666665,2020-08-13,2020-08-21,2020-08-17 09:46:16,2020-08-25 08:56:59,735408384.0,-0.0349016058772319,-0.04143974198333866,-0.018004173607649054,0.091543716803971
FCF,First Commonwealth Financial Corp /pa/,2020-03-19,2020-03-10,2020-03-18,3,3,Dahlmann David S; Price T Michael; Tomb Matthew C,133049,9.13,2020-03-10,2020-03-18,2020-03-10 15:59:40,2020-03-19 13:57:37,1849109760.0,0.0572456658134044,-0.05311444714322722,-0.16787885415488346,-0.32692683818347534
FCNCA,First Citizens Bancshares Inc /de/,2018-05-31,2018-05-08,2018-05-30,4,6,Holding Frank B; Holding Frank B Jr; Holding Olivia Britton; Hoppe Robert R,390914,397.93833333333333,2018-05-08,2018-05-30,2018-05-08 14:31:37,2018-05-31 15:14:22,24205455360.0,0.00843752549439536,0.0023191645255407067,-0.11712755480921566,0.03034617214100921
FCNCA,First Citizens Bancshares Inc /de/,2018-11-21,2018-10-31,2018-11-20,4,5,Durham Harold Lee Jr; Heavner Daniel L; Holding Frank B Jr; Nix Craig L,200506,410.744,2018-10-31,2018-11-20,2018-11-01 15:31:56,2018-11-21 14:25:25,24205455360.0,-0.0009765372172224618,-0.03575972836337504,-0.05279853465190443,-0.02454273147099406
FCNCA,First Citizens Bancshares Inc /de/,2019-06-27,2019-06-06,2019-06-25,3,5,Holding Frank B Jr; Holding Olivia Britton; Nix Craig L,3315615,386.09,2019-06-06,2019-06-25,2019-06-06 15:15:23,2019-06-27 11:18:55,24205455360.0,0.03580599507928306,0.0367500868927606,0.028424564804188313,0.07369447722789957
FCNCA,First Citizens Bancshares Inc /de/,2021-03-22,2021-03-08,2021-03-19,3,3,Holding Frank B Jr; Holding Olivia Britton; Ward Jeffery L,869462,769.3299999999999,2021-03-08,2021-03-19,2021-03-10 11:59:23,2021-03-22 14:06:15,24205455360.0,-0.07555430463307988,-0.00997022297849659,-0.02494939806882135,-0.03738651338017007
FCNCA,First Citizens Bancshares Inc /de/,2022-02-25,2022-01-27,2022-02-24,5,5,Durham Harold Lee Jr; Hoppe Robert R; Ludwig West; Nix Craig L; Ward Jeffery L,402091,611.158,2022-01-27,2022-02-24,2022-01-28 15:57:12,2022-02-25 16:08:24,24205455360.0,0.04196503698553111,-0.052343008147764825,-0.19447637315983546,-0.04581671337539717
FCNCA,First Citizens Bancshares Inc /de/,2022-05-31,2022-04-29,2022-05-26,5,6,Durham Harold Lee Jr; Holding Frank B Jr; Hoppe Robert R; Newcomb Robert T; Nix Craig L,1173055,541.47,2022-04-29,2022-05-26,2022-05-03 11:36:30,2022-05-31 16:03:07,24205455360.0,0.013639855247412402,-0.009889744086584606,0.03370874846049143,0.19136014590750938
FCNCA,First Citizens Bancshares Inc /de/,2023-03-03,2023-02-03,2023-03-02,3,3,Flood Eugene Jr; Holding Frank B Jr; Nix Craig L,801247,720.5766666666667,2023-02-03,2023-03-02,2023-02-03 14:18:20,2023-03-03 11:14:48,24205455360.0,-0.00980643622424604,-0.08714270787614109,0.3855329042517974,0.7593984037183104
FCNCA,First Citizens Bancshares Inc /de/,2024-02-13,2020-03-09,2020-04-07,6,7,Bristow Claire H; Bristow Peter M; Bryant Hope Holding; Durham Harold Lee Jr; Holding Frank B Jr; Holding Olivia Britton,5097846,121.36714285714288,2020-03-09,2020-04-07,2020-03-10 14:33:51,2024-02-13 17:00:37,24205455360.0,0.005433863907669423,0.02842312069794084,0.037273307271105116,0.12113510344534961
FCPT,"Four Corners Property Trust, Inc.",2015-11-13,2015-11-09,2015-11-10,6,7,Brat James L; Hansen Douglas B; Lenehan William H; Morgan Gerald R; Ogilvie Marran H.; Szurek Paul E.,1119446,20.24857142857143,2015-11-09,2015-11-10,2015-11-09 18:16:13,2015-11-13 17:38:03,2818252544.0,-0.017446229665964652,-0.06078950690576501,0.1602390104838567,0.26781845890097566
FCPT,"Four Corners Property Trust, Inc.",2020-05-15,2020-05-14,2020-05-15,5,5,Hansen Douglas B; Lenehan William H; Moody John S; Morgan Gerald R; Stewart Niccole,370023,18.266,2020-05-14,2020-05-15,2020-05-15 17:59:47,2020-05-15 18:01:18,2818252544.0,0.15917230052184128,0.11323206715411271,0.2516093740638321,0.20328468450634696
FCPT,"Four Corners Property Trust, Inc.",2022-03-29,2022-03-04,2022-03-29,3,3,Hansen Douglas B; Lenehan William H; Moody John S,326263,26.89,2022-03-04,2022-03-29,2022-03-04 15:37:07,2022-03-29 16:28:22,2818252544.0,0.013867013048773469,0.05583804255308766,0.10175131984585162,0.17173320967688332
FDMT,4D Molecular Therapeutics Inc.,2020-12-17,2020-12-15,2020-12-15,4,4,Kamal Fariborz; Milligan John F; Viking Global Investors LP; Yao Tony Dung Ling,37474981,23.0,2020-12-15,2020-12-15,2020-12-17 17:39:31,2020-12-17 21:15:50,483362752.0,0.2307937529293218,0.04002503454182382,0.1550797267677242,0.10751454998237331
FFBC,First Financial Bancorp /oh/,2015-04-15,2015-04-14,2015-04-14,12,12,Ach J Wickliffe; Barker David S; Booth Cynthia O; Collar Mark A; Finnerty Corinne R; Geier Peter E; Kramer William J; Meyer Jeffrey D; Murph Knapke; Olszewski Richard E; Purkrabek Knust Susan L; Rahe Maribeth S,54402,17.520000000000003,2015-04-14,2015-04-14,2015-04-14 13:20:56,2015-04-15 10:44:20,2930502400.0,0.013513114144606986,-0.0008705178554893056,-0.003134501965315506,0.04408111825712213
FFBC,First Financial Bancorp /oh/,2015-10-07,2015-10-06,2015-10-06,12,12,Ach J Wickliffe; Barker David S; Booth Cynthia O; Collar Mark A; Finnerty Corinne R; Geier Peter E; Kramer William J; Meyer Jeffrey D; Murph Knapke; Olszewski Richard E; Purkrabek Knust Susan L; Rahe Maribeth S,56368,18.889999999999997,2015-10-06,2015-10-06,2015-10-07 13:50:34,2015-10-07 14:03:18,2930502400.0,0.010900469551438308,-0.020881203775026336,0.0016041380339786304,-0.08407366475581612
FFBC,First Financial Bancorp /oh/,2016-04-07,2016-04-06,2016-04-06,12,12,Ach J Wickliffe; Barker David S; Booth Cynthia O; Collar Mark A; Finnerty Corinne R; Kramer William J; Meyer Jeffrey D; Murph Knapke; Neighbours John T; Olszewski Richard E; Purkrabek Knust Susan L; Rahe Maribeth S,60112,17.949999999999996,2016-04-06,2016-04-06,2016-04-07 15:42:16,2016-04-07 16:29:21,2930502400.0,-0.002371823464622169,0.042324920363710605,0.0696760703166549,0.05433236617411463
FFBC,First Financial Bancorp /oh/,2016-07-19,2016-07-18,2016-07-18,12,12,Ach J Wickliffe; Barker David S; Booth Cynthia O; Finnerty Corinne R; Geier Peter E; Kramer William J; Meyer Jeffrey D; Murph Knapke; Neighbours John T; Olszewski Richard E; Purkrabek Knust Susan L; Rahe Maribeth S,61071,20.34,2016-07-18,2016-07-18,2016-07-19 13:42:08,2016-07-19 14:31:42,2930502400.0,-0.0001940216158520247,0.04560267731216894,0.07275059125896344,0.07422054918734755
FFBC,First Financial Bancorp /oh/,2016-10-12,2016-10-11,2016-10-11,12,12,Ach J Wickliffe; Barker David S; Booth Cynthia O; Finnerty Corinne R; Geier Peter E; Kramer William J; Meyer Jeffrey D; Murph Knapke; Neighbours John T; Olszewski Richard E; Purkrabek Knust Susan L; Rahe Maribeth S,60850,21.35,2016-10-11,2016-10-11,2016-10-12 13:23:18,2016-10-12 14:40:36,2930502400.0,-0.016680667244401093,-0.001651977506189839,0.21069245193930985,0.2316837342953897
FFBC,First Financial Bancorp /oh/,2017-01-06,2017-01-05,2017-01-05,12,12,Ach J Wickliffe; Barker David S; Booth Cynthia O; Finnerty Corinne R; Geier Peter E; Kramer William J; Meyer Jeffrey D; Murph Knapke; Neighbours John T; Olszewski Richard E; Purkrabek Knust Susan L; Rahe Maribeth S,62350,28.170000000000005,2017-01-05,2017-01-05,2017-01-06 13:59:37,2017-01-06 17:51:18,2930502400.0,-0.01973422652926704,-0.00995119822270174,-0.028637785726948195,-0.08135261356977319
FFBC,First Financial Bancorp /oh/,2017-04-07,2017-04-03,2017-04-07,13,13,Ach J Wickliffe; Barker David S; Booth Cynthia O; Burgess Matthew B; Finnerty Corinne R; Geier Peter E; Kramer William J; Meyer Jeffrey D; Murph Knapke; Neighbours John T; Olszewski Richard E; Purkrabek Knust Susan L; Rahe Maribeth S,76820,26.870000000000005,2017-04-03,2017-04-07,2017-04-05 16:35:36,2017-04-07 17:25:09,2930502400.0,-0.010686184379694486,-0.01667495752677206,-0.06547711632919462,0.017283648145658637
FFBC,First Financial Bancorp /oh/,2017-07-31,2017-07-10,2017-07-28,12,13,Ach J Wickliffe; Barker David S; Booth Cynthia O; Finnerty Corinne R; Geier Peter E; Kramer William J; Meyer Jeffrey D; Murph Knapke; Neighbours John T; Olszewski Richard E; Purkrabek Knust Susan L; Rahe Maribeth S,85744,27.82230769230769,2017-07-10,2017-07-28,2017-07-11 14:30:41,2017-07-31 16:40:03,2930502400.0,0.004119563155797978,-0.015449221409436054,-0.0618445386174552,0.02888787719386543
FFBC,First Financial Bancorp /oh/,2017-10-30,2017-10-10,2017-10-27,13,13,Ach J Wickliffe; Barker David S; Booth Cynthia O; Burgess Matthew B; Finnerty Corinne R; Geier Peter E; Kramer William J; Meyer Jeffrey D; Murph Knapke; Neighbours John T; Olszewski Richard E; Purkrabek Knust Susan L; Rahe Maribeth S,78478,26.584615384615383,2017-10-10,2017-10-27,2017-10-11 16:37:24,2017-10-30 17:36:19,2930502400.0,-0.02456541730922912,-0.031161905830629943,-0.04008655407306849,-0.0992921479575608
FFBC,First Financial Bancorp /oh/,2018-01-17,2018-01-16,2018-01-16,11,11,Ach J Wickliffe; Barker David S; Booth Cynthia O; Finnerty Corinne R; Kramer William J; Meyer Jeffrey D; Murph Knapke; Neighbours John T; Olszewski Richard E; Purkrabek Knust Susan L; Rahe Maribeth S,71603,28.2,2018-01-16,2018-01-16,2018-01-17 16:46:10,2018-01-17 16:57:26,2930502400.0,-0.014990329090299293,0.011568206118307556,0.01867606031015634,0.07628118221667324
FFBC,First Financial Bancorp /oh/,2018-04-19,2018-04-17,2018-04-17,8,8,Ach J Wickliffe; Booth Cynthia O; Finnerty Corinne R; Kramer William J; Neighbours John T; Olszewski Richard E; Purkrabek Knust Susan L; Rahe Maribeth S,55774,29.05,2018-04-17,2018-04-17,2018-04-19 16:38:50,2018-04-19 16:53:21,2930502400.0,0.08528454839846134,0.10378530994830604,0.1113507598270389,0.06623795418304845
FFBC,First Financial Bancorp /oh/,2018-10-24,2018-10-11,2018-10-23,11,15,Ach J Wickliffe; Bardwell Kathleen; Barron William G; Berta Vince; Booth Cynthia O; Finnerty Corinne R; Kramer William J; Obrien Thomas Murray; Olszewski Richard E; Purkrabek Knust Susan L; Rahe Maribeth S,349444,27.76666666666667,2018-10-11,2018-10-23,2018-10-11 17:49:36,2018-10-24 10:53:44,2930502400.0,0.03196072247514892,0.072124370853347,0.10692728493191017,0.09045261235595403
FFBC,First Financial Bancorp /oh/,2019-04-11,2019-03-18,2019-04-10,7,8,Ach J Wickliffe; Berta Vince; Booth Cynthia O; Finnerty Corinne R; Kramer William J; Olszewski Richard E; Rahe Maribeth S,65082,24.35375,2019-03-18,2019-04-10,2019-03-18 16:55:16,2019-04-11 13:49:10,2930502400.0,0.020741453150373568,0.015038706527157553,-0.011415058779867704,-0.027782834685726954
FFBC,First Financial Bancorp /oh/,2019-07-02,2019-07-01,2019-07-01,6,6,Ach J Wickliffe; Berta Vince; Booth Cynthia O; Olszewski Richard E; Purkrabek Knust Susan L; Rahe Maribeth S,43112,24.22,2019-07-01,2019-07-01,2019-07-02 15:09:24,2019-07-02 16:57:25,2930502400.0,-0.007739579841766098,-0.028084757221481182,0.0006810355055326678,0.014285734400098171
FFBC,First Financial Bancorp /oh/,2019-10-03,2019-10-01,2019-10-01,6,6,Ach J Wickliffe; Berta Vince; Booth Cynthia O; Olszewski Richard E; Purkrabek Knust Susan L; Rahe Maribeth S,43051,24.48,2019-10-01,2019-10-01,2019-10-03 09:18:46,2019-10-03 11:20:50,2930502400.0,-0.008102752045332728,-0.04003801518792127,-0.0725213308330086,-0.04636678871415745
FFBC,First Financial Bancorp /oh/,2020-04-02,2020-03-31,2020-03-31,6,6,Ach J Wickliffe; Berta Vince; Booth Cynthia O; Olszewski Richard E; Purkrabek Knust Susan L; Rahe Maribeth S,43089,14.909999999999998,2020-03-31,2020-03-31,2020-04-02 11:46:51,2020-04-02 12:05:52,2930502400.0,-0.02778238352516149,-0.0009636245974862234,-0.3312618441738654,-0.24255951535907394
FFBC,First Financial Bancorp /oh/,2020-07-02,2020-06-30,2020-06-30,7,7,Ach J Wickliffe; Barron William G; Booth Cynthia O; Neighbours John T; Obrien Thomas Murray; Purkrabek Knust Susan L; Rahe Maribeth S,59282,13.89,2020-06-30,2020-06-30,2020-07-02 15:10:28,2020-07-02 15:54:37,2930502400.0,-0.00025967059950504634,-0.044306369522568056,0.059854774831497926,-0.13599467910670726
FFBC,First Financial Bancorp /oh/,2020-10-02,2020-09-30,2020-09-30,7,7,Ach J Wickliffe; Barron William G; Booth Cynthia O; Neighbours John T; Obrien Thomas Murray; Purkrabek Knust Susan L; Rahe Maribeth S,59329,12.010000000000002,2020-09-30,2020-09-30,2020-10-02 20:34:06,2020-10-02 20:52:45,2930502400.0,0.07809393212647775,0.10511072056221438,0.30039867946075693,0.34447335978688653
FFBC,First Financial Bancorp /oh/,2021-01-05,2020-12-31,2020-12-31,7,7,Ach J Wickliffe; Barron William G; Booth Cynthia O; Neighbours John T; Obrien Thomas Murray; Purkrabek Knust Susan L; Rahe Maribeth S,59339,17.53,2020-12-31,2020-12-31,2021-01-05 16:00:28,2021-01-05 17:13:16,2930502400.0,0.12443680628103215,0.1153904515024311,0.15676664620376668,0.28244777025656864
FFIC,Flushing Financial Corp,2020-05-15,2020-05-04,2020-05-13,4,4,Azarian Michael A; Buran John R; Cullen Susan; Han Sam Sang Ki,110600,10.605,2020-05-04,2020-05-13,2020-05-06 16:55:52,2020-05-15 09:10:35,534037152.0,0.10097396067078535,0.1366638792279502,0.17379549157818097,0.15183934009710764
FFIC,Flushing Financial Corp,2021-08-05,2021-08-04,2021-08-04,3,3,Buonaiuto Thomas; Buran John R; Cullen Susan,66345,22.083333333333332,2021-08-04,2021-08-04,2021-08-04 17:57:08,2021-08-05 11:35:32,534037152.0,0.04516235841010485,0.04010249195646076,-0.013729566832468287,0.0518558677262726
FFIC,Flushing Financial Corp,2024-12-16,2024-12-12,2024-12-12,9,9,Azarian Michael A; Bingold Michael; Buonaiuto Thomas; Buran John R; Cullen Susan; Grasso Maria A; Kelly Theresa; Korzekwinski Francis W; McClintock Douglas J,248470,15.25,2024-12-12,2024-12-12,2024-12-16 11:57:39,2024-12-16 17:13:17,534037152.0,-0.007422010741801488,-0.05250029742323403,,
FFIN,First Financial Bankshares Inc,2015-05-06,2015-05-01,2015-05-06,4,5,Bridwell Tucker S; Dueser F Scott; Edwards Murray Hamilton; Trotter Johnny,457156,29.254,2015-05-01,2015-05-06,2015-05-01 16:15:57,2015-05-06 16:26:11,4344872960.0,-0.0015638424646280402,0.011715124194200177,0.11981843444350715,0.15363016465900103
FFIN,First Financial Bankshares Inc,2016-02-19,2016-02-10,2016-02-19,4,5,Bridwell Tucker S; Edwards Murray Hamilton; Lancaster Ivan Tim; Trotter Johnny,336185,26.607999999999997,2016-02-10,2016-02-19,2016-02-10 10:11:03,2016-02-19 15:07:42,4344872960.0,0.0038331364860193506,-0.016732586774054314,0.022279498878661874,0.08564335937866807
FFIN,First Financial Bankshares Inc,2018-04-26,2017-01-03,2017-02-02,3,4,Edwards Murray Hamilton; Giddiens Ronald N; Trotter Johnny,117631,42.42,2017-01-03,2017-02-02,2017-01-31 14:47:12,2018-04-26 16:14:16,4344872960.0,-0.01998135376793153,-0.00897660578897741,0.03836675136097001,0.0757410832806662
FFIN,First Financial Bankshares Inc,2019-05-21,2019-04-30,2019-05-21,3,7,Dueser F Scott; Nickles Robert Clark Jr; Trotter Johnny,877114,61.12714285714286,2019-04-30,2019-05-21,2019-05-01 13:37:10,2019-05-21 15:25:55,4344872960.0,-0.004924482690270127,-0.0043058169172599525,-0.049194471280120444,0.0008805761487835628
FFIN,First Financial Bankshares Inc,2019-11-19,2019-10-25,2019-11-19,3,4,Denny Michael B.; Edwards Murray Hamilton; Nickles Robert Clark Jr,89151,34.8125,2019-10-25,2019-11-19,2019-10-25 15:33:08,2019-11-19 13:33:08,4344872960.0,0.006352366493243,0.006008100318923626,-0.01285100666693606,-0.07250755822333965
FFIN,First Financial Bankshares Inc,2020-03-12,2020-03-10,2020-03-12,3,3,Anthony April Kaye Bullock; Edwards Murray Hamilton; Trotter Johnny,617900,23.516666666666666,2020-03-10,2020-03-12,2020-03-10 12:46:49,2020-03-12 18:00:40,4344872960.0,0.11365649615147888,0.21323433204230802,0.0440543043014443,0.1923129904854446
FFIN,First Financial Bankshares Inc,2020-05-15,2020-05-01,2020-05-14,3,7,Anthony April Kaye Bullock; Nickles Robert Clark Jr; Trotter Johnny,639528,25.978571428571428,2020-05-01,2020-05-14,2020-05-01 15:04:27,2020-05-15 10:36:02,4344872960.0,0.05262547450635746,0.05537484077326593,0.023038545212568318,0.08780683336868056
FFIN,First Financial Bankshares Inc,2020-09-01,2020-08-03,2020-08-31,3,3,Denny Michael B.; Edwards Murray Hamilton; Nickles Robert Clark Jr,45959,30.4,2020-08-03,2020-08-31,2020-08-04 15:34:15,2020-09-01 14:22:50,4344872960.0,-0.003873485294578094,0.002485174491787201,-0.0344479890510041,0.10366135457018144
FFIN,First Financial Bankshares Inc,2021-06-03,2021-05-04,2021-06-02,3,4,Denny Michael B.; Edwards Murray Hamilton; Nickles Robert Clark Jr,1578008,50.23,2021-05-04,2021-06-02,2021-05-05 17:29:48,2021-06-03 14:51:36,4344872960.0,0.01797524008638951,0.0026958161374235345,-0.07464927124880727,-0.10428730705326916
FFIN,First Financial Bankshares Inc,2021-08-20,2021-07-28,2021-08-19,4,6,Denny Michael B.; Edwards Murray Hamilton; Nickles Robert Clark Jr; Trotter Johnny,330344,48.25666666666666,2021-07-28,2021-08-19,2021-07-29 18:02:42,2021-08-20 10:48:11,4344872960.0,0.005636363238829434,0.0015676544847571527,0.027107017918614362,0.07997213604494435
FFIN,First Financial Bankshares Inc,2021-12-15,2021-11-18,2021-12-15,3,5,Edwards Murray Hamilton; Nickles Robert Clark Jr; Trotter Johnny,164243,50.742,2021-11-18,2021-12-15,2021-11-19 13:03:06,2021-12-15 17:33:07,4344872960.0,-0.014414766781261523,-0.02103372302287887,-0.03797932549038774,0.008707414360897281
FFIN,First Financial Bankshares Inc,2022-02-24,2022-02-01,2022-02-24,4,5,Edwards Murray Hamilton; Jones Eli; Nickles Robert Clark Jr; Trotter Johnny,263693,46.80200000000001,2022-02-01,2022-02-24,2022-02-02 11:25:48,2022-02-24 16:11:01,4344872960.0,0.00040916674965885136,-0.0042738441809033745,-0.13433600952476188,-0.062320031592486336
FFIN,First Financial Bankshares Inc,2022-05-20,2022-04-29,2022-05-19,6,10,Anthony April Kaye Bullock; Denny Michael B.; Edwards Murray Hamilton; Matthews Kade; Nickles Robert Clark Jr; Trotter Johnny,1895794,40.903000000000006,2022-04-29,2022-05-19,2022-04-29 12:29:28,2022-05-20 13:14:10,4344872960.0,-0.002650729775468985,-0.025735697541750424,0.02916783990564642,0.0782473522683258
FFIN,First Financial Bankshares Inc,2022-09-14,2022-08-30,2022-09-13,3,3,Denny Michael B.; Nickles Robert Clark Jr; Trotter Johnny,290539,42.42,2022-08-30,2022-09-13,2022-09-01 17:29:26,2022-09-14 10:01:22,4344872960.0,0.03244373030822223,0.08024742673907082,-0.09414145635915294,-0.15747836379217817
FFIN,First Financial Bankshares Inc,2023-03-13,2023-02-08,2023-03-10,3,4,Denny Michael B.; Hickox Michelle S; Trotter Johnny,317832,35.417500000000004,2023-02-08,2023-03-10,2023-02-09 13:08:24,2023-03-13 10:47:14,4344872960.0,-0.04032478918276372,-0.060984339504055796,-0.2110876185987901,-0.19864009434951668
FFIN,First Financial Bankshares Inc,2023-05-16,2023-04-27,2023-05-15,4,6,Denny Michael B.; Hickox Michelle S; Nickles Robert Clark Jr; Trotter Johnny,948596,27.896666666666665,2023-04-27,2023-05-15,2023-04-28 09:24:10,2023-05-16 15:30:53,4344872960.0,0.036690154443909107,0.05933568008893175,0.04089634336622039,0.12105399095339009
FFIN,First Financial Bankshares Inc,2023-08-25,2023-07-27,2023-08-24,4,5,Denny Michael B.; Edwards Murray Hamilton; Nickles Robert Clark Jr; Trotter Johnny,253122,30.338,2023-07-27,2023-08-24,2023-07-28 14:50:23,2023-08-25 14:16:52,4344872960.0,-0.010294444059037344,-0.007600267428550689,-0.13245892349332,-0.0855943717634492
FFIN,First Financial Bankshares Inc,2023-11-20,2023-10-24,2023-11-16,6,7,Anthony April Kaye Bullock; Denny Michael B.; Edwards Murray Hamilton; Hickox Michelle S; Nickles Robert Clark Jr; Trotter Johnny,291283,23.977142857142855,2023-10-24,2023-11-16,2023-10-25 16:07:17,2023-11-20 12:28:42,4344872960.0,-0.02931974771028012,-0.04985805228278972,0.016234632146145955,0.06095232482747415
FFIN,First Financial Bankshares Inc,2024-05-24,2024-04-25,2024-05-23,5,9,Denny Michael B.; Edwards Murray Hamilton; Hickox Michelle S; Nickles Robert Clark Jr; Trotter Johnny,235102,30.331111111111113,2024-04-25,2024-05-23,2024-04-29 16:05:37,2024-05-24 15:24:11,4344872960.0,0.010916807173852128,-0.01329242542283482,-0.06396551555152397,0.12769932930653005
FFWM,First Foundation Inc.,2015-03-09,2015-02-05,2015-02-27,3,3,Brakke James G; Hakopian John; Kavanaugh Scott F,64706,17.966666666666665,2015-02-05,2015-02-27,2015-02-06 17:35:09,2015-03-09 16:16:07,496477536.0,0.007635359196933367,0.02016199997732593,0.06485237185169779,0.03952982887969547
FG,Fgl Holdings,2019-03-13,2019-03-04,2019-03-13,3,4,Blunt Christopher O; Massey Richard N; Walsh Timothy Martin,1527700,8.437499999999998,2019-03-04,2019-03-13,2019-03-05 17:33:05,2019-03-13 17:00:45,3079709440.0,,,,
FG,Fgl Holdings,2019-09-05,2019-08-12,2019-09-03,4,9,Baird Patrick; Blackstone Group Inc; Blunt Christopher O; Wasgatt Bonnie,9278887,7.652222222222223,2019-08-12,2019-09-03,2019-08-14 16:01:48,2019-09-05 18:38:13,3079709440.0,,,,
FHN,First Horizon National Corp,2018-10-31,2018-10-17,2018-10-31,3,3,Niswonger Scott M; Popwell David T; Valine Yousef A.,1087191,15.976666666666668,2018-10-17,2018-10-31,2018-10-17 16:22:32,2018-10-31 16:20:42,11522022400.0,0.0067769212883306285,-0.004304336115895646,-0.11541634321598715,-0.06181966646017456
FHN,First Horizon Corp,2023-05-22,2023-05-04,2023-05-19,5,5,Davidson Wendy P; Fenstermaker William H; Palmer Vicki R; Reed Colin V; Sugranes Rosa,421439,10.170000000000002,2023-05-04,2023-05-19,2023-05-04 18:51:55,2023-05-22 17:08:50,11522022400.0,0.04390949380408582,-0.01016068422870764,0.03268659172156951,0.14041789871696153
FHTX,Foghorn Therapeutics Inc.,2020-10-29,2020-10-27,2020-10-27,3,3,Abu Dhabi Investment Authority; Decicco Carl; Flagship Ventures Fund V General Partner LLC,4888000,16.0,2020-10-27,2020-10-27,2020-10-28 06:02:15,2020-10-29 17:01:17,323370464.0,0.05724584020674728,-0.013984160908694587,0.39849222048844757,0.0017157699943157745
FIS,"Fidelity National Information Services, Inc.",2023-02-28,2023-02-15,2023-02-22,9,9,Alemany Ellen R; D'Silva Vijay; Ferris Stephanie; Goldstein Jeffrey A; Lamneck Kenneth T; Parent Louise M; Shea Brian T; Stallings James B Jr; Stiefler Jeffrey E,1354253,67.34,2023-02-15,2023-02-22,2023-02-17 16:48:11,2023-02-28 16:18:54,26032357376.0,-0.018365856952933357,-0.030650878990292396,-0.1654653201645252,-0.1957988764632621
FISI,Financial Institutions Inc,2015-03-03,2015-02-05,2015-03-02,3,6,Birmingham Martin Kearney; Glaser Robert M; Kreienberg William L,258673,22.60166666666667,2015-02-05,2015-03-02,2015-02-06 15:08:21,2015-03-03 11:09:15,637131840.0,0.013114228512953519,0.0378525155338405,0.02227553365645718,0.02457097863375801
FISI,Financial Institutions Inc,2016-02-29,2016-02-02,2016-02-25,3,3,Birmingham Martin Kearney; Dolan Paula Dollinger; Glaser Robert M,417737,26.506666666666664,2016-02-02,2016-02-25,2016-02-04 14:39:42,2016-02-29 11:25:20,637131840.0,0.011094907643151908,0.020782700775764384,0.02903870013289178,0.00866526943897794
FISI,Financial Institutions Inc,2016-08-29,2016-07-29,2016-08-26,5,5,Birmingham Martin Kearney; Dorn Andrew W Jr; Guarino Charles J; Klotzbach Kevin B; Kreienberg William L,274524,26.738,2016-07-29,2016-08-26,2016-08-01 11:11:58,2016-08-29 15:03:36,637131840.0,0.010410098738159013,0.017447885307016575,0.033282571699012165,0.15868031428979545
FISI,Financial Institutions Inc,2017-12-14,2017-11-20,2017-12-13,8,8,Birmingham Martin Kearney; Boswell Donald; Burneal Michael D; Dolan Paula Dollinger; Dugan Joseph L; Glaser Robert M; Klotzbach Kevin B; Kreienberg William L,177308,32.286249999999995,2017-11-20,2017-12-13,2017-11-22 10:10:47,2017-12-14 14:52:40,637131840.0,-0.002666243133725432,-0.009779571729111258,-0.09248548195421469,-0.04848147048402518
FISI,Financial Institutions Inc,2020-05-15,2020-05-05,2020-05-14,6,7,Bigham Justin K.; Birmingham Martin Kearney; Burruano Samuel J Jr; Dorn Andrew W Jr; Dugan Joseph L; Glaser Robert M,282282,17.38571428571429,2020-05-05,2020-05-14,2020-05-06 16:34:41,2020-05-15 10:31:07,637131840.0,0.11688691467620371,0.13687045194504033,0.1647794808225569,0.09304169365161385
FISI,Financial Institutions Inc,2021-09-15,2021-09-01,2021-09-14,3,3,Birmingham Martin Kearney; Burruano Samuel J Jr; Plants William Jack II,65648,30.58666666666667,2021-09-01,2021-09-14,2021-09-02 12:22:22,2021-09-15 15:06:48,637131840.0,0.005978647001931847,0.027276730727247456,0.0643704156421443,0.051023196177445884
FISI,Financial Institutions Inc,2023-05-24,2023-05-03,2023-05-18,9,9,Birmingham Martin Kearney; Boswell Donald; Burruano Samuel J Jr; Dorn Andrew W Jr; Glaser Robert M; Gullo Samuel M; Holliday Susan R; Latella Robert N; Plants William Jack II,315582,15.82777777777778,2023-05-03,2023-05-18,2023-05-04 16:00:10,2023-05-24 16:00:20,637131840.0,-0.019156626441183988,-0.0809819948124596,-0.09162997536750861,0.011805884704354952
FISI,Financial Institutions Inc,2024-12-16,2024-12-13,2024-12-13,15,15,Birmingham Martin Kearney; Boswell Donald; Burruano Samuel J Jr; Byers Sandra L; Collins Laurie R; Dorn Andrew W Jr; Glaser Robert M; Gullo Samuel M; Holliday Susan R; Latella Robert N; Pacos Gary A.; Plants William Jack II; Quinn Kevin B; Vangelder Kim E; Zupan Mark,835000,25.0,2024-12-13,2024-12-13,2024-12-16 16:05:02,2024-12-16 16:05:12,637131840.0,-0.014338861844033213,-0.03918511266323377,,
FISV,Fiserv Inc,2021-11-30,2021-11-01,2021-11-26,3,4,Bisignano Frank; Disimone Harry; Oleary Denis,3653980,97.14249999999998,2021-11-01,2021-11-26,2021-11-03 16:10:36,2021-11-30 16:09:53,33825505280.0,0.010650408801261335,0.05014835336816481,0.09578306368763334,0.060432036035608316
FIX,Comfort Systems USA Inc,2019-08-15,2019-07-29,2019-08-14,3,4,George William III; Howell Laura Finley; Myers Franklin,392973,41.0075,2019-07-29,2019-08-14,2019-07-29 18:35:06,2019-08-15 10:28:57,49068929024.0,0.0013770376887347613,-0.012576238746021318,0.1250635274145635,0.25786121985039157
FIX,Comfort Systems USA Inc,2020-05-21,2020-05-04,2020-05-19,3,3,"Mercado, Pablo G.; Myers Franklin; Tang Vance W",442980,31.683333333333337,2020-05-04,2020-05-19,2020-05-05 17:05:34,2020-05-21 10:38:15,49068929024.0,0.0017741857650637183,0.06623552918649622,0.13072641634102689,0.4858710371631021
FLNC,"Fluence Energy, Inc.",2021-11-03,2021-11-01,2021-11-01,6,6,Boll Rebecca; Bulls Herman E; Couch Carolee; Humpton Barbara; Krueger Lisa; Von Heynitz Harald,482720,28.0,2021-11-01,2021-11-01,2021-11-01 21:55:59,2021-11-03 16:34:25,2744314368.0,-0.03709547153488113,-0.03956914140808565,-0.15238518467321038,-0.4496627801862434
FLNC,"Fluence Energy, Inc.",2022-02-24,2022-02-15,2022-02-18,5,7,Boll Rebecca; Bulls Herman E; Dubuc Manuel Perez; Nebreda Julian; Shelton John Christopher,767649,13.315714285714282,2022-02-15,2022-02-18,2022-02-16 20:22:51,2022-02-24 20:23:29,2744314368.0,0.07705155547219844,-0.038150583632263535,0.05501758004026058,-0.09986384794607273
FLO,Flowers Foods Inc,2016-08-26,2016-08-16,2016-08-25,4,4,Lan Richard; Lewis Margaret G; McMullian Amos R; Spear James T,842618,15.1875,2016-08-16,2016-08-25,2016-08-18 16:50:07,2016-08-26 16:26:02,1949174912.0,0.007592209465448363,-0.005105287065612751,0.016137186811152504,0.0708704390682291
FLO,Flowers Foods Inc,2023-12-21,2023-12-18,2023-12-20,3,3,Kinsey R Steve; McMullian Ryals; Tillman Stephanie B,255794,22.27333333333333,2023-12-18,2023-12-20,2023-12-19 13:52:53,2023-12-21 16:17:54,1949174912.0,0.00929431587355034,0.003035668000381353,0.0016085992093455292,-0.06087761473350306
FMAO,Farmers & Merchants Bancorp Inc,2015-04-07,2015-03-19,2015-04-07,4,6,Burkholder Eugene N; Planson Steven J; Rupp Anthony; Wyse Steven,100130,26.083333333333332,2015-03-19,2015-04-07,2015-03-20 12:28:11,2015-04-07 12:51:46,363411040.0,-0.010337331374668524,-0.007987248147345305,-0.015020758393594624,0.05138412172796292
FMAO,Farmers & Merchants Bancorp Inc,2015-12-18,2015-11-19,2015-12-11,5,8,Burkholder Eugene N; Everhart Steven; Rupp Anthony; Siebenmorgen Paul S; Wyse Steven,293725,26.3125,2015-11-19,2015-12-11,2015-11-20 14:47:49,2015-12-18 13:42:17,363411040.0,0.0327508017321787,0.02669175542893143,0.1000723136472792,0.07171071734360779
FMAO,Farmers & Merchants Bancorp Inc,2020-03-16,2020-03-10,2020-03-13,6,7,Burkholder Eugene N; Hornish Jo Ellen; Johnson Jack Cornelius; Latta Marcia Sloan; Planson Steven J; Rupp Anthony,161710,19.888571428571428,2020-03-10,2020-03-13,2020-03-10 12:56:35,2020-03-16 17:15:38,363411040.0,0.2999112865974799,0.23397328025972264,0.12457513312486768,-0.14541635399963937
FMAO,Farmers & Merchants Bancorp Inc,2022-09-23,2022-08-29,2022-09-23,3,7,Burkholder Eugene N; Planson Steven J; Vernon David P,215483,27.627142857142857,2022-08-29,2022-09-23,2022-08-30 10:06:34,2022-09-23 15:10:15,363411040.0,0.002434540387161954,0.03961537562838213,0.05387191409523773,-0.021641782859582737
FMBH,First Mid Illinois Bancshares Inc,2015-03-23,2015-03-05,2015-03-20,6,6,Beesley Bradley L; Dean Clay M; Dively Joseph R; McRae Eric S; Melvin Gary W; Zimmer James Edwin,225997,19.775,2015-03-05,2015-03-20,2015-03-06 17:13:24,2015-03-23 12:31:08,986843392.0,0.07753631753944645,0.08024534987003773,0.029488902346431645,0.07955680044358604
FMBH,First Mid Illinois Bancshares Inc,2015-08-28,2015-08-27,2015-08-27,3,3,Dively Joseph R; McRae Eric S; Zimmer James Edwin,24409,21.176666666666662,2015-08-27,2015-08-27,2015-08-28 15:52:39,2015-08-28 15:53:58,986843392.0,0.008029384464713796,0.06167180521230786,-0.0013196864715694367,-0.0017052051295174397
FMBH,First Mid Illinois Bancshares Inc,2015-12-24,2015-11-13,2015-12-08,4,6,Dively Joseph R; McRae Eric S; Melvin Gary W; Zimmer James Edwin,857951,22.636666666666667,2015-11-13,2015-12-08,2015-11-16 16:45:57,2015-12-24 10:02:45,986843392.0,-0.024858922473163125,0.018511238541733754,0.09763841125380845,-0.03175482324632106
FMBH,First Mid Illinois Bancshares Inc,2016-03-11,2016-02-10,2016-03-09,5,5,Beesley Bradley L; Dively Joseph R; McRae Eric S; Melvin Gary W; Zimmer James Edwin,184466,25.688,2016-02-10,2016-03-09,2016-02-11 10:20:10,2016-03-11 17:10:34,986843392.0,-0.03367241968815882,-0.048769275380600274,-0.040250317560678095,-0.05490688442919378
FMBH,First Mid Illinois Bancshares Inc,2016-05-16,2016-05-12,2016-05-12,4,4,Beesley Bradley L; Dively Joseph R; McRae Eric S; Zimmer James Edwin,21646,25.11,2016-05-12,2016-05-12,2016-05-16 15:17:42,2016-05-16 16:30:32,986843392.0,0.009137426920812652,0.025336109171936183,0.011837052082025235,-0.10427120986050165
FMBH,First Mid Illinois Bancshares Inc,2016-09-20,2016-09-12,2016-09-20,5,6,Beesley Bradley L; Dively Joseph R; McRae Eric S; Melvin Gary W; Zimmer James Edwin,540908,25.348333333333333,2016-09-12,2016-09-20,2016-09-12 17:51:43,2016-09-20 11:28:24,986843392.0,6.206216592552494e-05,0.023551110059426117,0.06175481023688545,0.282074339607695
FMBH,First Mid Illinois Bancshares Inc,2016-12-08,2016-11-09,2016-12-08,6,6,Beesley Bradley L; Dively Joseph R; McRae Eric S; Melvin Gary W; Westerhold Mary; Zimmer James Edwin,687524,27.241666666666664,2016-11-09,2016-12-08,2016-11-10 14:20:48,2016-12-08 12:57:35,986843392.0,0.02617978428130452,0.035280317135432115,-0.06567734213755394,-0.02231833163729635
FMC,Fmc Corp,2015-09-03,2015-09-01,2015-09-01,6,6,Daloia G Peter; Graves Paul W; Kempthorne Dirk A; Norris Paul J; Pallash Robert C; Volpe Vincent R Jr,1710049,41.04166666666667,2015-09-01,2015-09-01,2015-09-03 10:54:47,2015-09-03 13:32:17,1728893696.0,0.008916701798217685,-0.009443833464206741,-0.13501306357133247,-0.038346341238382875
FMC,Fmc Corp,2021-09-07,2021-08-24,2021-09-03,3,3,Davidson Carol Anthony; Douglas Mark; Sandifer Andrew D,362642,93.81,2021-08-24,2021-09-03,2021-08-25 16:21:50,2021-09-07 15:42:28,1728893696.0,0.02231641923595551,0.036142780632425264,-0.025365889583787604,0.0592328295354182
FMCB,Farmers & Merchants Bancorp,2017-06-02,2017-05-04,2017-06-02,3,3,Colombini Jay J; Misasi J. Ryan; Steinwert Kent A,72600,605.0,2017-05-04,2017-06-02,2017-05-04 15:58:56,2017-06-02 16:30:32,850030720.0,-0.007482806756740956,-0.005099769178847913,-0.002418050255285742,0.026015983751961347
FMCB,Farmers & Merchants Bancorp,2017-12-28,2017-12-06,2017-12-28,3,6,Colombini Jay J; Long Gary J.; Steinwert Kent A,166342,668.0833333333334,2017-12-06,2017-12-28,2017-12-06 17:11:34,2017-12-28 13:41:25,850030720.0,0.0032021256181158364,-0.01838983300181396,-0.03111177845863966,-0.024691847328717986
FMCB,Farmers & Merchants Bancorp,2018-05-31,2018-05-10,2018-05-31,3,3,Green Steven K.; Long Gary J.; Misasi J. Ryan,74750,650.0,2018-05-10,2018-05-31,2018-05-10 17:44:09,2018-05-31 15:06:26,850030720.0,0.0035112833420132272,-0.014704991672938927,-5.491901687526557e-05,-0.023971750913099887
FMCB,Farmers & Merchants Bancorp,2018-12-18,2018-11-19,2018-12-18,3,3,James Craig W.; Long Gary J.; Misasi J. Ryan,40699,701.0,2018-11-19,2018-12-18,2018-11-19 18:55:41,2018-12-18 13:10:17,850030720.0,0.02180313439711845,-0.004163031130763439,-0.0403225182623792,-0.01064870688036379
FMCB,Farmers & Merchants Bancorp,2022-03-25,2022-03-23,2022-03-23,11,11,Corum Edward Jr; Green Steven K.; James Craig W.; Long Gary J.; Misasi J. Ryan; Olson Mark K; Sanguinetti Kevin; Skinner Deborah E; Suess Calvin J; Young Terrence A; Zitterow David,505835,935.0,2022-03-23,2022-03-23,2022-03-25 14:01:30,2022-03-25 14:37:46,850030720.0,-0.016224206000554853,-0.009545124955116169,0.11404365428072949,0.14213578911871694
FMNB,Farmers National Banc Corp /oh/,2015-03-05,2015-02-02,2015-03-02,11,22,Gerzina Joseph A; Helmick Kevin J; Jackson Brian E; Macali Ralph D; Moore Terry A; Nicastro Mark A; Paull David Z; Sabat Joseph W; Shaffer Timothy F; Strollo Gregg; Wallace Amber B,13173,7.704999999999997,2015-02-02,2015-03-02,2015-02-05 08:05:04,2015-03-05 10:11:08,494386304.0,0.022960473181877106,0.026109968506875636,0.02015427020830496,0.009115871168800416
FMNB,Farmers National Banc Corp /oh/,2015-05-06,2015-04-01,2015-05-01,11,22,Gerzina Joseph A; Helmick Kevin J; Jackson Brian E; Macali Ralph D; Moore Terry A; Nicastro Mark A; Paull David Z; Sabat Joseph W; Shaffer Timothy F; Strollo Gregg; Wallace Amber B,13382,8.255,2015-04-01,2015-05-01,2015-04-07 10:42:15,2015-05-06 13:56:37,494386304.0,-0.005953891262172717,-0.0175566015995815,-0.022222638263582617,-0.01008974910903171
FMNB,Farmers National Banc Corp /oh/,2015-10-02,2015-08-21,2015-09-18,13,14,Gerzina Joseph A; Graham Mark L; Helmick Kevin J; Jackson Brian E; Macali Ralph D; Moore Terry A; Nicastro Mark A; Paull David Z; Sabat Joseph W; Shaffer Timothy F; Strollo Gregg; Wallace Amber B; Witmer Mark R,145570,8.193571428571431,2015-08-21,2015-09-18,2015-09-04 08:15:26,2015-10-02 09:12:42,494386304.0,-0.05799852376897152,-0.03597943688647809,-0.05656309428872908,-0.07499669359643168
FMNB,Farmers National Banc Corp /oh/,2015-12-04,2015-11-02,2015-12-01,14,27,Culp Carl D; Gerzina Joseph A; Helmick Kevin J; Jackson Brian E; Macali Ralph D; Moore Terry A; Nicastro Mark A; Paull David Z; Sabat Joseph W; Scott Earl R; Shaffer Timothy F; Strollo Gregg; Vansickle James R; Wallace Amber B,22320,8.375925925925927,2015-11-02,2015-12-01,2015-11-05 08:37:59,2015-12-04 09:23:52,494386304.0,-0.039547673462464794,-0.05229652005183538,0.05595986888911031,0.03946767288436148
FMNB,Farmers National Banc Corp /oh/,2016-03-04,2016-02-12,2016-03-01,14,16,Ciroli Lance J; Culp Carl D; Gerzina Joseph A; Helmick Kevin J; Jackson Brian E; Macali Ralph D; Moore Terry A; Nicastro Mark A; Paull David Z; Sabat Joseph W; Shaffer Timothy F; Strollo Gregg; Vansickle James R; Wallace Amber B,29071,8.500625,2016-02-12,2016-03-01,2016-02-12 10:46:06,2016-03-04 09:15:53,494386304.0,0.017122062956118844,0.01933972789856453,0.007506467110896642,0.06240584102443547
FMNB,Farmers National Banc Corp /oh/,2016-05-05,2016-04-01,2016-04-01,12,12,Culp Carl D; Gerzina Joseph A; Helmick Kevin J; Jackson Brian E; Macali Ralph D; Nicastro Mark A; Paull David Z; Sabat Joseph W; Shaffer Timothy F; Strollo Gregg; Vansickle James R; Wallace Amber B,5241,8.989999999999998,2016-04-01,2016-04-01,2016-04-06 13:20:39,2016-05-05 09:40:49,494386304.0,-0.002396847283250736,-0.022486036558142186,-0.056412101566498785,-0.0186298197155641
FMNB,Farmers National Banc Corp /oh/,2016-07-07,2016-06-06,2016-07-01,15,19,Ciroli Lance J; Culp Carl D; Gerzina Joseph A; Helmick Kevin J; Jackson Brian E; Macali Ralph D; Moore Terry A; Nicastro Mark A; Paull David Z; Sabat Joseph W; Scott Earl R; Shaffer Timothy F; Strollo Gregg; Vansickle James R; Wallace Amber B,146751,8.823157894736843,2016-06-06,2016-07-01,2016-06-07 08:10:16,2016-07-07 10:12:08,494386304.0,-0.011996116253518041,-0.0217520518819041,0.031996736472849285,0.18874391777814026
FMNB,Farmers National Banc Corp /oh/,2016-09-07,2016-09-01,2016-09-07,12,12,Culp Carl D; Gerzina Joseph A; Helmick Kevin J; Jackson Brian E; Macali Ralph D; Moore Terry A; Nicastro Mark A; Paull David Z; Sabat Joseph W; Shaffer Timothy F; Strollo Gregg; Wallace Amber B,7940,9.900000000000002,2016-09-01,2016-09-07,2016-09-07 08:14:25,2016-09-07 08:34:29,494386304.0,0.06904031764391749,0.08959067471196747,0.06870490921449801,0.16403891614342792
FMNB,Farmers National Banc Corp /oh/,2016-11-22,2016-10-03,2016-11-01,13,25,Crawford Anne Frederick; Culp Carl D; Gerzina Joseph A; Helmick Kevin J; Jackson Brian E; Macali Ralph D; Moore Terry A; Nicastro Mark A; Paull David Z; Sabat Joseph W; Shaffer Timothy F; Strollo Gregg; Wallace Amber B,26790,10.539999999999996,2016-10-03,2016-11-01,2016-10-06 09:37:13,2016-11-22 12:29:43,494386304.0,0.01010626281842919,-0.005246707625243818,0.141629894853885,0.08658810885319723
FMNB,Farmers National Banc Corp /oh/,2017-02-06,2017-01-03,2017-02-01,12,24,Culp Carl D; Gerzina Joseph A; Helmick Kevin J; Jackson Brian E; Macali Ralph D; Moore Terry A; Nicastro Mark A; Paull David Z; Sabat Joseph W; Shaffer Timothy F; Strollo Gregg; Wallace Amber B,15944,13.72,2017-01-03,2017-02-01,2017-01-06 08:37:25,2017-02-06 11:39:22,494386304.0,0.020612021698309113,0.03410085121437256,-0.027615703052539242,0.046255661126779035
FMNB,Farmers National Banc Corp /oh/,2017-05-04,2017-04-03,2017-05-01,11,22,Culp Carl D; Helmick Kevin J; Jackson Brian E; Macali Ralph D; Moore Terry A; Nicastro Mark A; Paull David Z; Sabat Joseph W; Shaffer Timothy F; Strollo Gregg; Wallace Amber B,23549,14.217727272727274,2017-04-03,2017-05-01,2017-04-06 08:26:50,2017-05-04 08:48:14,494386304.0,0.00877307649807535,-0.007246392892524045,-0.004882536784746039,-0.08152438337346868
FMNB,Farmers National Banc Corp /oh/,2017-08-16,2017-07-03,2017-08-02,14,25,Culp Carl D; Helmick Kevin J; Jackson Brian E; Macali Ralph D; Moore Terry A; Muransky Edward; Nicastro Mark A; Paull David Z; Sabat Joseph W; Scott Earl R; Shaffer Timothy F; Strollo Gregg; Wallace Amber B; Wenick Mark J,54217,14.4652,2017-07-03,2017-08-02,2017-07-07 08:00:38,2017-08-16 11:50:54,494386304.0,-0.01176696014872236,-0.010404603475306806,0.09796317832670187,-0.05166233407890264
FMNB,Farmers National Banc Corp /oh/,2017-11-03,2017-10-02,2017-11-01,12,20,Culp Carl D; Helmick Kevin J; Jackson Brian E; Macali Ralph D; Moore Terry A; Muransky Edward; Nicastro Mark A; Paull David Z; Sabat Joseph W; Shaffer Timothy F; Strollo Gregg; Wallace Amber B,18386,14.796000000000005,2017-10-02,2017-11-01,2017-10-04 11:35:48,2017-11-03 09:37:42,494386304.0,-0.004891231093399062,-0.06379675409889929,0.005835864929693901,-0.06707430149602711
FMNB,Farmers National Banc Corp /oh/,2018-02-05,2018-01-02,2018-02-01,9,17,Culp Carl D; Helmick Kevin J; Moore Terry A; Muransky Edward; Paull David Z; Sabat Joseph W; Shaffer Timothy F; Strollo Gregg; Wallace Amber B,119072,14.87235294117647,2018-01-02,2018-02-01,2018-01-04 09:36:17,2018-02-05 09:48:22,494386304.0,-0.034294286722927114,-0.017168170850511255,-0.0267184980128653,0.06581439163865832
FMNB,Farmers National Banc Corp /oh/,2018-05-03,2018-04-02,2018-05-01,8,16,Culp Carl D; Helmick Kevin J; Moore Terry A; Muransky Edward; Sabat Joseph W; Shaffer Timothy F; Strollo Gregg; Wallace Amber B,21345,14.38,2018-04-02,2018-05-01,2018-04-04 09:17:33,2018-05-03 09:14:59,494386304.0,-0.017315026753762175,-0.0005074776372175904,0.00962188581539758,-0.01771324866944779
FMNB,Farmers National Banc Corp /oh/,2018-11-05,2018-10-26,2018-11-01,6,7,Culp Carl D; Helmick Kevin J; Moore Terry A; Muransky Edward; Sabat Joseph W; Strollo Gregg,50471,13.444285714285714,2018-10-26,2018-11-01,2018-10-29 12:37:05,2018-11-05 10:16:02,494386304.0,-0.021788258743570377,-0.037179174875916154,-0.06743916290366847,-0.05042875991662632
FMNB,Farmers National Banc Corp /oh/,2019-03-26,2019-03-01,2019-03-25,7,8,Helmick Kevin J; Macali Ralph D; Moore Terry A; Muransky Edward; Sabat Joseph W; Strollo Gregg; Wallace Amber B,48149,14.4975,2019-03-01,2019-03-25,2019-03-05 10:07:14,2019-03-26 12:50:35,494386304.0,0.040319566207210666,0.026618719545618008,0.06278819894845444,-0.001338200731600292
FMNB,Farmers National Banc Corp /oh/,2019-07-03,2019-06-03,2019-07-01,6,12,Helmick Kevin J; Macali Ralph D; Moore Terry A; Muransky Edward; Sabat Joseph W; Wallace Amber B,42875,14.23,2019-06-03,2019-07-01,2019-06-05 13:05:47,2019-07-03 11:49:17,494386304.0,0.006803749480599253,-0.01585906965281525,-0.021011112025314693,-0.004415825021669706
FMNB,Farmers National Banc Corp /oh/,2019-10-03,2019-09-03,2019-10-01,6,10,Helmick Kevin J; Macali Ralph D; Moore Terry A; Muransky Edward; Sabat Joseph W; Wallace Amber B,18977,13.94,2019-09-03,2019-10-01,2019-09-05 09:53:45,2019-10-03 09:04:46,494386304.0,-0.02738379963362414,-0.03878668023321219,-0.010108689296199458,0.00907278221433283
FMNB,Farmers National Banc Corp /oh/,2019-12-04,2019-12-02,2019-12-04,5,5,Helmick Kevin J; Moore Terry A; Muransky Edward; Sabat Joseph W; Wallace Amber B,9871,15.279999999999998,2019-12-02,2019-12-04,2019-12-04 08:24:35,2019-12-04 08:39:53,494386304.0,-0.0026990955848831266,0.029811752435287442,-0.018805598022913816,0.029667301028888815
FMNB,Farmers National Banc Corp /oh/,2020-04-03,2020-03-16,2020-04-01,6,8,Ciroli Lance J; Helmick Kevin J; Moore Terry A; Muransky Edward; Sabat Joseph W; Wallace Amber B,112712,11.3275,2020-03-16,2020-04-01,2020-03-17 07:52:03,2020-04-03 09:37:40,494386304.0,-0.06496884220036803,-0.042599326642322355,-0.19611664948842622,-0.17464879112086118
FMNB,Farmers National Banc Corp /oh/,2020-07-06,2020-06-01,2020-07-01,5,9,Helmick Kevin J; Moore Terry A; Muransky Edward; Sabat Joseph W; Wallace Amber B,19708,11.761111111111113,2020-06-01,2020-07-01,2020-06-03 09:21:24,2020-07-06 14:48:34,494386304.0,-0.05731994979109256,-0.06944133213057191,-0.01592897471334398,-0.11097395508029395
FMNB,Farmers National Banc Corp /oh/,2020-10-05,2020-09-01,2020-10-01,5,10,Helmick Kevin J; Moore Terry A; Muransky Edward; Sabat Joseph W; Wallace Amber B,20966,11.37,2020-09-01,2020-10-01,2020-09-03 08:02:05,2020-10-05 09:03:05,494386304.0,0.013372422005332174,-0.009275835339893401,0.07330984441822919,0.04181710402231675
FMNB,Farmers National Banc Corp /oh/,2021-02-03,2021-01-04,2021-02-01,5,9,Helmick Kevin J; Moore Terry A; Muransky Edward; Sabat Joseph W; Wallace Amber B,20483,13.302222222222222,2021-01-04,2021-02-01,2021-01-06 09:07:37,2021-02-03 09:30:43,494386304.0,0.004554115050845686,-0.008547983066750753,0.1765648441243648,0.1155524092231699
FMNB,Farmers National Banc Corp /oh/,2021-04-06,2021-04-01,2021-04-01,5,5,Helmick Kevin J; Moore Terry A; Muransky Edward; Sabat Joseph W; Wallace Amber B,10505,16.7,2021-04-01,2021-04-01,2021-04-06 11:03:14,2021-04-06 11:23:14,494386304.0,0.0053617522554632036,-0.04266994048736372,-0.00306169481663221,-0.13148641619923862
FMNB,Farmers National Banc Corp /oh/,2021-08-24,2021-07-30,2021-08-02,7,8,Helmick Kevin J; Moore Terry A; Muransky Edward; Nicastro Mark A; Paull David Z; Sabat Joseph W; Wallace Amber B,180010,15.38,2021-07-30,2021-08-02,2021-08-02 08:10:08,2021-08-24 14:10:59,494386304.0,0.003969009581554106,-0.014081094116514925,0.0973816334574028,0.13788844837276937
FMNB,Farmers National Banc Corp /oh/,2021-12-02,2021-09-01,2021-10-01,6,8,Adair Alan Troy; Bestic Gregory C; Crawford Anne Frederick; Helmick Kevin J; Monaco Frank J; Muransky Edward,546352,15.58625,2021-09-01,2021-10-01,2021-09-07 14:38:51,2021-12-02 08:03:12,494386304.0,0.011577169232324325,-0.01611725827824495,0.08566962654511756,0.007237959028942753
FMNB,Farmers National Banc Corp /oh/,2022-05-25,2022-05-02,2022-05-24,5,6,Bestic Gregory C; Kaback Neil J; Muransky Edward; Paull David Z; Wenick Mark J,216227,15.058333333333332,2022-05-02,2022-05-24,2022-05-03 11:06:19,2022-05-25 08:12:44,494386304.0,-0.005674824412186474,-0.017022872198673822,0.015992266192581095,-0.08451167239522117
FMNB,Farmers National Banc Corp /oh/,2022-08-05,2022-07-09,2022-08-04,3,3,Bestic Gregory C; Kaback Neil J; Macali Ralph D,81037,14.173333333333332,2022-07-09,2022-08-04,2022-08-01 07:38:16,2022-08-05 09:24:07,494386304.0,0.013495028095393269,0.033365930442587066,0.07509468931310825,0.04990349776015157
FMNB,Farmers National Banc Corp /oh/,2023-02-22,2023-01-03,2023-01-27,5,5,Carney Timothy; Helmick Kevin J; Nicastro Mark A; Thornton Andre; Wallace Amber B,140628,13.982,2023-01-03,2023-01-27,2023-01-30 08:14:06,2023-02-22 15:48:04,494386304.0,0.013039265047418924,0.039895441724604574,-0.17097692145417087,-0.21741478244127
FMNB,Farmers National Banc Corp /oh/,2023-08-02,2023-07-03,2023-08-01,3,3,Sabat Joseph W; Shaffer Timothy F; Thornton Andre,52837,12.37,2023-07-03,2023-08-01,2023-07-06 08:20:56,2023-08-02 10:19:53,494386304.0,0.03125051078518981,0.030762817670833553,-0.08726900784803882,-0.09226101577884005
FMNB,Farmers National Banc Corp /oh/,2023-10-02,2023-04-28,2023-05-12,3,4,Bestic Gregory C; Macali Ralph D; Muransky Edward,644225,11.4425,2023-04-28,2023-05-12,2023-04-28 14:43:53,2023-10-02 09:58:20,494386304.0,-0.004387623383891759,-0.029418077967907852,0.0022745453203238952,0.16552190180356496
FMNB,Farmers National Banc Corp /oh/,2024-02-26,2024-01-02,2024-01-30,3,3,Helmick Kevin J; Richardson Gina A; Wallace Amber B,11814,14.053333333333336,2024-01-02,2024-01-30,2024-01-31 09:31:25,2024-02-26 11:52:29,494386304.0,-0.023096973593318304,-0.03293819338633186,-0.06870922950573577,-0.11252211898382847
FNB,Fnb Corp/fl/,2016-08-15,2016-07-28,2016-08-11,6,8,Campbell William B; Delie Vincent J Jr; Guerrieri Gary L; Hormell Robert A; Martz D Stephen; Mencini Frank C,222667,12.115,2016-07-28,2016-08-11,2016-07-29 16:25:09,2016-08-15 11:53:03,6086335488.0,0.008040614165908733,0.012004880895161829,0.021343282631479665,0.10107609389681893
FNB,Fnb Corp/pa/,2017-11-08,2017-11-03,2017-11-08,3,3,Chiafullo James D; Mencini Frank C; Moorehead Robert M,113341,13.283333333333331,2017-11-03,2017-11-08,2017-11-03 14:06:05,2017-11-08 15:40:36,6086335488.0,-0.008044440470878711,0.011690298262155174,0.06226828377049087,0.037672505953858515
FNB,Fnb Corp/pa/,2018-03-13,2018-02-05,2018-02-12,3,4,Bena Pamela A; Hormell Robert A; Mencini Frank C,128037,13.79,2018-02-05,2018-02-12,2018-02-12 10:07:09,2018-03-13 16:11:07,6086335488.0,-0.01421885612148921,-0.002496789003315736,-0.056842687234987754,-0.03880646115136954
FNB,Fnb Corp/pa/,2018-05-18,2018-05-11,2018-05-17,15,17,Bena Pamela A; Campbell William B; Chiafullo James D; Delie Vincent J Jr; Dively Mary Jo; Gurgovits Stephen J; Hormell Robert A; Malone David J; Martz D Stephen; McCarthy Robert J Jr; Mencini Frank C; Motley David L; Nicholas Heidi A; Stanik John S; Strimbu William J,810558,13.512941176470587,2018-05-11,2018-05-17,2018-05-14 12:20:47,2018-05-18 14:39:36,6086335488.0,0.0016321399181040697,-0.001251564998327237,-0.003146737124457566,-0.0654528790133172
FNB,Fnb Corp/pa/,2018-11-14,2018-10-26,2018-11-12,10,11,Bena Pamela A; Calabrese Vincent J; Chiafullo James D; Delie Vincent J Jr; Dively Mary Jo; Dutey James L; Guerrieri Gary L; Mencini Frank C; Moorehead Robert M; Robinson Barry C,410474,11.483636363636364,2018-10-26,2018-11-12,2018-10-29 11:51:27,2018-11-14 11:55:06,6086335488.0,-0.0018840777254376384,0.02012000676859882,-0.10676276628002512,-0.011754056025233606
FNB,Fnb Corp/pa/,2019-08-13,2019-07-31,2019-08-13,4,5,Bena Pamela A; Chiafullo James D; Mencini Frank C; Motley David L,91889,11.25,2019-07-31,2019-08-13,2019-07-31 16:09:51,2019-08-13 14:46:52,6086335488.0,-0.00772614578371722,-0.014413233660871771,0.04633624454114349,0.09934253827425965
FNB,Fnb Corp/pa/,2020-03-13,2020-03-10,2020-03-13,5,5,Delie Vincent J Jr; Dively Mary Jo; Hormell Robert A; Robinson Barry C; Strimbu William J,208082,8.03,2020-03-10,2020-03-13,2020-03-11 15:51:43,2020-03-13 15:54:23,6086335488.0,-0.016973084627311397,-0.030768955448526425,-0.14258590962531859,-0.07927104874857527
FNB,Fnb Corp/pa/,2020-05-14,2020-05-12,2020-05-14,4,4,Bena Pamela A; Calabrese Vincent J; Delie Vincent J Jr; Mencini Frank C,288072,6.625,2020-05-12,2020-05-14,2020-05-13 12:36:28,2020-05-14 19:48:30,6086335488.0,-0.005437028509128972,0.0966106521132355,0.052586614977057744,0.10437404578609488
FNLC,"First Bancorp, Inc /me/",2020-05-20,2020-05-05,2020-05-20,5,5,McKim Tony C; Parady Steven; Plummer Tammy L; Rosborough Mark N; Smith Stuart G,150255,19.346,2020-05-05,2020-05-20,2020-05-06 15:41:26,2020-05-20 14:55:47,316190080.0,0.049671216116815575,0.08426359471071976,0.07979096879979775,0.01889997316515668
FNLC,"First Bancorp, Inc /me/",2023-05-09,2023-04-21,2023-05-08,4,5,Gregory Robert B; Smith Stuart G; Swan Kimberly; Tolman Sarah,122068,24.384,2023-04-21,2023-05-08,2023-04-24 11:20:58,2023-05-09 14:13:40,316190080.0,-0.01791585664244999,-0.009894716057701092,0.026298300333226665,0.08378531280555968
FOR,Forestar Group Inc.,2018-12-26,2018-11-27,2018-12-20,3,5,Bartok Daniel C; Hudson M Ashton; Tomnitz Donald J,436272,14.72,2018-11-27,2018-12-20,2018-11-29 16:18:24,2018-12-26 16:09:17,1397496448.0,-0.021282322667176556,-0.06991673563852474,0.08868962353943677,0.04248515338087566
FPH,"Five Point Holdings, LLC",2017-05-16,2017-05-15,2017-05-15,9,9,"Alvarado Michael; Beckwitt Richard; Bonner Kofi; Castlelake L.P.; Higgins Erik R.; Jaffe Jonathan M; Jochim Lynn; Miller Stuart A; Tco Fund, L.P.",53213692,14.0,2017-05-15,2017-05-15,2017-05-16 16:26:41,2017-05-16 19:46:32,809221440.0,-0.008711998606906857,-0.02753098704412149,-0.1148728297317001,-0.1798315199175885
FPI,Farmland Partners Inc.,2017-03-30,2017-02-27,2017-03-28,3,8,Borenstein Erica; Conrad John C; Pittman Paul A,91128,11.02875,2017-02-27,2017-03-28,2017-02-27 17:31:07,2017-03-30 17:55:52,571743872.0,0.0201753538329279,-0.006887870914347616,-0.07950409139202486,-0.19698898454641633
FPI,Farmland Partners Inc.,2017-08-21,2017-08-17,2017-08-18,3,3,Borenstein Erica; Fabbri Luca; Pittman Paul A,67450,8.433333333333332,2017-08-17,2017-08-18,2017-08-17 18:06:43,2017-08-21 17:08:58,571743872.0,0.008193604111680575,0.06888557791115568,0.09434092839246033,0.03473487094041161
FPI,Farmland Partners Inc.,2017-11-13,2017-06-15,2017-07-14,3,3,Borenstein Erica; Downey Chris A; Pittman Paul A,74445,9.026666666666666,2017-06-15,2017-07-14,2017-06-15 17:00:18,2017-11-13 16:16:09,571743872.0,-0.005271702823038349,0.011408790464801033,-0.061056905172809484,-0.16265320491077973
FPI,Farmland Partners Inc.,2018-03-30,2018-03-06,2018-03-29,3,11,Bartels Jay; Glauber Joseph W; Pittman Paul A,113407,9.794545454545457,2018-03-06,2018-03-29,2018-03-08 16:11:23,2018-03-30 16:25:40,571743872.0,-0.01490806870232153,-0.00739862648673939,-0.11400177920277532,0.060260260080997385
FPI,Farmland Partners Inc.,2020-04-02,2020-03-17,2020-03-31,3,7,Borenstein Erica; Fabbri Luca; Pittman Paul A,51582,10.571428571428571,2020-03-17,2020-03-31,2020-03-18 16:55:00,2020-04-02 17:25:21,571743872.0,-0.00828781931659428,-0.009930604573859414,-0.05993789914211578,-0.08597352427285099
FPI,Farmland Partners Inc.,2023-03-20,2023-02-27,2023-03-16,4,7,Fabbri Luca; Good John A; Pittman Paul A; Wise Murray R,613820,10.241428571428573,2023-02-27,2023-03-16,2023-03-01 16:30:39,2023-03-20 17:02:27,571743872.0,0.029922675786494768,0.0340575328391346,-0.0018410496251033415,0.17217897919030678
FRME,First Merchants Corp,2015-04-02,2015-03-02,2015-03-31,4,6,Lehman Gary; Lorentson Jeffrey B; Sherman Patrick A; Stewart Michael J,5747,21.853333333333335,2015-03-02,2015-03-31,2015-03-04 08:09:33,2015-04-02 15:43:16,2465961472.0,-0.0086550326214907,-0.029170091562501943,-0.059103943740546394,0.049881752031118554
FRME,First Merchants Corp,2015-09-03,2015-08-28,2015-09-01,3,3,Becher Michael R; Lehman Gary; Sherman Patrick A,4746,25.80333333333333,2015-08-28,2015-09-01,2015-08-31 10:19:28,2015-09-03 08:10:26,2465961472.0,0.0075235871487943085,-0.009876699298312808,-0.04639857746928755,-0.029767076892248445
FRME,First Merchants Corp,2015-12-16,2015-12-01,2015-12-14,3,3,Becher Michael R; Lehman Gary; Sherman Patrick A,5971,26.69333333333333,2015-12-01,2015-12-14,2015-12-03 12:36:44,2015-12-16 09:08:12,2465961472.0,-0.006886914267165811,-0.028940953094506394,-0.053512046501978605,-0.09988747606403348
FRME,First Merchants Corp,2016-03-03,2016-02-01,2016-03-01,4,6,Lehman Gary; Schalliol Charles E; Sherman Patrick A; Walker Terry L,49003,22.311666666666667,2016-02-01,2016-03-01,2016-02-03 11:33:33,2016-03-03 09:06:26,2465961472.0,0.0076933409272352815,0.012604031609404265,0.0025727521756462313,0.07767438857295073
FRME,First Merchants Corp,2016-07-05,2016-06-01,2016-07-01,4,6,Lehman Gary; Lorentson Jeffrey B; Sherman Patrick A; Stewart Michael J,5539,23.823333333333338,2016-06-01,2016-07-01,2016-06-03 10:37:23,2016-07-05 16:09:35,2465961472.0,-0.018038985547718767,-0.007094545702504673,0.04764309700685199,0.04303344288390942
FRME,First Merchants Corp,2017-12-05,2017-11-01,2017-12-01,3,5,Lehman Gary; Marhenke Michael C; Sherman Patrick A,91684,43.232000000000006,2017-11-01,2017-12-01,2017-11-03 15:27:30,2017-12-05 15:38:04,2465961472.0,-0.02988067610344658,-0.04690604591057068,-0.06543734393300826,-0.07094401568303166
FRME,First Merchants Corp,2018-12-21,2018-12-03,2018-12-19,3,3,Lehman Gary; Sherman Patrick A; Walker Terry L,37287,39.54666666666666,2018-12-03,2018-12-19,2018-12-04 11:43:00,2018-12-21 15:39:44,2465961472.0,3.7060103954211776e-05,-0.012045084281404383,-0.004322986144559726,-0.058670166941267476
FRME,First Merchants Corp,2020-04-02,2020-03-13,2020-04-01,3,3,Hardwick Mark K; Marhenke Michael C; Sherman Patrick A,287723,26.94,2020-03-13,2020-04-01,2020-03-17 14:29:53,2020-04-02 16:05:04,2465961472.0,0.003029771562923722,0.025817010923931516,-0.23578756812484236,-0.14186146304840097
FRPT,"Freshpet, Inc.",2020-11-09,2015-11-16,2015-11-27,7,7,Brewster Daryl G; Farina Thomas J.; George Walter N.; Kassar Richard A; Midocean Associates Spc; Morris Scott James; Thompson Richard C,2401197,6.680000000000001,2015-11-16,2015-11-27,2015-11-18 16:25:42,2020-11-09 16:31:32,4126199040.0,-0.11561987794171824,-0.06442236222803677,0.013881903378548222,0.06666248854759238
FRPT,"Freshpet, Inc.",2021-12-02,2021-11-24,2021-11-29,3,3,Cyr William B.; George Walter N.; Norris Charles A,858029,109.3,2021-11-24,2021-11-29,2021-11-29 16:30:48,2021-12-02 20:26:58,4126199040.0,-0.03099054389728273,-0.04481519531381595,-0.16517184145446717,0.08873434039626427
FRSH,"Papa Murphy'S Holdings, Inc.",2016-08-16,2016-08-08,2016-08-12,3,3,Hutchens Mark Edward; Mounts L David; Solano Brandon,484926,5.453333333333333,2016-08-08,2016-08-12,2016-08-10 12:38:38,2016-08-16 14:10:15,2358322176.0,,,,
FRST,Primis Financial Corp.,2021-05-14,2021-05-04,2021-05-13,5,8,Biagas John Fitzgerald; Clagett Robert Yates; Johnson Eric Alan; Kabbash Charles A; Stafford Clinton Tyler,261252,14.69,2021-05-04,2021-05-13,2021-05-04 18:03:32,2021-05-14 10:08:35,327213824.0,0.01601512955364992,0.011945450085887321,0.008154575609772285,0.015511699374062271
FRST,Primis Financial Corp.,2022-03-10,2022-02-01,2022-02-07,3,4,Jennings W. Bruce; Kabbash Charles A; Switzer Matthew Alan,229825,14.945,2022-02-01,2022-02-07,2022-02-03 20:29:58,2022-03-10 12:37:00,327213824.0,0.03216260419561123,-0.009832786625650236,-0.02487354014136889,-0.003416863278435822
FRST,Primis Financial Corp.,2022-06-09,2022-05-09,2022-06-08,3,5,Biagas John Fitzgerald; Clagett Robert Yates; Cook William Rand,114565,13.206,2022-05-09,2022-06-08,2022-05-10 09:50:48,2022-06-09 13:43:34,327213824.0,0.02600815560140135,0.06218475264427692,0.024959925352286305,0.0033540353972524306
FRST,Primis Financial Corp.,2022-12-16,2022-11-28,2022-12-14,3,3,Jones Allen R Jr.; Leibson Marie Taylor; Sheflett George Cody Jr,76200,9.82,2022-11-28,2022-12-14,2022-11-28 14:43:14,2022-12-16 15:50:23,327213824.0,0.018495145012398684,0.006817104736232316,-0.04818614269663479,-0.1697097697790486
FRST,Primis Financial Corp.,2023-03-15,2023-03-06,2023-03-15,6,7,Biagas John Fitzgerald; Garrett F L III; Gore Ann-Stanton C; Jones Allen R Jr.; Switzer Matthew Alan; Williamson Susan B,214219,10.422857142857142,2023-03-06,2023-03-15,2023-03-08 15:37:33,2023-03-15 18:59:05,327213824.0,0.0009772971524872887,-0.024040299121781628,-0.143942021573925,-0.2493163231640556
FRST,Primis Financial Corp.,2023-05-17,2023-05-05,2023-05-17,4,7,Clagett Robert Yates; Cook William Rand; Johnson Eric Alan; Williamson Susan B,126917,7.331428571428572,2023-05-05,2023-05-17,2023-05-09 14:21:49,2023-05-17 17:52:07,327213824.0,0.0710687357872577,0.06414979212096417,0.10139016323178018,0.22865567672779052
FRST,Primis Financial Corp.,2024-02-08,2023-02-02,2023-02-24,5,8,Cook William Rand; Diaz Deborah; Fredricks Julia E; Jones Allen R Jr.; Kabbash Charles A,174246,11.990000000000002,2023-02-02,2023-02-24,2023-02-06 16:11:20,2024-02-08 17:26:06,327213824.0,0.025822579416387326,0.0373435965831872,-0.07018959063514596,-0.17095222270114285
FRST,Primis Financial Corp.,2024-10-15,2024-03-12,2024-03-15,5,6,Biagas John Fitzgerald; Cook William Rand; Diaz Deborah; Fulk Rickey Allen; Kabbash Charles A,202055,12.113333333333337,2024-03-12,2024-03-15,2024-03-12 17:34:20,2024-10-15 13:57:04,327213824.0,0.027623598020904416,0.002544716524744861,0.029926213237153165,
FRST,Primis Financial Corp.,2024-12-16,2024-12-12,2024-12-13,4,4,Clagett Robert Yates; Diaz Deborah; Garrett F L III; Johnson Eric Alan,160614,12.38,2024-12-12,2024-12-13,2024-12-16 10:43:25,2024-12-16 12:07:10,327213824.0,-0.016999881608638856,-0.046994210675215364,,
FSBC,Five Star Bancorp,2021-05-06,2021-05-04,2021-05-04,18,18,Allbaugh Lawrence Eugene; Beckwith James Eugene; Campbell Michael D; Dalton John William; Deary-Bell Shannon; Hyde Kristine Mali; Joffe Philip Mark; Lee Michael Eugene; Lucchetti David John; Luck Heather Christina; Nickum David Frank; Perry-Smith Robert Truxtun; Ramirez-Medina Lydia Ann; Ramos Kevin Francis; Riggs Judson Teichert; Rizzo Michael Anthony; Wait Brett Levi; Wetton Shelley Ronan,4014980,20.0,2021-05-04,2021-05-04,2021-05-06 17:17:40,2021-05-06 17:24:13,839441600.0,0.011482937725620923,0.04161083405269883,0.06842255516638218,-0.04346335721222694
FSBC,Five Star Bancorp,2022-06-03,2022-05-05,2022-06-01,4,5,Allbaugh Larry Eugene; Deary-Bell Shannon; Lucas Donna; Perry-Smith Robert Truxtun,379809,25.339999999999996,2022-05-05,2022-06-01,2022-05-06 12:53:00,2022-06-03 17:09:02,839441600.0,0.023332203092937265,-0.012855708495296936,-0.02062979481016569,-0.03823007842997894
FSBC,Five Star Bancorp,2023-05-18,2023-04-27,2023-05-17,10,12,Allbaugh Larry Eugene; Lee Michael Eugene; Lucas Donna; Luck Heather Christina; Perry-Smith Robert Truxtun; Ramos Kevin Francis; Rizzo Michael Anthony; Wait Brett Levi; Wetton Shelley Ronan; White Leigh Ann,959955,20.045833333333334,2023-04-27,2023-05-17,2023-04-27 16:32:32,2023-05-18 10:16:32,839441600.0,-0.013893409760702191,0.0060845404089918675,0.08089458724319298,0.12626621412705052
FSBC,Five Star Bancorp,2023-12-13,2022-02-07,2022-03-04,4,8,Deary-Bell Shannon; Lucas Donna; Perry-Smith Robert Truxtun; White Leigh Ann,725422,29.91625,2022-02-07,2022-03-04,2022-02-08 12:41:17,2023-12-13 20:07:38,839441600.0,0.058220429024629095,0.049947762058476064,0.01538889646377517,-0.11601715539138979
FSBC,Five Star Bancorp,2024-04-01,2024-03-28,2024-03-28,6,6,Allbaugh Larry Eugene; Deary-Bell Shannon; Lucas Donna; Perry-Smith Robert Truxtun; Ramos Kevin Francis; Riggs Judson Teichert,5499989,21.75,2024-03-28,2024-03-28,2024-04-01 10:55:17,2024-04-01 11:05:59,839441600.0,-0.006135394335333166,-0.005461203819318694,-0.0006745490056487835,-0.016983909284558507
FSLR,"First Solar, Inc.",2022-08-05,2022-08-01,2022-08-05,3,3,Antoun Georges; Bradley Alexander R.; Buehler Patrick James,1249912,101.06333333333332,2022-08-01,2022-08-05,2022-08-02 16:04:06,2022-08-05 18:05:39,21197139968.0,0.07918269580545101,0.15835447076501596,0.43987446913117123,0.5315617334364802
FSTR,Foster L B Co,2015-11-23,2015-11-11,2015-11-19,5,6,Bauer Robert P; Foster Lee B II; Kasel John F; McKane G Thomas; Russo David J,220203,11.555,2015-11-11,2015-11-19,2015-11-13 14:48:20,2015-11-23 12:11:13,335522688.0,0.01943298833656182,0.010625687441994325,0.006631070647179493,0.09745735908512487
FSTR,Foster L B Co,2016-09-09,2016-08-11,2016-09-07,3,7,Bauer Robert P; Purgason Robert S; Vizi Bradley,1941482,10.992857142857144,2016-08-11,2016-09-07,2016-08-15 16:09:28,2016-09-09 17:01:40,335522688.0,-0.017637921146057778,-0.0031305456638002216,0.08930182400953002,0.19485754063809702
FSTR,Foster L B Co,2023-05-19,2023-05-12,2023-05-18,3,3,English Aron R.; Jones Alexander B; Reilly Sean M,368933,11.163333333333334,2023-05-12,2023-05-18,2023-05-15 15:33:13,2023-05-19 16:49:06,335522688.0,0.013001828884855793,0.05707986647189611,0.06416404894929784,0.4398503209568576
FSTR,Foster L B Co,2024-08-12,2024-08-08,2024-08-08,4,4,Betler Raymond T; Friedman Brian Hunter; Reilly Sean M; Thalman William M,149242,17.1925,2024-08-08,2024-08-08,2024-08-12 11:55:38,2024-08-12 12:06:30,335522688.0,0.024161525155173225,-0.020871529680003498,-0.007694038091749178,-0.009079871048081944
FTAI,Fortress Transportation & Infrastructure Investors LLC,2015-11-16,2015-11-05,2015-11-13,4,5,Adams Joseph P. Jr.; Atkeson Jonathan; Goodwin Paul R; Tuchman Martin,1179488,12.294,2015-11-05,2015-11-13,2015-11-09 17:16:43,2015-11-16 09:25:17,28899921920.0,-0.05717391112717851,-0.06914652093834917,-0.08704570068980177,-0.10225075068196143
FTAI,Fortress Transportation & Infrastructure Investors LLC,2016-08-09,2016-08-04,2016-08-05,3,3,Adams Joseph P. Jr.; Goodwin Paul R; Tuchman Martin,1047400,11.90333333333333,2016-08-04,2016-08-05,2016-08-08 17:40:15,2016-08-09 16:16:42,28899921920.0,0.024859077724038725,0.0480723183410251,0.019655138135540207,0.13075769255510528
FTAI,Fortress Transportation & Infrastructure Investors LLC,2017-04-19,2015-05-15,2015-05-20,3,3,Atkeson Jonathan; Goodwin Paul R; Tuchman Martin,2627400,16.873333333333335,2015-05-15,2015-05-20,2015-05-21 16:01:51,2017-04-19 16:10:27,28899921920.0,0.009371560114450839,0.018751513156882504,0.06462853672985336,0.08694130894083751
FTAI,Fortress Transportation & Infrastructure Investors LLC,2018-03-05,2018-03-01,2018-03-01,3,3,Adams Joseph P. Jr.; Goodwin Paul R; Tuchman Martin,1746187,16.439999999999998,2018-03-01,2018-03-01,2018-03-01 19:28:59,2018-03-05 16:07:59,28899921920.0,-0.0177941072664638,-0.025290818508975743,0.028809939105434834,0.0648870514755926
FTAI,Fortress Transportation & Infrastructure Investors LLC,2020-04-03,2020-03-19,2020-04-02,5,5,Adams Joseph P. Jr.; Christopher Scott; Goodwin Paul R; Nicholson Kenneth J.; Washington State Investment Board,20780369,9.43,2020-03-19,2020-04-02,2020-03-19 17:14:11,2020-04-03 18:13:00,28899921920.0,0.18668832672163105,0.17605972497768474,0.22587568205627018,0.6628295839616709
FTAI,Fortress Transportation & Infrastructure Investors LLC,2021-09-14,2021-09-14,2021-09-14,3,3,Goodwin Paul R; Robinson Ray M; Tuchman Martin,2754000,25.5,2021-09-14,2021-09-14,2021-09-14 16:17:49,2021-09-14 16:19:11,28899921920.0,0.0018811954832911315,-0.009656024015422426,0.061987014168547905,-0.08176520371655338
FTDR,"Frontdoor, Inc.",2022-05-27,2022-05-23,2022-05-25,3,3,Catalano Anna C; Cella Peter L.; Cobb William C,477750,25.013333333333335,2022-05-23,2022-05-25,2022-05-25 16:11:10,2022-05-27 16:04:20,5034621952.0,-0.04401691656255102,-0.07075532776241589,0.07981374081623815,0.017912157897385983
FUBO,Fubotv Inc. /fl,2020-10-14,2020-09-15,2020-10-13,3,4,Bronfman Edgar Jr; Leff Daniel V; Textor John C,4559341,9.6225,2020-09-15,2020-10-13,2020-09-17 20:58:51,2020-10-14 17:27:12,423258272.0,0.11873699274260185,0.2775716873133246,1.5656550926900448,1.7140258758910094
FULC,"Fulcrum Therapeutics, Inc.",2019-07-23,2019-07-22,2019-07-22,6,6,"6 Dimensions Capital, L.P.; Casdin Capital, LLC; Levin Mark J; Sanofi; Third Rock Ventures Iii, L.P.; Third Rock Ventures Iv, L.P.",9517495,15.973333333333334,2019-07-22,2019-07-22,2019-07-22 16:31:01,2019-07-23 11:39:19,524143616.0,0.02327347378190736,0.14287799602861373,-0.12844863491278447,-0.6336475894639996
FULC,"Fulcrum Therapeutics, Inc.",2021-06-29,2021-06-28,2021-06-28,4,4,Geraghty James A; Morabito Christopher; Oltmans Curtis Gale; Thomson Peter G.,132179,9.0825,2021-06-28,2021-06-28,2021-06-29 16:15:13,2021-06-29 16:16:32,524143616.0,0.1617717098314948,0.04691092255361973,1.2037986284199584,1.9277408296410572
FULT,Fulton Financial Corp,2018-12-06,2018-11-08,2018-12-04,3,3,Campbell David M; Spair Ronald H; Waters Ernest J,300740,16.703333333333333,2018-11-08,2018-12-04,2018-11-13 16:09:04,2018-12-06 16:47:56,3731025152.0,0.022269851638545113,-0.014378040610944609,0.03013023563242656,-0.012623033302860964
FUN,Cedar Fair L P,2018-11-06,2018-11-02,2018-11-05,3,3,Affeldt Eric; Hanrahan Daniel J; Klein Thomas,1890480,51.20666666666667,2018-11-02,2018-11-05,2018-11-06 08:48:11,2018-11-06 08:48:54,1695636352.0,0.010352945896590304,0.039129060499306645,0.06998853450527454,0.1093267180279518
FUN,Cedar Fair L P,2020-03-12,2020-03-10,2020-03-11,3,3,Fisher Tim; Heckman Craig; Ruisanchez Carlos,275468,29.59,2020-03-10,2020-03-11,2020-03-10 14:09:06,2020-03-12 17:51:01,1695636352.0,-0.07291228366948932,-0.3422631386525925,-0.08975506275677925,0.1456569308048059
FWRD,Forward Air Corp,2023-08-30,2023-08-17,2023-08-25,13,14,Allen Ronald W; Campbell C Robert; Carlock Craig; Hance Michael L; Lynch George M; Mayes George S Jr; Mitchin Kyle R; Nayak Chitra; Polit Javier; Ronning Nancee L; Ruble Chris C; Schmitt Thomas; Tucker Laurie Anne,2280813,64.33,2023-08-17,2023-08-25,2023-08-17 11:12:37,2023-08-30 08:15:35,770268928.0,-0.04263862061316548,-0.03920456330149147,0.0034498917293085407,-0.13275829765216496
GABC,"German American Bancorp, Inc.",2015-03-19,2015-02-17,2015-03-16,8,16,Bawel Douglas A; Ernst Christina M; Klem U Butch; Ramsey Chris A; Root M. Darren; Seger Thomas W; Snowden Raymond Ward; Voyles Michael J,57000,29.475,2015-02-17,2015-03-16,2015-02-23 13:19:06,2015-03-19 15:05:56,1556445568.0,0.001569822067807758,0.018943681722612404,-0.029221925985909447,0.016589805259313084
GABC,"German American Bancorp, Inc.",2015-05-22,2015-04-15,2015-05-15,8,17,Bawel Douglas A; Ernst Christina M; Klem U Butch; Ramsey Chris A; Root M. Darren; Seger Thomas W; Snowden Raymond Ward; Voyles Michael J,62040,29.22764705882353,2015-04-15,2015-05-15,2015-04-20 12:37:41,2015-05-22 12:13:24,1556445568.0,0.01798777383874839,-9.661254430359811e-06,0.04598875590024487,0.043747785295616404
GABC,"German American Bancorp, Inc.",2015-10-20,2015-09-15,2015-10-15,8,16,Bawel Douglas A; Ernst Christina M; Klem U Butch; Ramsey Chris A; Root M. Darren; Seger Thomas W; Snowden Raymond Ward; Voyles Michael J,20999,29.925,2015-09-15,2015-10-15,2015-09-21 09:22:34,2015-10-20 16:34:20,1556445568.0,-0.0018687090338521672,-0.023936406745901473,0.08521660894633065,0.08767849848365528
GABC,"German American Bancorp, Inc.",2016-03-22,2016-02-15,2016-03-15,8,16,Bawel Douglas A; Ernst Christina M; Klem U Butch; Ramsey Chris A; Root M. Darren; Seger Thomas W; Snowden Raymond Ward; Voyles Michael J,28865,32.004999999999995,2016-02-15,2016-03-15,2016-02-19 15:22:02,2016-03-22 10:00:53,1556445568.0,0.004674444519570331,-0.019196376295003814,-0.009958778130227608,-0.014600742577367987
GABC,"German American Bancorp, Inc.",2016-06-20,2016-05-16,2016-06-15,8,11,Bawel Douglas A; Ernst Christina M; Klem U Butch; Ramsey Chris A; Root M. Darren; Seger Thomas W; Snowden Raymond Ward; Voyles Michael J,30907,31.748181818181816,2016-05-16,2016-06-15,2016-05-19 09:28:12,2016-06-20 10:45:47,1556445568.0,0.01958872209352025,0.012158048266354138,0.03194291950268924,0.11227401042967311
GABC,"German American Bancorp, Inc.",2016-09-21,2016-09-15,2016-09-15,5,5,Ernst Christina M; Klem U Butch; Ramsey Chris A; Seger Thomas W; Snowden Raymond Ward,6350,36.85,2016-09-15,2016-09-15,2016-09-21 10:48:17,2016-09-21 12:26:18,1556445568.0,0.018501500500552215,0.022877525519904962,0.05626196464128541,0.35794843508092433
GABC,"German American Bancorp, Inc.",2016-12-20,2016-12-15,2016-12-15,5,5,Ernst Christina M; Klem U Butch; Ramsey Chris A; Seger Thomas W; Snowden Raymond Ward,3550,53.67999999999999,2016-12-15,2016-12-15,2016-12-20 14:36:11,2016-12-20 15:03:51,1556445568.0,0.0021313273567837854,-0.0015683721883071877,-0.10241979029955539,-0.17120062539876557
GABC,"German American Bancorp, Inc.",2017-03-21,2017-02-15,2017-03-16,7,15,Bawel Douglas A; Ernst Christina M; Klem U Butch; Ramsey Chris A; Seger Thomas W; Snowden Raymond Ward; Voyles Michael J,55351,48.04466666666668,2017-02-15,2017-03-16,2017-02-22 15:17:45,2017-03-21 16:38:07,1556445568.0,-0.02602172203122044,0.025354753555343668,0.05047011701776127,0.015608582607474109
GABC,"German American Bancorp, Inc.",2017-06-28,2017-06-15,2017-06-15,7,7,Bawel Douglas A; Ernst Christina M; Klem U Butch; Ramsey Chris A; Seger Thomas W; Snowden Raymond Ward; Voyles Michael J,9900,32.46,2017-06-15,2017-06-15,2017-06-28 16:52:58,2017-06-28 17:07:14,1556445568.0,0.049871341958238835,0.04648539845985833,-0.030617851829293774,0.062421485726508186
GABC,"German American Bancorp, Inc.",2017-09-21,2017-09-05,2017-09-15,6,7,Ernst Christina M; Klem U Butch; Ramsey Chris A; Seger Thomas W; Snowden Raymond Ward; Voyles Michael J,107810,33.807142857142864,2017-09-05,2017-09-15,2017-09-05 13:41:58,2017-09-21 16:03:01,1556445568.0,0.01884994759970504,0.07928089070975508,-0.0018881764198632744,-0.032391195965700614
GABC,"German American Bancorp, Inc.",2017-11-21,2017-10-16,2017-11-15,7,14,Bawel Douglas A; Ernst Christina M; Klem U Butch; Ramsey Chris A; Seger Thomas W; Snowden Raymond Ward; Voyles Michael J,19021,36.46,2017-10-16,2017-11-15,2017-10-18 15:05:19,2017-11-21 14:19:46,1556445568.0,0.009370192587483395,0.06966201311617404,-0.06990024079573065,-0.07419535560472457
GABC,"German American Bancorp, Inc.",2018-01-22,2018-01-15,2018-01-15,7,7,Bawel Douglas A; Ernst Christina M; Klem U Butch; Ramsey Chris A; Seger Thomas W; Snowden Raymond Ward; Voyles Michael J,7750,37.04,2018-01-15,2018-01-15,2018-01-22 11:52:55,2018-01-22 15:46:25,1556445568.0,-0.013063484049210095,-0.058511842027078154,0.007395231017091719,-0.009744414500675203
GABC,"German American Bancorp, Inc.",2018-05-18,2018-04-15,2018-05-15,7,14,Bawel Douglas A; Ernst Christina M; Klem U Butch; Ramsey Chris A; Seger Thomas W; Snowden Raymond Ward; Voyles Michael J,23250,34.85000000000001,2018-04-15,2018-05-15,2018-04-19 15:24:57,2018-05-18 14:26:44,1556445568.0,-0.009756599252628173,0.00983766862646518,0.013131014111420258,-0.009776068590802156
GABC,"German American Bancorp, Inc.",2018-11-20,2018-10-17,2018-11-15,6,14,Bawel Zachary W; Ernst Christina M; Klem U Butch; Ramsey Chris A; Seger Thomas W; Snowden Raymond Ward,381460,32.05428571428571,2018-10-17,2018-11-15,2018-10-19 12:47:01,2018-11-20 11:57:17,1556445568.0,0.018373456669828925,-0.002059465744390865,-0.0031632357885124085,-0.020448434149854755
GABC,"German American Bancorp, Inc.",2019-03-25,2019-02-20,2019-03-22,6,15,Bawel Zachary W; Kelly Jason M; Klem U Butch; Ramsey Chris A; Seger Thomas W; Snowden Raymond Ward,379462,30.259333333333327,2019-02-20,2019-03-22,2019-02-21 08:08:43,2019-03-25 06:57:28,1556445568.0,0.031805712867179814,0.03860588609956994,0.034618239515392224,0.008480818528154188
GABC,"German American Bancorp, Inc.",2019-07-19,2019-06-17,2019-07-15,8,14,Bawel Zachary W; Ernst Christina M; Fine Marc D; Kelly Jason M; Klem U Butch; Ramsey Chris A; Seger Thomas W; Snowden Raymond Ward,149963,29.66285714285714,2019-06-17,2019-07-15,2019-06-19 16:46:26,2019-07-19 10:10:47,1556445568.0,0.006533809993770068,0.03898179504711763,0.07200177829502641,0.09357107179852153
GABC,"German American Bancorp, Inc.",2019-10-17,2019-09-16,2019-10-15,6,12,Bawel Zachary W; Kelly Jason M; Klem U Butch; Ramsey Chris A; Seger Thomas W; Snowden Raymond Ward,38311,32.52,2019-09-16,2019-10-15,2019-09-18 11:43:17,2019-10-17 14:27:58,1556445568.0,0.010839299206757635,0.006869293336261961,0.007794528465153272,0.0059101712426981035
GABC,"German American Bancorp, Inc.",2019-12-18,2019-12-16,2019-12-16,8,8,Bawel Zachary W; Kelly Jason M; Klem U Butch; Ramsey Chris A; Ryan Christina M; Seger Thomas W; Sheidler Jack; Snowden Raymond Ward,9332,35.08,2019-12-16,2019-12-16,2019-12-18 09:38:44,2019-12-18 12:25:43,1556445568.0,0.00205610706331405,-0.008447432564933965,-0.04437989124556929,0.027496055145527443
GABC,"German American Bancorp, Inc.",2020-03-19,2020-03-10,2020-03-16,7,10,Bawel Zachary W; Kelly Jason M; Klem U Butch; Ryan Christina M; Seger Thomas W; Snowden Raymond Ward; Wagler Tyson J,494309,25.289,2020-03-10,2020-03-16,2020-03-11 11:20:04,2020-03-19 16:40:00,1556445568.0,-0.012912539124723565,-0.07486818808742246,-0.09563990729814931,-0.17989635349497468
GABC,"German American Bancorp, Inc.",2020-05-19,2020-04-15,2020-05-15,8,15,Bawel Zachary W; Kelly Jason M; Klem U Butch; Ramsey Chris A; Ryan Christina M; Seger Thomas W; Sheidler Jack; Snowden Raymond Ward,32277,26.09399999999999,2020-04-15,2020-05-15,2020-04-17 13:11:09,2020-05-19 11:36:11,1556445568.0,0.016499020327195746,0.11536039366052542,-0.008677682435177081,-0.09415036871876392
GABC,"German American Bancorp, Inc.",2020-09-17,2020-08-17,2020-09-15,8,15,Bawel Zachary W; Kelly Jason M; Ramsey Chris A; Ryan Christina M; Seger Thomas W; Sheidler Jack; Snowden Raymond Ward; Wagler Tyson J,112174,29.23666666666666,2020-08-17,2020-09-15,2020-08-19 09:40:18,2020-09-17 16:14:52,1556445568.0,0.029144581572631334,-0.045577713997704716,0.05484910451845404,0.03193775353069772
GABC,"German American Bancorp, Inc.",2020-12-17,2020-11-16,2020-12-15,7,13,Bawel Zachary W; Kelly Jason M; Ramsey Chris A; Ryan Christina M; Seger Thomas W; Sheidler Jack; Snowden Raymond Ward,29763,33.49923076923078,2020-11-16,2020-12-15,2020-11-18 13:48:26,2020-12-17 15:51:44,1556445568.0,-0.032741945792944316,-0.019848162880947595,0.009341780011558942,0.39962898290157334
GABC,"German American Bancorp, Inc.",2021-03-17,2021-02-15,2021-03-15,7,12,Bawel Zachary W; Kelly Jason M; Ramsey Chris A; Ryan Christina M; Seger Thomas W; Sheidler Jack; Snowden Raymond Ward,31542,41.19166666666667,2021-02-15,2021-03-15,2021-02-19 08:32:49,2021-03-17 15:07:06,1556445568.0,-0.02179942727639006,-0.07084535141981008,-0.1956343537495916,-0.2860423911429295
GABC,"German American Bancorp, Inc.",2021-06-17,2021-05-19,2021-06-15,7,12,Bawel Zachary W; Kelly Jason M; Ramsey Chris A; Ryan Christina M; Seger Thomas W; Sheidler Jack; Snowden Raymond Ward,23850,39.61750000000001,2021-05-19,2021-06-15,2021-05-21 09:25:01,2021-06-17 14:36:49,1556445568.0,-0.04710660904235664,-0.04233831693181056,-0.10092780578618188,-0.1629157548633018
GABC,"German American Bancorp, Inc.",2021-09-17,2021-08-16,2021-09-15,8,14,Bawel Zachary W; Ellspermann Susan J; Kelly Jason M; Ramsey Chris A; Ryan Christina M; Seger Thomas W; Sheidler Jack; Wagler Tyson J,118499,37.26285714285715,2021-08-16,2021-09-15,2021-08-18 12:43:50,2021-09-17 11:46:13,1556445568.0,0.02482814079641138,0.08134005974558467,0.09309250346361209,0.06651917939216023
GABC,"German American Bancorp, Inc.",2021-12-20,2021-11-15,2021-12-15,7,13,Bawel Zachary W; Ellspermann Susan J; Kelly Jason M; Ramsey Chris A; Ryan Christina M; Seger Thomas W; Sheidler Jack,30809,40.796923076923086,2021-11-15,2021-12-15,2021-11-17 11:02:38,2021-12-20 15:51:32,1556445568.0,0.0026889730235799547,-0.014073838649766524,0.03643703308303048,0.093029537189254
GABC,"German American Bancorp, Inc.",2022-02-25,2022-01-18,2022-02-15,7,14,Bawel Zachary W; Ellspermann Susan J; Kelly Jason M; Ramsey Chris A; Ryan Christina M; Seger Thomas W; Sheidler Jack,29192,40.44999999999999,2022-01-18,2022-02-15,2022-01-21 10:21:21,2022-02-25 16:38:42,1556445568.0,0.006602217171401303,0.027848449240341466,-0.10627279895550135,0.0201651928994524
GABC,"German American Bancorp, Inc.",2022-06-17,2022-05-16,2022-06-15,7,12,Bawel Zachary W; Ellspermann Susan J; Kelly Jason M; Ramsey Chris A; Ryan Christina M; Seger Thomas W; Sheidler Jack,20622,35.1825,2022-05-16,2022-06-15,2022-05-18 11:01:27,2022-06-17 16:15:19,1556445568.0,0.005366454954130573,-0.059335078759973126,-0.066647874421911,-0.02640612366077777
GABC,"German American Bancorp, Inc.",2022-08-17,2022-08-15,2022-08-15,8,8,Bawel Zachary W; Ellspermann Susan J; Kelly Jason M; Ramsey Chris A; Ryan Christina M; Seger Thomas W; Sheidler Jack; Wagler Tyson J,86559,38.92,2022-08-15,2022-08-15,2022-08-17 11:31:04,2022-08-17 12:15:18,1556445568.0,0.0034491250252411954,-0.004679720968433054,0.07361909759303953,0.10381242360634557
GABC,"German American Bancorp, Inc.",2022-10-19,2022-09-15,2022-10-15,7,13,Bawel Zachary W; Ellspermann Susan J; Kelly Jason M; Ramsey Chris A; Ryan Christina M; Seger Thomas W; Sheidler Jack,31068,37.541538461538465,2022-09-15,2022-10-15,2022-09-19 13:20:03,2022-10-19 10:14:37,1556445568.0,0.004182514882687061,-0.00928931565879898,-0.0417594445009557,-0.06328176387387918
GABC,"German American Bancorp, Inc.",2022-12-20,2022-03-31,2022-04-18,8,8,Bawel Zachary W; Ellspermann Susan J; Kelly Jason M; Ramsey Chris A; Ryan Christina M; Schroeder Mark A; Seger Thomas W; Sheidler Jack,43351,36.81625,2022-03-31,2022-04-18,2022-04-20 14:22:38,2022-12-20 10:20:39,1556445568.0,0.009037624742610495,0.027048507709130698,0.03685638914680611,-0.1053500499156822
GABC,"German American Bancorp, Inc.",2023-03-30,2023-03-15,2023-03-29,7,8,Bawel Zachary W; Ellspermann Susan J; Kelly Jason M; Ramsey Chris A; Ryan Christina M; Seger Thomas W; Sheidler Jack,65945,33.4775,2023-03-15,2023-03-29,2023-03-17 09:44:50,2023-03-30 10:07:50,1556445568.0,-0.022423915487217116,-0.05032621859541797,-0.22477423160388055,-0.2544525735924238
GABC,"German American Bancorp, Inc.",2023-07-19,2023-06-15,2023-07-15,7,13,Bawel Zachary W; Ellspermann Susan J; Kelly Jason M; Ryan Christina M; Seger Thomas W; Sheidler Jack; Wagler Tyson J,144315,28.59307692307693,2023-06-15,2023-07-15,2023-06-20 15:07:07,2023-07-19 11:26:12,1556445568.0,0.034089459567060554,0.04427034731935264,0.02378943904791153,0.00385479952022294
GABC,"German American Bancorp, Inc.",2023-09-28,2023-09-07,2023-09-27,5,11,Bawel Zachary W; Ellspermann Susan J; Ryan Christina M; Seger Thomas W; Sheidler Jack,611821,28.29909090909091,2023-09-07,2023-09-27,2023-09-08 08:47:27,2023-09-28 08:15:44,1556445568.0,-0.004830736229488597,0.004375097000600792,0.018947183642905152,0.12219852257908137
GABC,"German American Bancorp, Inc.",2023-12-19,2023-11-20,2023-12-15,5,12,Bawel Zachary W; Ellspermann Susan J; Ryan Christina M; Seger Thomas W; Sheidler Jack,465240,31.69000000000001,2023-11-20,2023-12-15,2023-11-22 08:41:56,2023-12-19 15:50:39,1556445568.0,0.014437484942795065,-0.014103639112974964,-0.08538553524445902,-0.13901322820288897
GABC,"German American Bancorp, Inc.",2024-03-19,2024-02-15,2024-03-15,6,10,Bawel Zachary W; Ellspermann Susan J; Medley Diane B; Ryan Christina M; Seger Thomas W; Sheidler Jack,50740,32.59,2024-02-15,2024-03-15,2024-02-20 10:49:44,2024-03-19 13:21:47,1556445568.0,0.018750452977382537,0.034688721439030124,0.028831292284965282,-0.020493456988625036
GABC,"German American Bancorp, Inc.",2024-07-17,2024-06-15,2024-07-15,7,12,Bawel Zachary W; Ellspermann Susan J; Kelly Jason M; Ryan Christina M; Seger Thomas W; Sheidler Jack; Wagler Tyson J,141680,35.57333333333334,2024-06-15,2024-07-15,2024-06-18 09:40:25,2024-07-17 15:00:40,1556445568.0,0.01702836005090369,0.06925142913005977,0.03212313521190502,-0.042715987696587576
GABC,"German American Bancorp, Inc.",2024-10-17,2024-09-15,2024-10-15,5,8,Bawel Zachary W; Ellspermann Susan J; Ryan Christina M; Seger Thomas W; Sheidler Jack,16200,40.17,2024-09-15,2024-10-15,2024-09-17 15:35:17,2024-10-17 15:15:58,1556445568.0,-0.014430808142518847,-0.02086799336684597,0.07004952703272815,
GABC,"German American Bancorp, Inc.",2024-12-17,2024-11-15,2024-12-15,5,9,Bawel Zachary W; Ellspermann Susan J; Ryan Christina M; Seger Thomas W; Sheidler Jack,11150,44.79333333333333,2024-11-15,2024-12-15,2024-11-18 16:52:22,2024-12-17 13:22:25,1556445568.0,-0.036118335069050045,-0.07342421629786211,,
GBCI,Glacier Bancorp Inc,2015-08-28,2015-08-25,2015-08-26,3,3,Chesler Randall M; Copher Ron J; Herron Dallas I,233585,24.540000000000003,2015-08-25,2015-08-26,2015-08-27 16:35:34,2015-08-28 16:21:01,5866923008.0,0.02285599174497588,0.033522262176226225,0.05916626186849028,0.09376374594356274
GBCI,"Glacier Bancorp, Inc.",2020-03-13,2020-03-13,2020-03-13,3,3,Chesler Randall M; Copher Ron J; Murdoch John W,227153,28.149999999999995,2020-03-13,2020-03-13,2020-03-13 11:02:39,2020-03-13 13:41:46,5866923008.0,0.11294779279921507,0.15355726611291343,0.24093571826858984,0.37203069271575884
GBCI,"Glacier Bancorp, Inc.",2023-03-13,2023-03-10,2023-03-13,3,3,Chesler Randall M; Copher Ron J; Langel Craig A,398899,39.38,2023-03-10,2023-03-13,2023-03-10 15:00:21,2023-03-13 13:13:24,5866923008.0,-0.003097971462229232,-0.0019291531565219788,-0.24799062639944036,-0.24181054051200646
GBLI,"Global Indemnity Group, LLC",2022-08-22,2022-08-12,2022-08-18,3,3,Brown Joseph W; Charlton David S; Mauer Reiner Ralf,473325,25.47333333333333,2022-08-12,2022-08-18,2022-08-16 16:30:36,2022-08-22 16:30:55,408232704.0,0.017737604523178074,0.032971699926491516,-0.035345822976262764,0.019473221270260965
GBTG,"Global Business Travel Group, Inc.",2022-06-14,2022-05-27,2022-06-10,5,5,Abbott Paul G; Apollo Principal Holdings III Gp Ltd; Ares Management LLC; Asof Investment Management LLC; Bush James Peter,27415639,8.206,2022-05-27,2022-06-10,2022-06-01 16:06:51,2022-06-14 16:42:24,2996256000.0,,,,
GBTG,"Global Business Travel Group, Inc.",2022-12-09,2022-11-23,2022-12-07,3,3,Bush James Peter; Gerow Martine; Van Vliet Christopher,87297,5.2299999999999995,2022-11-23,2022-12-07,2022-12-01 17:37:21,2022-12-09 17:04:27,2996256000.0,-0.019899071445853456,0.19993274960121887,0.32453986941269,0.2815267000612002
GCBC,Greene County Bancorp Inc,2016-03-07,2016-02-04,2016-03-04,3,3,Cahalan Jay P.; Gibson Donald E; Schaefer Charles H,40943,32.42,2016-02-04,2016-03-04,2016-02-08 11:48:33,2016-03-07 15:35:59,383444160.0,0.0030365493665062138,-0.02025682212280744,-0.031373107847598725,-0.07239288694491175
GCBC,Greene County Bancorp Inc,2017-05-25,2017-04-28,2017-05-24,3,4,Cahalan Jay P.; Gibson Donald E; Hogan Peter W.,57922,24.0975,2017-04-28,2017-05-24,2017-05-02 15:08:55,2017-05-25 16:49:33,383444160.0,-0.004572206347569274,0.025120184066108386,0.07600787080003468,-0.027306970373723982
GCBC,Greene County Bancorp Inc,2018-06-06,2018-05-09,2018-06-05,4,7,Cahalan Jay P.; Gibson Donald E; Hogan Peter W.; Slutzky Paul,89304,30.791428571428575,2018-05-09,2018-06-05,2018-05-10 13:57:43,2018-06-06 16:06:12,383444160.0,-0.02491827901945065,-0.02898396673834913,0.11261748842415065,0.09341644532441196
GCBC,Greene County Bancorp Inc,2019-05-30,2019-05-02,2019-05-29,3,3,Cahalan Jay P.; Gibson Donald E; Slutzky Paul,34036,30.436666666666667,2019-05-02,2019-05-29,2019-05-03 14:31:48,2019-05-30 13:00:58,383444160.0,0.006694552862447578,-0.03572397629453561,-0.11564312005219768,-0.11245134709867621
GCBC,Greene County Bancorp Inc,2019-08-07,2019-07-26,2019-08-06,4,4,Cahalan Jay P.; Gibson Donald E; Schaefer Charles H; Slutzky Paul,39509,26.9875,2019-07-26,2019-08-06,2019-07-26 17:10:09,2019-08-07 15:16:03,383444160.0,-0.027642881641043004,0.0008174144824858454,-0.011562707074109557,-0.02238505475760033
GCBC,Greene County Bancorp Inc,2020-03-16,2020-03-12,2020-03-13,4,4,Cahalan Jay P.; Gibson Donald E; Hogan Peter W.; Slutzky Paul,54674,20.245,2020-03-12,2020-03-13,2020-03-13 13:29:02,2020-03-16 11:43:17,383444160.0,0.27690248060238887,0.27895462944638016,-0.07538631605722979,-0.10871316067231107
GCBC,Greene County Bancorp Inc,2020-05-21,2020-04-29,2020-05-20,3,7,Gibson Donald E; Hogan Peter W.; Slutzky Paul,81324,20.827142857142857,2020-04-29,2020-05-20,2020-04-30 16:51:21,2020-05-21 17:59:27,383444160.0,0.025445039826901494,-0.0021397332664629953,-0.007927482009752573,-0.13428514391421653
GDEN,"Golden Entertainment, Inc.",2018-11-19,2018-11-13,2018-11-19,3,4,Arcana Stephen A; Haas Thomas Edwin; Protell Charles,283367,14.545,2018-11-13,2018-11-19,2018-11-13 18:23:34,2018-11-19 19:16:04,763233344.0,-0.0328897069278028,0.042553217496605455,0.16926908736480284,0.11938296326805209
GDEN,"Golden Entertainment, Inc.",2019-06-13,2019-05-31,2019-06-12,3,4,Haas Thomas Edwin; Marnell Anthony A. III; Sartini Blake L II,377254,13.4025,2019-05-31,2019-06-12,2019-06-04 13:27:37,2019-06-13 17:46:06,763233344.0,0.016157231452970544,-0.0008287871949015369,0.018475257213640406,-0.006597299002059076
GDYN,"Grid Dynamics Holdings, Inc.",2020-08-19,2020-08-10,2020-08-19,3,4,Carney Lloyd; Doradla Anil; Zhang Shuo,205999,7.475,2020-08-10,2020-08-19,2020-08-10 12:26:07,2020-08-19 13:37:14,602964992.0,0.047543778521864866,-0.03301008794000082,0.08175006808190088,0.07896162568078213
GE,General Electric Co,2015-05-01,2015-04-20,2015-04-30,4,4,Dekkers Marijn E; Dsouza  Francisco; Rohr James E; Schapiro Mary L,2267130,27.14,2015-04-20,2015-04-30,2015-04-22 09:33:56,2015-05-01 16:05:09,352455524352.0,-0.006703837896780085,-0.00481921019277487,0.0016828678985381096,-0.037049099833108
GE,General Electric Co,2017-05-18,2017-04-24,2017-05-17,3,4,Beattie William G; Dekkers Marijn E; Immelt Jeffrey R,3965000,28.43,2017-04-24,2017-05-17,2017-04-25 16:00:20,2017-05-18 16:41:12,352455524352.0,0.01279023250432676,-0.02226978652047018,-0.03663875154070717,-0.1175420093603049
GE,General Electric Co,2017-08-23,2017-07-24,2017-08-22,5,5,Brennan John Joseph; Dimitrief Alexander; Flannery John Leonard; Rohr James E; Tisch James S,6118273,25.392000000000003,2017-07-24,2017-08-22,2017-07-25 16:04:54,2017-08-23 16:52:04,352455524352.0,-0.006287263866027515,-0.015330316430083646,-0.03518594980898393,-0.30964626884795265
GE,General Electric Co,2017-11-22,2017-11-15,2017-11-21,4,4,Dsouza  Francisco; Flannery John Leonard; Mollenkopf Steven M; Tisch James S,55895470,18.0875,2017-11-15,2017-11-21,2017-11-16 17:09:53,2017-11-22 16:22:27,352455524352.0,0.018767608959141757,0.0064908567021768615,-0.026646658721900085,-0.22571649636820967
GE,General Electric Co,2018-11-15,2018-11-01,2018-11-14,3,3,Culp H Lawrence Jr; Dimitrief Alexander; Dsouza  Francisco,2783250,9.176666666666668,2018-11-01,2018-11-14,2018-11-05 07:14:16,2018-11-15 09:04:11,352455524352.0,-0.04912199098561831,-0.06442211598072844,0.037565656251586366,0.18699057892644877
GE,General Electric Co,2019-08-26,2019-08-12,2019-08-23,7,8,Cox L Kevin; Culp H Lawrence Jr; Horton Thomas W; Reynolds Paula Rosput; Seidman Leslie; Strazik Scott; Timko Thomas S,6994794,8.5725,2019-08-12,2019-08-23,2019-08-13 06:46:04,2019-08-26 06:38:12,352455524352.0,-0.012110742945478203,0.024491441017610027,0.02242180245098191,0.3443458125256291
GE,General Electric Co,2022-05-09,2022-05-02,2022-05-06,4,4,Culp H Lawrence Jr; Reynolds Paula Rosput; Slattery John S.; Strazik Scott,5484936,75.35249999999999,2022-05-02,2022-05-06,2022-05-02 19:55:53,2022-05-09 17:02:57,352455524352.0,-0.03311086422979326,-0.0186687572997436,-0.08910016150505606,-0.06839490606720378
GEF,Greif Inc,2015-03-30,2015-03-10,2015-03-27,5,10,Fischer David B; Gunsett Daniel J; Hilsheimer Lawrence A.; Norton Patrick J; Ragan Virginia D.,1548623,43.925999999999995,2015-03-10,2015-03-27,2015-03-11 12:26:11,2015-03-30 11:51:46,4107248640.0,0.007457317047288692,0.00898925995050126,0.038336697097912875,-0.04004598506023094
GEF,Greif Inc,2015-09-15,2015-09-10,2015-09-14,3,4,Emkes Mark A; Fischer David B; Watson Peter G,142389,36.7675,2015-09-10,2015-09-14,2015-09-10 15:53:21,2015-09-15 11:00:53,4107248640.0,0.033235541699516036,0.018960674463448957,-0.08068130683754138,-0.0998448359120625
GEF,Greif Inc,2017-07-07,2017-06-13,2017-07-06,4,5,Diener Shannon J; Hilsheimer Lawrence A.; Norton Patrick J; Watson Peter G,1570692,59.05999999999999,2017-06-13,2017-07-06,2017-06-14 07:58:55,2017-07-07 10:38:10,4107248640.0,-0.00916351478864541,-0.01284017571720164,-0.014127165984945789,0.004950445762197608
GEF,Greif Inc,2019-07-12,2019-07-02,2019-07-10,4,4,Bergwall Timothy; Emkes Mark A; Hilsheimer Lawrence A.; Watson Peter G,670269,33.19500000000001,2019-07-02,2019-07-10,2019-07-02 14:23:59,2019-07-12 15:55:59,4107248640.0,0.014849010851810673,0.041108624024650875,-0.015138235604476913,0.12520012529901037
GEF,"Greif, Inc",2020-03-13,2020-03-12,2020-03-12,3,3,Hilsheimer Lawrence A.; McNamara John W; Watson Peter G,366410,27.85,2020-03-12,2020-03-12,2020-03-12 15:16:01,2020-03-13 15:38:48,4107248640.0,0.04721895980966573,0.14626177819581931,0.17411619616770135,0.2936451083992877
GEF,"Greif, Inc",2023-03-20,2023-03-10,2023-03-17,3,6,Hilsheimer Lawrence A.; Sathyanarayanan Bala; Schoner Tina R.,998300,68.60833333333333,2023-03-10,2023-03-17,2023-03-14 16:13:52,2023-03-20 14:44:27,4107248640.0,0.012203268920981225,0.03629050187575533,0.024253721128987715,0.08635581786115964
GEF,"Greif, Inc",2024-04-08,2024-03-05,2024-04-04,4,8,Hilsheimer Lawrence A.; Krabill Anthony John; Martz Gary R; Rosgaard Ole G,4524218,66.22999999999999,2024-03-05,2024-04-04,2024-03-07 15:39:34,2024-04-08 18:52:32,4107248640.0,0.007303356429249286,-0.007126573566711758,-0.0335936423355917,-0.1857397458670229
GEL,Genesis Energy LP,2017-12-05,2017-11-08,2017-12-04,7,8,Alexander Richard R; Davison James E; Deere Robert V; Flynn Edward T; Gasaway Sharilyn S; Sims Grant E; Sims Ryan S,4705337,22.275,2017-11-08,2017-12-04,2017-11-09 11:42:13,2017-12-05 13:23:42,2228850688.0,-0.028678200861619985,0.048383499732788326,0.0020507956700581698,-0.10186430874566732
GEL,Genesis Energy LP,2019-05-13,2019-05-03,2019-05-09,3,3,Flynn Edward T; Jastrow Kenneth M II; Sims Ryan S,1502200,21.423333333333336,2019-05-03,2019-05-09,2019-05-07 14:30:01,2019-05-13 13:28:10,2228850688.0,0.008540508161902993,0.01760552926454484,-0.027401874708298357,-0.05454714782620351
GEL,Genesis Energy LP,2019-08-27,2019-08-12,2019-08-26,3,3,Flynn Edward T; Jesulaitis Kristen O; Sims Ryan S,260270,20.01,2019-08-12,2019-08-26,2019-08-12 13:08:56,2019-08-27 12:01:40,2228850688.0,0.009019088403394271,0.03099537967982746,0.09295618948825779,-0.16055790062745678
GEL,Genesis Energy LP,2021-08-20,2021-08-09,2021-08-20,3,4,Davison James E; Flynn Edward T; Sims Grant E,740544,8.1725,2021-08-09,2021-08-20,2021-08-09 16:00:50,2021-08-20 17:15:09,2228850688.0,0.013124214032515624,0.05320161472461282,0.41691722861859604,0.5939536534562861
GEO,Geo Group Inc,2020-03-16,2020-03-10,2020-03-12,3,3,Evans Brian; Venturella David J; Zoley George C,1318329,12.57,2020-03-10,2020-03-12,2020-03-12 20:08:18,2020-03-16 20:06:15,2131511552.0,0.14454233366956404,-0.04305446224684062,-0.03214541549840044,-0.08577934109580143
GFF,Griffon Corp,2018-12-06,2018-11-16,2018-12-04,4,8,Durborow W. Christopher; Harris Brian G; Kaplan Seth L.; Kramer Ronald J,883450,11.98375,2018-11-16,2018-12-04,2018-11-19 19:43:07,2018-12-06 09:31:58,3825081856.0,0.024717793029656043,-0.05254091322420995,0.1977153243123394,0.5408236445440511
GFF,Griffon Corp,2021-12-23,2021-12-21,2021-12-22,6,6,Alpert Henry A; Brosig Thomas; Coben Jerome L; Grabowsky Louis J.; Johnson Lacy M.; Sullivan Kevin F,495072,26.44666666666667,2021-12-21,2021-12-22,2021-12-21 17:17:49,2021-12-23 13:45:25,3825081856.0,0.009335701246180106,-0.005257200620885305,-0.1709323507977727,-0.18181241090747846
GHC,Graham Holdings Co,2020-07-06,2020-02-27,2020-03-23,3,3,Bollinger Lee C; Markell Jack A.; Rosen Andrew Stephen,865486,346.25,2020-02-27,2020-03-23,2020-03-18 14:38:30,2020-07-06 15:59:51,4561218560.0,-0.01871257686760386,0.0029241056638138474,0.14104568967223097,0.11445097541928062
GHM,Graham Corp,2022-02-23,2022-02-10,2022-02-22,6,6,Barber James J; Fortier Alan; Painter Jonathan W; Schnorr Lisa M.; Smith Alan E; Thoren Daniel J.,355610,8.928333333333333,2022-02-10,2022-02-22,2022-02-10 16:17:49,2022-02-23 17:15:01,930002752.0,0.02331258643938572,0.007349128568086449,-0.13429029130914694,0.061293959918163776
GIC,Global Industrial Co,2021-12-16,2021-12-16,2021-12-16,3,3,Leeds Bruce; Leeds Richard; Leeds Robert,184100315,32.37,2021-12-16,2021-12-16,2021-12-16 19:58:20,2021-12-16 20:05:33,1278000000.0,0.012252578876153164,0.006790769268911756,-0.10169020554992514,-0.13228075208493217
GIII,G III Apparel Group Ltd /de/,2022-12-07,2022-12-05,2022-12-05,3,3,Goldfarb Jeffrey David; Goldfarb Morris; Herrero Amigo Victor,3506534,12.566666666666668,2022-12-05,2022-12-05,2022-12-05 17:21:44,2022-12-07 17:37:17,1285461120.0,0.03217248576260734,0.016784774827362403,0.17099323316967507,0.20499564830786454
GL,Globe Life Inc.,2024-05-22,2024-04-24,2024-05-21,7,9,Blinn Mark A; Brannen James; Darden James Matthew; Johnson Steven Paul; Kalmbach Thomas Peter; Rodriguez David A; Svoboda Frank M,1246948,81.33222222222223,2024-04-24,2024-05-21,2024-04-26 12:14:08,2024-05-22 15:21:22,11720401920.0,-0.023198580582228567,0.0037467933552937094,-0.0744737609659617,0.12460280396275825
GLP,Global Partners LP,2020-03-25,2020-03-18,2020-03-24,4,5,McCool Robert J; Slifka Andrew P.; Slifka Eric; Slifka Richard,128429,11.482,2020-03-18,2020-03-24,2020-03-20 08:24:56,2020-03-25 11:21:13,1662505856.0,0.08814889742203236,-0.010001936090916486,0.14513284163438067,-0.05992598515899461
GLPI,"Gaming & Leisure Properties, Inc.",2018-11-21,2018-11-05,2018-11-19,3,3,Handler David A; Marshall Joseph W III; Urdang E Scott,873910,33.516666666666666,2018-11-05,2018-11-19,2018-11-06 09:08:49,2018-11-21 08:39:25,14044972032.0,0.005405281948302809,-0.002651393831806015,0.061578091216564435,0.07614439071635393
GLPI,"Gaming & Leisure Properties, Inc.",2020-03-18,2020-03-12,2020-03-17,3,5,Carlino Peter M; Shanks Earl C; Urdang E Scott,2578318,27.147999999999996,2020-03-12,2020-03-17,2020-03-12 13:30:54,2020-03-18 08:33:03,14044972032.0,-0.03069105259800431,0.43294947662360683,0.32738620186503353,0.8085312484336591
GLSI,"Greenwich Lifesciences, Inc.",2020-09-29,2020-09-29,2020-09-29,4,4,Daugherty Frank Joseph; Hallock Kenneth; McWilliams David; Patel Snehal,1112487,5.75,2020-09-29,2020-09-29,2020-09-29 21:41:34,2020-09-29 21:42:49,377674752.0,-0.06523088374036767,-0.08571682867133623,-0.19788981916433723,7.056324673958937
GLSI,"Greenwich Lifesciences, Inc.",2022-01-18,2021-12-14,2022-01-13,4,6,Daugherty Frank Joseph; McWilliams David; Patel Snehal; Thompson Jaye,145457,23.615,2021-12-14,2022-01-13,2021-12-16 06:02:02,2022-01-18 06:05:19,377674752.0,-0.03928433350749416,0.10807715322918254,0.0527927773217286,-0.07942233254708286
GLSI,"Greenwich Lifesciences, Inc.",2022-04-26,2022-04-19,2022-04-25,3,4,Daugherty Frank Joseph; Patel Snehal; Thompson Jaye,221600,16.455,2022-04-19,2022-04-25,2022-04-20 06:02:23,2022-04-26 06:05:46,377674752.0,-0.14001137645073303,-0.2220109050118333,-0.4169755254699006,-0.38331624963373645
GLTO,"Galecto, Inc.",2020-11-04,2020-11-02,2020-11-02,4,4,Christgau Stephan; Khuong Chau Quang; Novo Holdings A/s; Orbimed Advisors LLC,27999975,15.0,2020-11-02,2020-11-02,2020-11-04 19:52:11,2020-11-04 20:00:18,1691541248.0,-0.04561027557094577,0.03492239921948426,-0.1901500926243851,-0.3343239655691701
GLUE,"Monte Rosa Therapeutics, Inc.",2021-06-30,2021-06-28,2021-06-28,16,16,"Baskett Forest; Behbahani Ali; Bolzon Bradley J Phd; Chang Carmen; Cormorant Asset Management, LP; Florence Anthony A. Jr.; Landsman Liza; Makhzoumi Mohamad; Makower Joshua; Mathers Edward T; New Enterprise Associates 17, L.P.; Sandell Scott D; Sonsini Peter W.; Versant Venture Capital Vi, L.P.; Walker Paul Edward; Yang Rick",276750010,19.0,2021-06-28,2021-06-28,2021-06-30 16:08:35,2021-06-30 18:09:39,1369319936.0,0.10673024263435726,-0.01403520346569953,0.5729074679470056,0.15396956225274727
GM,General Motors Co,2015-05-19,2015-04-29,2015-05-05,3,3,Gooden Linda R; Mulva James J; Russo Patricia F,1088696,35.413333333333334,2015-04-29,2015-05-05,2015-05-01 13:44:34,2015-05-19 15:12:48,72082194432.0,0.00017578145108243515,0.02355996887443601,-0.02604160410989942,-0.08858757862479338
GM,General Motors Co,2017-08-22,2017-08-01,2017-08-18,3,3,Mendillo Jane L; Russo Patricia F; Schoewe Thomas M,896643,34.78333333333333,2017-08-01,2017-08-18,2017-08-03 17:14:26,2017-08-22 17:58:47,72082194432.0,0.00977954827167471,0.009445029464250965,0.2194493779310842,0.17925686913138383
GME,Gamestop Corp.,2019-09-30,2019-09-23,2019-09-27,4,4,Dunn Lizabeth; Fernandez Raul J; Szczepanski Gerald R; Vrabeck Kathy P,359143,5.195,2019-09-23,2019-09-27,2019-09-24 16:53:23,2019-09-30 16:12:36,10671585280.0,0.05225613765631465,0.03594337602561082,0.08350230590789187,-0.07406079658664311
GME,Gamestop Corp.,2022-03-24,2022-03-21,2022-03-24,3,3,Attal Alain; Cheng Lawrence; Cohen Ryan,10754562,109.17,2022-03-21,2022-03-24,2022-03-22 18:16:12,2022-03-24 19:23:11,10671585280.0,0.05762789478802266,0.16375259587012225,-0.11338386621235041,0.14610979469081808
GME,Gamestop Corp.,2023-06-13,2023-06-09,2023-06-09,3,3,Attal Alain; Cheng Lawrence; Cohen Ryan,10336292,22.436666666666667,2023-06-09,2023-06-09,2023-06-09 17:40:40,2023-06-13 08:36:28,10671585280.0,0.0498214836108668,-0.0010024564217956389,-0.13255578956255099,-0.30202535358190885
GMRE,Global Medical Reit Inc.,2016-07-06,2016-07-01,2016-07-01,3,3,"Busch Jeffrey; Zh Usa, LLC; Zhang Jing Guo",30150358,11.836666666666666,2016-07-01,2016-07-01,2016-07-06 16:08:26,2016-07-06 16:52:48,979776256.0,-0.01029526806741321,-0.016472743173199467,0.017170352834165126,-0.05677056830752836
GMRE,Global Medical Reit Inc.,2017-11-15,2017-11-14,2017-11-14,3,3,Busch Jeffrey; Cole Henry; Cypher Matthew,44845,9.283333333333331,2017-11-14,2017-11-14,2017-11-15 07:13:53,2017-11-15 17:57:30,979776256.0,0.00297781515330775,0.019990929772949695,-0.14029022114725753,-0.24674452410794268
GMRE,Global Medical Reit Inc.,2018-12-18,2018-12-14,2018-12-14,3,3,"Huang Yanping; Zh Usa, LLC; Zhang Jing Guo",29999997,9.0,2018-12-14,2018-12-14,2018-12-18 16:15:39,2018-12-18 18:20:20,979776256.0,0.012707764027961033,-0.0028836827220478645,0.03774449905487942,-0.0029280740374950653
GNTX,Gentex Corp,2018-12-31,2018-12-28,2018-12-28,4,4,Boehm Neil; Chiodo Matthew; Downing Steven R; Ryan Scott P,7822,16.86,2018-12-28,2018-12-28,2018-12-31 14:25:01,2018-12-31 14:30:41,5035686912.0,0.014889515705096334,0.02880628947759356,-0.10250634995079988,-0.09308461901432374
GNTX,Gentex Corp,2019-04-01,2019-03-29,2019-03-29,5,5,Boehm Neil; Chiodo Matthew; Downing Steven R; Nash Kevin C; Ryan Scott P,47816,17.58,2019-03-29,2019-03-29,2019-04-01 08:26:58,2019-04-01 10:12:12,5035686912.0,-0.006552746812754862,0.011510603475400893,0.07264616926933876,0.15151979902679535
GNTX,Gentex Corp,2019-07-01,2019-06-28,2019-06-28,4,4,Boehm Neil; Chiodo Matthew; Downing Steven R; Ryan Scott P,7823,20.92,2019-06-28,2019-06-28,2019-07-01 14:24:36,2019-07-01 14:24:49,5035686912.0,-0.019833591147505936,-0.05029828679726356,0.11661019895666846,0.11217319080955135
GNTX,Gentex Corp,2019-09-30,2019-09-27,2019-09-27,4,4,Boehm Neil; Chiodo Matthew; Downing Steven R; Ryan Scott P,7808,23.52,2019-09-27,2019-09-27,2019-09-30 17:52:11,2019-09-30 19:36:11,5035686912.0,-0.005697941389300465,-0.04744105377606456,0.01829734522125026,-0.04190435738862708
GNTX,Gentex Corp,2019-12-30,2019-12-27,2019-12-27,4,4,Boehm Neil; Chiodo Matthew; Downing Steven R; Ryan Scott P,7814,24.65,2019-12-27,2019-12-27,2019-12-30 09:57:59,2019-12-30 09:58:55,5035686912.0,0.0024080528427817827,0.019152306267676833,0.00999944678167708,-0.02764654709263481
GNTX,Gentex Corp,2020-03-31,2020-03-27,2020-03-27,5,5,Boehm Neil; Chiodo Matthew; Downing Steven R; Nash Kevin C; Ryan Scott P,58148,18.53,2020-03-27,2020-03-27,2020-03-31 12:20:33,2020-03-31 12:23:10,5035686912.0,-0.03701504956888868,0.00673459870476667,-0.020751845645921252,-0.05560311009967456
GNTX,Gentex Corp,2020-06-30,2020-06-26,2020-06-26,4,4,Boehm Neil; Chiodo Matthew; Downing Steven R; Ryan Scott P,8161,21.42,2020-06-26,2020-06-26,2020-06-30 19:52:39,2020-06-30 19:54:34,5035686912.0,-0.0296015291493974,-0.05401078737112275,-0.025624388175967683,-0.07217313734871611
GO,Grocery Outlet Holding Corp.,2019-06-28,2019-06-24,2019-06-24,5,5,Bracher Charles; Lindberg Eric J. Jr.; Sheedy Robert Joseph Jr.; Wilson Steven K.; York Jeffrey,1287660,22.0,2019-06-24,2019-06-24,2019-06-24 18:49:44,2019-06-28 06:07:34,870477248.0,-0.002347668862993091,-0.03231297110751141,0.15942828144217247,0.13562575950827105
GOGO,Gogo Inc.,2016-08-31,2016-08-08,2016-08-29,5,6,Eldifrawi Ash A; Mundheim Robert H; Small Michael; Thorne Oakleigh; Townsend Charles C,4276044,11.045,2016-08-08,2016-08-29,2016-08-09 13:51:04,2016-08-31 14:35:01,647855040.0,0.03919169103712172,0.01833869525762677,-0.09370875729983896,-0.2321978811717077
GOGO,Gogo Inc.,2016-11-15,2016-11-07,2016-11-11,3,3,Mundheim Robert H; Small Michael; Townsend Charles C,3496535,9.35,2016-11-07,2016-11-11,2016-11-09 11:10:21,2016-11-15 11:50:31,647855040.0,-0.007015037925882428,0.0025725476657945112,-0.01209924827414266,-0.09098265823266727
GOGO,Gogo Inc.,2018-06-05,2018-05-09,2018-06-01,3,4,"Mundheim Robert H; Thorndale Farm, Inc.; Townsend Charles C",2534885,5.285,2018-05-09,2018-06-01,2018-05-10 11:24:53,2018-06-05 08:35:18,647855040.0,-0.0306628495127913,-0.028348907468622064,-0.2603326874688211,-0.1650741371029798
GOLF,Acushnet Holdings Corp.,2016-11-03,2016-11-02,2016-11-02,15,15,Bohn Mary Louise; Burke William C.; Doherty Dennis D.; Duke John Francis Jr; Estabrook Jennifer O; Hewett Gregory A.; Lindner Christopher Aaron; Maher David Eugene; Metz Christopher T; Nauman Joseph John; Pelisek Steven Francis; Sullivan Sean S; Tishman Steven; Uihlein Walter R.; Wesley Norman H,3580200,17.0,2016-11-02,2016-11-02,2016-11-03 16:49:04,2016-11-03 17:00:19,5832695808.0,0.025719728023901323,0.015595738237203838,0.01637586039965777,-0.03150756756898221
GOOD,Gladstone Commercial Corp,2018-03-14,2018-02-13,2018-03-13,4,6,Adelgren Paul W; Cutlip Robert G; Gladstone David; Sodo Michael,362811,17.631666666666664,2018-02-13,2018-03-13,2018-02-14 14:35:22,2018-03-14 10:48:11,600159936.0,0.003976982525415118,0.009353881816372311,0.023961967281100005,0.056242939652247914
GOOD,Gladstone Commercial Corp,2018-05-15,2018-05-04,2018-05-11,3,4,Beckhorn Jay; Cutlip Robert G; Sodo Michael,64711,18.2925,2018-05-04,2018-05-11,2018-05-07 14:17:23,2018-05-15 09:27:32,600159936.0,-0.003956117761835798,0.029500346515556553,0.08208474104681052,0.07524628157340474
GOOD,Gladstone Commercial Corp,2020-03-30,2020-03-12,2020-03-27,4,9,Cutlip Robert G; English Michela A; Licalsi Michael; Sodo Michael,118433,11.981111111111112,2020-03-12,2020-03-27,2020-03-13 14:42:20,2020-03-30 09:27:01,600159936.0,-0.0468155472757017,-0.15527721235377134,-0.09213111530328577,0.03723711700557608
GOOD,Gladstone Commercial Corp,2023-03-07,2023-03-06,2023-03-06,3,3,Beckhorn Jay; Cooper Arthur S.; Wislar Elliott Jr,79331,13.576666666666668,2023-03-06,2023-03-06,2023-03-06 16:05:49,2023-03-07 15:31:38,600159936.0,0.012982425259793873,-0.04758578972787708,-0.09338937515599754,-0.1701014764859614
GPN,Global Payments Inc,2021-08-11,2021-08-05,2021-08-10,3,3,Johnson Joia M; McDaniel Connie D; Sloan Jeffrey Steven,800475,171.25,2021-08-05,2021-08-10,2021-08-09 06:33:49,2021-08-11 06:41:27,21756911616.0,-0.01674114019817763,-0.012181698944086494,-0.03690523368133891,-0.25793857518300567
GPOR,Gulfport Energy Corp,2018-03-15,2018-02-27,2018-03-13,3,3,Johnson Charles Douglas; Streller Scott E; Westerman Paul D,127084,10.363333333333332,2018-02-27,2018-03-13,2018-02-28 18:50:52,2018-03-15 17:49:48,4072372224.0,,,,
GPRE,Green Plains Inc.,2017-12-01,2017-11-06,2017-11-30,3,3,Hoovestol Wayne; Knudsen Ejnar A III; Neppl John W,2440090,16.563333333333336,2017-11-06,2017-11-30,2017-11-07 10:09:11,2017-12-01 14:03:53,1024535936.0,-0.011554026549360108,-0.010788918397090064,-0.027844358300736616,0.10155074535968778
GRBK,"Green Brick Partners, Inc.",2015-11-24,2015-11-17,2015-11-23,3,3,Brickman James R.; Dolson Jed; Olsen Kathleen,282508,7.27,2015-11-17,2015-11-23,2015-11-18 16:27:48,2015-11-24 16:11:50,3128409600.0,0.028493779748250514,0.016078415295144866,-0.11506601669372407,-0.1750202438835975
GRBK,"Green Brick Partners, Inc.",2018-06-28,2018-06-27,2018-06-27,5,5,Brickman James R.; Costello Richard Arthur; Dolson Jed; Loveland Summer; Press Richard S,577213,9.46,2018-06-27,2018-06-27,2018-06-28 16:48:24,2018-06-28 17:05:30,3128409600.0,0.04096309519503083,0.025592539743890308,0.06637540236615336,-0.021172565659582476
GRC,Gorman Rupp Co,2022-09-01,2022-08-24,2022-08-31,4,4,Gorman Jeffrey S; Harlan M Ann; King Scott A; Reynolds Kenneth R,284863,26.91,2022-08-24,2022-08-31,2022-08-26 12:24:52,2022-09-01 12:40:37,1680338176.0,0.0006240331403771782,-0.005043652065800819,-0.0026015498456511965,0.026954587377148176
GRDN,"Guardian Pharmacy Services, Inc.",2024-10-01,2024-09-27,2024-09-27,4,4,Cosler Steven D; Lewis Randall J; Patchett Mary Sue; Salentine Thomas J Jr,699972,14.0,2024-09-27,2024-09-27,2024-10-01 17:43:32,2024-10-01 17:48:50,2155452416.0,0.04246875820736873,0.10817120087845833,0.2799076494304862,0.2930465644871334
GRNT,"Granite Ridge Resources, Inc.",2023-06-12,2023-05-23,2023-06-09,7,13,Brandenberg Luke C; Darden Thaddeus; Everard Michele J; Farquharson Tyler; McCartney John; Miller Matthew Reade; Perry Griffin,217337,5.8876923076923084,2023-05-23,2023-06-09,2023-05-24 10:46:31,2023-06-12 15:00:29,675944128.0,0.04729338534406691,0.09703264239100573,0.09735436319053248,0.22115609723488228
GRNT,"Granite Ridge Resources, Inc.",2023-09-19,2023-09-15,2023-09-18,6,6,Brandenberg Luke C; Darden Thaddeus; Farquharson Tyler; Lazarine Kirk; Miller Matthew Reade; Perry Griffin,383549,5.503333333333333,2023-09-15,2023-09-18,2023-09-15 17:13:46,2023-09-19 11:27:23,675944128.0,0.03715466013048174,0.07800692361866257,0.1212253604076109,0.012222268804198189
GRNT,"Granite Ridge Resources, Inc.",2024-02-22,2023-11-14,2023-12-12,6,12,Brandenberg Luke C; Darden Thaddeus; Farquharson Tyler; McCartney John; Miller Matthew Reade; Perry Griffin,205118,6.055833333333332,2023-11-14,2023-12-12,2023-11-15 16:23:26,2024-02-22 15:01:07,675944128.0,-0.03265330542463196,-0.015315211299101295,0.050645438009359056,-0.010866947857151033
GRNT,"Granite Ridge Resources, Inc.",2024-06-07,2024-05-14,2024-06-06,7,9,Brandenberg Luke C; Darden Thaddeus; Everard Michele J; Farquharson Tyler; McCartney John; Miller Matthew Reade; Perry Griffin,168055,6.473333333333333,2024-05-14,2024-06-06,2024-05-14 18:18:19,2024-06-07 15:37:12,675944128.0,0.0012989818145847654,-0.08808767190114053,0.04013639507060307,-0.06494038346719788
GRNT,"Granite Ridge Resources, Inc.",2024-09-13,2024-08-13,2024-09-12,5,10,Brandenberg Luke C; Farquharson Tyler; McCartney John; Miller Matthew Reade; Perry Griffin,249007,6.307,2024-08-13,2024-09-12,2024-08-13 14:47:07,2024-09-13 11:11:00,675944128.0,0.007974432233547768,-0.00318792159483694,-0.06659189292634449,-0.0677796374317603
GRNT,"Granite Ridge Resources, Inc.",2024-12-12,2024-11-13,2024-12-11,6,13,Brandenberg Luke C; Darden Thaddeus; Everard Michele J; Farquharson Tyler; McCartney John; Miller Matthew Reade,737973,6.400769230769229,2024-11-13,2024-12-11,2024-11-13 14:50:03,2024-12-12 11:41:33,675944128.0,0.0004561349641833967,-0.04803476074978663,,
GSHD,"Goosehead Insurance, Inc.",2024-03-04,2024-02-26,2024-02-28,4,4,Cruzado Waded; Jones Mark E. Jr.; Miller Mark; O'Connor John Terry,561224,74.32,2024-02-26,2024-02-28,2024-02-27 18:16:38,2024-03-04 21:49:44,1962784512.0,0.034302127988640185,0.013214899992669227,-0.2307027160035906,-0.1668992101860205
GT,Goodyear Tire & Rubber Co /oh/,2024-08-13,2024-08-06,2024-08-13,5,5,Delaney Christopher R; Koellner Laurette T; McGlade John E; Mitchell Max H; Stewart Mark Wynn,1035000,7.934,2024-08-06,2024-08-13,2024-08-09 16:05:50,2024-08-13 16:23:17,2264214016.0,0.051041701513151905,0.06413817611473926,-0.04138218860456999,0.11063376374594691
GTES,Gates Industrial Corp Plc,2019-05-14,2019-05-10,2019-05-13,3,3,Gawronski Grant; Lifsey Walter; Seely Jamey S,1073197,13.166666666666666,2019-05-10,2019-05-13,2019-05-13 19:00:11,2019-05-14 18:49:11,6810853888.0,-0.029413831511223232,-0.10002567292493314,-0.2059128486146553,-0.45462587221847295
GTES,Gates Industrial Corp Plc,2019-09-04,2019-08-09,2019-08-30,3,13,Blackstone Group Inc; Gawronski Grant; Omaha Aggregator (Cayman) L.P.,21086836,8.225384615384618,2019-08-09,2019-08-30,2019-08-12 17:07:11,2019-09-04 18:12:48,6810853888.0,0.08923121138668977,0.18274719214894453,0.13284800583234113,0.29279980088795665
GTES,Gates Industrial Corp Plc,2024-03-01,2024-02-16,2024-02-28,4,5,Eliasson Fredrik J; Jurek Ivo; Neely Wilson S; Simpkins Neil P,13808797,12.878,2024-02-16,2024-02-28,2024-02-16 19:18:02,2024-03-01 16:39:13,6810853888.0,0.001884411048131307,0.09541724663166584,0.17933140112467005,0.14284971705146354
GTLB,Gitlab Inc.,2021-10-29,2021-10-18,2021-10-18,3,3,"Iconiq Strategic Partners Iii, L.P.; Jacobson Matthew; Technology Crossover Management X, Ltd.",125140400,77.0,2021-10-18,2021-10-18,2021-10-18 21:31:59,2021-10-29 19:35:29,4496280064.0,0.06971662309258164,0.12373438607214693,-0.3431395587131508,-0.41328427300495596
GTLS,Chart Industries Inc,2023-03-21,2023-03-01,2023-03-21,5,7,Evanko Jillian C.; Harty Linda S; Sagehorn David M.; Strauch Roger A; Vinci Gerald F,886661,121.57142857142856,2023-03-01,2023-03-21,2023-03-02 16:41:22,2023-03-21 16:17:42,9292674048.0,0.05839414254157127,0.06380314052105085,0.03692559643427473,0.2212876667323025
GTLS,Chart Industries Inc,2024-09-16,2024-09-05,2024-09-16,4,5,Evanko Jillian C.; Harty Linda S; Hotchkiss Herbert; Mahoney Paul E,482258,100.026,2024-09-05,2024-09-16,2024-09-05 10:11:13,2024-09-16 17:09:22,9292674048.0,0.03977322421825957,0.0703197821538053,0.04135651169725163,0.5946826404592662
GTN,Gray Television Inc,2016-11-18,2016-11-10,2016-11-16,3,6,Howell Hilton H Jr; Howell Robin Robinson; Robinson Harriett J,204797,8.381666666666668,2016-11-10,2016-11-16,2016-11-15 17:33:25,2016-11-18 17:15:20,585476352.0,-0.005296938805249951,0.008902741881910758,0.13201713895031975,0.22551746758299163
GTN,Gray Television Inc,2019-08-14,2019-08-09,2019-08-13,3,5,Howell Hilton H Jr; Howell Robin Robinson; Robinson Harriett J,204935,15.074000000000002,2019-08-09,2019-08-13,2019-08-12 14:54:51,2019-08-14 13:13:54,585476352.0,0.008224724218916069,0.07076433549870609,0.045828351895647046,0.21199693322010327
GTN,Gray Television Inc,2022-11-17,2022-11-07,2022-11-15,3,4,Boger Richard Lee; Laplatney D Patrick; McTear Paul,224670,10.2125,2022-11-07,2022-11-15,2022-11-07 20:06:12,2022-11-17 11:22:49,585476352.0,-0.009574349337821975,-0.036316425922606976,0.03764443424077624,0.07495747009263476
GTN,Gray Television Inc,2023-10-16,2023-06-21,2023-07-03,3,9,Boger Richard Lee; Howell Hilton H Jr; Howell Robin Robinson,183710,8.95888888888889,2023-06-21,2023-07-03,2023-06-22 16:35:14,2023-10-16 16:25:12,585476352.0,0.10136691906464823,0.06341396320836434,0.19241133000453003,0.42249141549600355
GTX,Garrett Motion Inc.,2021-05-20,2021-05-05,2021-05-19,4,10,Maironi Jerome; Ninivaggi Daniel A; Rabiller Olivier; Spenninck Fabrice,1093218,6.08,2021-05-05,2021-05-19,2021-05-07 16:50:29,2021-05-20 18:25:18,3712671232.0,0.06103739773151906,0.3472240203268304,0.16993929000566577,0.13919722027309667
GVA,Granite Construction Inc,2019-09-06,2019-08-07,2019-09-06,4,7,Jigisha Desai; Kelsey David H; Larkin Kyle T; Roberts James Hildebrand,485849,28.09,2019-08-07,2019-09-06,2019-08-07 17:39:57,2019-09-06 14:52:25,5758718976.0,0.012219070141411992,0.1502658605504983,0.22134920237810274,-0.17290010595629024
HAFC,Hanmi Financial Corp,2020-03-24,2020-03-20,2020-03-24,5,5,Ahn John J; Chung Harry; Rosenblum David L; Santarosa Romolo; Yang Michael,110003,9.066,2020-03-20,2020-03-24,2020-03-24 17:44:25,2020-03-24 17:51:25,789322368.0,0.01499322772107159,0.11589312228612081,-0.19991975160368525,-0.25455303157061016
HASI,"Hannon Armstrong Sustainable Infrastructure Capital, Inc.",2016-03-08,2016-03-01,2016-03-08,3,3,Cirilli Mark; Eckel Jeffrey; Wooten M Rhem,281657,17.98333333333333,2016-03-01,2016-03-08,2016-03-03 19:18:29,2016-03-08 21:23:06,4654382080.0,-0.0065430637128754965,0.001418188311154145,0.03132018140278259,0.06949315192809968
HASI,"Hannon Armstrong Sustainable Infrastructure Capital, Inc.",2018-06-11,2018-05-09,2018-06-08,3,7,Cirilli Mark; Eckel Jeffrey; Osgood Steven G,411264,18.335714285714285,2018-05-09,2018-06-08,2018-05-09 17:30:24,2018-06-11 07:01:01,4654382080.0,0.009062191149719512,0.03923642877728739,0.10268587732616741,0.17324363111195962
HASI,"Hannon Armstrong Sustainable Infrastructure Capital, Inc.",2018-11-19,2018-11-09,2018-11-16,3,3,Blalock Rebecca; Eckel Jeffrey; Osborne Richard J,159432,23.06,2018-11-09,2018-11-16,2018-11-13 16:21:52,2018-11-19 16:18:26,4654382080.0,0.02144425062576305,0.01605588534026292,-0.015793869379089,-0.002506388562527606
HASI,"Hannon Armstrong Sustainable Infrastructure Capital, Inc.",2020-03-27,2020-03-16,2020-03-26,6,7,Brenner Teresa; Chuslo Steven; Eckel Jeffrey; Eckhart Michael T.; Lipson Jeffrey; O'Neil Charles,332040,19.712857142857143,2020-03-16,2020-03-26,2020-03-16 17:08:04,2020-03-27 21:35:48,4654382080.0,-0.011809128482373143,-0.11544057644781991,0.29274846997605053,0.1955491869317285
HASI,"Hannon Armstrong Sustainable Infrastructure Capital, Inc.",2022-11-10,2022-11-09,2022-11-10,7,7,Ardisana Lizabeth A; Eckel Jeffrey; Lipson Jeffrey; Osborne Richard J; Osgood Steven G; Pangburn Marc T.; Rose Nathaniel,769451,29.68285714285714,2022-11-09,2022-11-10,2022-11-09 16:14:41,2022-11-10 20:36:11,4654382080.0,0.07645884212099707,0.015333112113684377,0.016046177137505335,0.14284869790336008
HASI,"Hannon Armstrong Sustainable Infrastructure Capital, Inc.",2023-03-16,2023-03-16,2023-03-16,5,5,Eckel Jeffrey; Lipson Jeffrey; Nickey Susan D; Pangburn Marc T.; Rose Nathaniel,484181,24.082,2023-03-16,2023-03-16,2023-03-16 16:07:45,2023-03-16 18:51:12,4654382080.0,-0.08399553592239906,-0.03507467852953583,0.03831926836484323,-0.1255791255671983
HASI,"Hannon Armstrong Sustainable Infrastructure Capital, Inc.",2023-08-21,2023-08-18,2023-08-21,10,10,Brenner Teresa; Chuslo Steven; Eckel Jeffrey; Lipson Jeffrey; McMahon Daniel K.; Melko Charles; Osborne Richard J; Pangburn Marc T.; Rose Nathaniel; Santoroski Richard,802306,20.726,2023-08-18,2023-08-21,2023-08-21 16:14:47,2023-08-21 16:37:51,4654382080.0,-0.02470243460950705,-0.045725054673194765,-0.16858505929570888,0.06016973861688624
HAYW,"Hayward Holdings, Inc.",2021-03-16,2021-03-16,2021-03-16,7,7,Colicchio Michael; Holleran Kevin; Jones Eifion; Roetken Rick; Silber Lawrence Harris; Soucy Arthur L; Walker Lori A,595850,17.0,2021-03-16,2021-03-16,2021-03-16 18:16:24,2021-03-16 18:30:08,3384095488.0,-0.021476407879796433,0.010112584399723956,0.06838156708329901,0.31452750647453254
HBAN,Huntington Bancshares Inc/md,2015-04-29,2015-04-24,2015-04-28,3,3,Heller Paul G; Remiker Richard; Steinour Stephen D,123600,10.796666666666669,2015-04-24,2015-04-28,2015-04-24 16:52:02,2015-04-29 09:42:27,33999022080.0,0.020581027042926858,0.024421070197384043,0.063049816765403,0.10708832225050235
HBAN,Huntington Bancshares Inc/md,2016-03-02,2016-02-01,2016-03-02,7,8,Dunlap James E; Endres Michael J; Levy Jonathan A; McCullough Howell D. III; Munson Eddie R; Neu Richard W; Steinour Stephen D,1842196,8.70875,2016-02-01,2016-03-02,2016-02-01 13:16:14,2016-03-02 16:26:19,33999022080.0,0.03732204330819089,0.011019077293141777,0.04079130153845267,0.08561475116345463
HBAN,Huntington Bancshares Inc /md/,2022-04-28,2022-04-25,2022-04-26,3,3,King Richard H; Porteous David L; Steinour Stephen D,272828,13.766666666666666,2022-04-25,2022-04-26,2022-04-27 16:16:58,2022-04-28 16:18:57,33999022080.0,-0.01329608034779095,0.016440076718645003,-0.011945054703409563,0.025188247768952454
HBCP,"Home Bancorp, Inc.",2020-05-14,2020-05-11,2020-05-14,3,3,Guidry Daniel G; Maraist Michael P.; Rader Chris P,84448,20.933333333333337,2020-05-11,2020-05-14,2020-05-12 18:29:14,2020-05-14 16:53:27,474109440.0,-0.0003666230203360765,0.08142584812303588,0.1315137045369097,-0.03737260707198686
HBIA,Hills Bancorporation,2017-01-20,2017-01-18,2017-01-18,3,3,Donovan Michael S; Pacha Theodore H; Phelan John W,51456,48.0,2017-01-18,2017-01-18,2017-01-20 10:22:55,2017-01-20 10:38:15,745588096.0,-0.0010621442550120541,-0.01063419950372646,0.008058072051296605,0.020552349392188418
HBIA,Hills Bancorporation,2018-01-16,2018-01-03,2018-01-12,3,3,Donovan Michael S; Ropp Steven R; Wiele Thomas R,4280,51.9,2018-01-03,2018-01-12,2018-01-04 09:19:40,2018-01-16 08:54:21,745588096.0,0.03501503940907824,0.021773411709965274,0.045391514331893035,0.07127321367636053
HBNC,Horizon Bancorp Inc /in/,2022-11-04,2022-11-01,2022-11-02,3,3,Dwight Craig M; Etzler Todd A.; Prame Thomas M,147386,15.006666666666668,2022-11-01,2022-11-02,2022-11-03 12:04:48,2022-11-04 12:10:54,867111168.0,0.01068076473670132,-0.03868881344375108,-0.0585159799027557,-0.05161622236371599
HBT,"Hbt Financial, Inc.",2019-11-13,2019-10-16,2019-11-08,12,13,Bowman C. Alvin; Burwell Eric E; Busch Patrick F; Carter James Lance; Doherty Matthew J; Horvath Lawrence J; Kallembach Larry J; Lanier Diane H; Pfeiffer Gerald E; Scheirer Mark W; Strassheim Dale S; Zurkamer Andrea E,1748699,16.071538461538463,2019-10-16,2019-11-08,2019-10-18 16:33:07,2019-11-13 17:30:57,859663104.0,-0.0011876410647946312,0.016770164198391946,0.060132874185393925,0.016694850443788045
HBT,"Hbt Financial, Inc.",2020-03-17,2020-03-11,2020-03-16,3,4,Busch Patrick F; Carter James Lance; Drake Fred L,466311,12.4025,2020-03-11,2020-03-16,2020-03-12 16:05:59,2020-03-17 16:26:04,859663104.0,0.01338532743631915,-0.06525413020932946,-0.19288309330787312,-0.09302001479226019
HBT,"Hbt Financial, Inc.",2020-06-12,2020-05-15,2020-06-12,3,3,Busch Patrick F; Drake Fred L; Pfeiffer Gerald E,243990,12.126666666666663,2020-05-15,2020-06-12,2020-05-18 16:20:36,2020-06-12 16:08:30,859663104.0,0.012011616546313997,-0.03351016929208661,-0.1422552361760404,-0.17650631989343135
HBT,"Hbt Financial, Inc.",2020-09-15,2020-08-18,2020-09-14,4,11,Busch Patrick F; Drake Fred L; Koch Linda J.; Pfeiffer Gerald E,906443,12.195454545454544,2020-08-18,2020-09-14,2020-08-19 16:10:44,2020-09-15 16:05:33,859663104.0,-0.001887196089102594,-0.007803423658456654,0.0436615466072412,0.16399258273846762
HCA,"Hca Healthcare, Inc.",2022-05-04,2022-04-28,2022-05-02,3,3,Frist Thomas F Jr; McAlevey Michael R; Smith Andrea B,19373418,214.70666666666668,2022-04-28,2022-05-02,2022-05-02 18:01:15,2022-05-04 17:52:43,121158508544.0,0.042649424101597666,0.025451728374745297,-0.08492311595538338,-0.01265190904920177
HCI,"Hci Group, Inc.",2017-09-21,2017-09-20,2017-09-21,3,3,Graham Andrew L.; Harmsworth James Mark; Patel Paresh,56898,36.48,2017-09-20,2017-09-21,2017-09-21 16:29:04,2017-09-21 16:33:26,2280318464.0,0.05170516934351932,0.053597219816601704,-0.009371972108191962,-0.25180478476926926
HCI,"Hci Group, Inc.",2017-12-21,2017-11-27,2017-12-19,3,4,Macchiarola James J; Patel Paresh; Politis Gregory,389621,29.865,2017-11-27,2017-12-19,2017-11-29 15:55:41,2017-12-21 16:03:12,2280318464.0,-0.012363300313037784,0.019723400145295722,0.20720028212300123,0.3219712682264868
HCI,"Hci Group, Inc.",2018-12-20,2018-11-26,2018-12-18,6,6,Apostolou George; Burks Robert Wayne; Graham Andrew L.; Macchiarola James J; Patel Harish M; Patel Paresh,233939,52.9,2018-11-26,2018-12-18,2018-11-28 15:43:45,2018-12-20 16:21:30,2280318464.0,0.006004558866143372,0.01954811595566086,-0.1254884810426412,-0.30572697668755844
HCI,"Hci Group, Inc.",2020-03-31,2020-03-10,2020-03-27,5,5,Apostolou George; Burks Robert Wayne; Graham Andrew L.; Saravanos Anthony; Watts Susan,78995,39.688,2020-03-10,2020-03-27,2020-03-12 16:34:42,2020-03-31 16:01:31,2280318464.0,0.06256078718751923,-0.0038472385039636237,-0.034857371263491865,-0.030843751154166377
HCI,"Hci Group, Inc.",2022-04-07,2022-03-21,2022-04-05,3,3,Graham Andrew L.; Patel Paresh; Politis Gregory,254580,69.24333333333334,2022-03-21,2022-04-05,2022-03-22 16:00:26,2022-04-07 14:49:26,2280318464.0,-0.0030932653690816103,0.02088618615160165,0.09166248052629544,0.16194006924198356
HCI,"Hci Group, Inc.",2022-08-24,2022-08-11,2022-08-23,5,5,Patel Paresh; Politis Gregory; Politis Peter; Valiente Lauren L; Watts Susan,218646,57.224,2022-08-11,2022-08-23,2022-08-12 16:30:04,2022-08-24 16:01:41,2280318464.0,-0.01342505870730859,-0.017241875770207304,-0.2061351799286506,-0.19529098403421352
HD,Home Depot Inc,2018-11-21,2018-11-14,2018-11-21,3,4,Hewett Wayne M.; Kadre Manuel; Vadon Mark C,2570800,172.675,2018-11-14,2018-11-21,2018-11-16 17:41:14,2018-11-21 11:46:15,365273088000.0,0.0021114290864471252,0.007984960922902129,0.08073814126581413,0.08499204223700207
HDSN,Hudson Technologies Inc /ny,2018-03-16,2018-03-15,2018-03-15,4,4,Abbatecola Vincent P; Coleman Brian F; Mandracchia Stephen P; Zugibe Kevin J,55090,5.5075,2018-03-15,2018-03-15,2018-03-16 16:14:45,2018-03-16 17:03:49,311291136.0,-0.07695566460709113,-0.10453071429284799,-0.16643685723690582,-0.6004335083769663
HEI,Heico Corp,2015-09-23,2015-09-21,2015-09-21,11,11,Culligan Thomas M; Henriques Adolfo; Higginbottom Samuel L; Hildebrandt Mark H; Mayrhuber Wolfgang; Mendelson Eric A; Mendelson Laurans A; Mendelson Victor H; Neitzel Julie; Schriesheim Alan; Schwitter Frank J,763216,46.11181818181819,2015-09-21,2015-09-21,2015-09-23 16:20:08,2015-09-23 18:23:23,45546483712.0,-0.026204619291339215,-0.003948483019263871,-0.050801427207393335,-0.0558652118150611
HEI,Heico Corp,2016-09-09,2016-09-07,2016-09-07,11,11,Culligan Thomas M; Henriques Adolfo; Higginbottom Samuel L; Hildebrandt Mark H; Mayrhuber Wolfgang; Mendelson Eric A; Mendelson Laurans A; Mendelson Victor H; Neitzel Julie; Schriesheim Alan; Schwitter Frank J,1296300,57.11000000000001,2016-09-07,2016-09-07,2016-09-09 16:14:19,2016-09-09 16:17:21,45546483712.0,0.005424491489335659,0.012048974677990265,-0.017214500440736358,0.14427515771804278
HEI,Heico Corp,2017-10-06,2017-09-29,2017-10-05,10,11,Culligan Thomas M; Henriques Adolfo; Hildebrandt Mark H; Mayrhuber Wolfgang; Mendelson Eric A; Mendelson Laurans A; Mendelson Victor H; Neitzel Julie; Schriesheim Alan; Schwitter Frank J,1241423,76.08454545454546,2017-09-29,2017-10-05,2017-10-03 12:24:27,2017-10-06 14:24:09,45546483712.0,0.004578714922921168,-0.026208768146190997,-0.01301313288456507,-0.01807144279721218
HEI,Heico Corp,2018-10-11,2018-10-09,2018-10-09,9,9,Culligan Thomas M; Henriques Adolfo; Hildebrandt Mark H; Mayrhuber Wolfgang; Mendelson Eric A; Mendelson Laurans A; Mendelson Victor H; Neitzel Julie; Schwitter Frank J,1041588,88.21,2018-10-09,2018-10-09,2018-10-10 16:48:30,2018-10-11 14:53:14,45546483712.0,0.009523075219585841,0.043037831664906046,0.0412486317675248,-0.0015452545373282334
HEI,Heico Corp,2019-10-30,2019-10-28,2019-10-29,9,9,Culligan Thomas M; Henriques Adolfo; Hildebrandt Mark H; Mendelson Eric A; Mendelson Laurans A; Mendelson Victor H; Neitzel Julie; Schriesheim Alan; Schwitter Frank J,1032059,117.82444444444444,2019-10-28,2019-10-29,2019-10-30 18:10:42,2019-10-30 18:13:21,45546483712.0,0.016673969291898905,-0.006149951590741276,-0.028096964954037462,-0.06714847347509667
HEI,Heico Corp,2020-10-14,2020-10-12,2020-10-12,8,8,Culligan Thomas M; Henriques Adolfo; Hildebrandt Mark H; Mendelson Eric A; Mendelson Victor H; Neitzel Julie; Schriesheim Alan; Schwitter Frank J,871928,111.44,2020-10-12,2020-10-12,2020-10-14 16:50:59,2020-10-14 16:53:05,45546483712.0,0.05485632216886516,0.031097639659210974,0.13832913505369748,0.17270102342866034
HEI,Heico Corp,2021-09-10,2021-09-08,2021-09-08,8,8,Culligan Thomas M; Henriques Adolfo; Hildebrandt Mark H; Mendelson Eric A; Mendelson Victor H; Neitzel Julie; Schriesheim Alan; Schwitter Frank J,831060,115.32,2021-09-08,2021-09-08,2021-09-10 13:14:39,2021-09-10 13:17:36,45546483712.0,0.011500159758863204,0.030838109203794373,0.11087738939064251,0.11187622016803522
HEI,Heico Corp,2023-01-11,2023-01-10,2023-01-10,10,10,Culligan Thomas M; Fine Carol F.; Henriques Adolfo; Hildebrandt Mark H; Mendelson Eric A; Mendelson Laurans A; Mendelson Victor H; Neitzel Julie; Schriesheim Alan; Schwitter Frank J,1828765,153.56799999999998,2023-01-10,2023-01-10,2023-01-11 16:27:59,2023-01-11 16:31:33,45546483712.0,0.023174844261045324,0.02446770587579994,0.09592971532157146,0.014225728382401659
HEI,Heico Corp,2023-06-08,2023-06-02,2023-06-07,10,11,Culligan Thomas M; Fine Carol F.; Henriques Adolfo; Hildebrandt Mark H; Mendelson Eric A; Mendelson Laurans A; Mendelson Victor H; Neitzel Julie; Schriesheim Alan; Schwitter Frank J,414762,149.56727272727272,2023-06-02,2023-06-07,2023-06-06 14:41:29,2023-06-08 16:35:15,45546483712.0,-0.006874710142874774,-0.020374527921320995,0.01926799101621346,-0.034622439583582576
HEI,Heico Corp,2024-10-21,2024-10-18,2024-10-18,10,10,Culligan Thomas M; Fine Carol F.; Henriques Adolfo; Hildebrandt Mark H; Mendelson Eric A; Mendelson Laurans A; Mendelson Victor H; Neitzel Julie; Schriesheim Alan; Schwitter Frank J,1907888,262.94,2024-10-18,2024-10-18,2024-10-21 17:10:35,2024-10-21 17:12:07,45546483712.0,-0.01860258625535205,-0.040331105243327725,-0.005949246965746502,
HESM,Hess Midstream Partners LP,2017-04-12,2017-04-10,2017-04-10,8,8,Gatling John A.; Goodell Timothy B.; Hess John B; Hill Gregory P.; Niemiec David W; Rielly John P; Stein Jonathan C.; Tamborski Gerald A.,6741300,23.0,2017-04-10,2017-04-10,2017-04-12 16:34:43,2017-04-12 16:42:19,8291217408.0,-0.007663291391435956,-0.018545866408977485,-0.09637877117196691,-0.25672098956214384
HFWA,Heritage Financial Corp /wa/,2016-05-18,2016-04-27,2016-05-09,3,3,Altom Rhoda L; Christensen Gary B; Gavin Deborah J,99980,17.7,2016-04-27,2016-05-09,2016-04-28 16:54:23,2016-05-18 13:31:00,890183296.0,0.011105152192927514,0.009536153859991625,-0.03188542827502905,-0.058226163663080976
HFWA,Heritage Financial Corp /wa/,2023-05-19,2023-04-26,2023-05-19,3,3,Charneski Brian; Lyon Jeffrey S; Rivera Frederick B,119582,16.53,2023-04-26,2023-05-19,2023-04-27 17:19:19,2023-05-19 12:27:42,890183296.0,0.023149086178794298,0.03494790725364094,-0.04988585048025018,0.04376385013543138
HG,"Hamilton Insurance Group, Ltd.",2023-12-12,2023-11-14,2023-12-11,3,3,"Gauthier John J; Hamilton Investments, LP; Pestcoe Marvin",3404135,15.136666666666663,2023-11-14,2023-12-11,2023-11-16 18:19:50,2023-12-12 18:15:29,3079815424.0,-0.0005632413943570391,-0.0868757656554211,-0.0678983176869905,-0.17731522983879966
HI,"Hillenbrand, Inc.",2020-03-20,2020-03-10,2020-03-18,5,8,Cerniglia Kristina A.; Farrell Nicholas R; Jones Michael M.; Raver Joe Anthony; Whitted J Michael,321676,18.4025,2020-03-10,2020-03-18,2020-03-10 16:15:05,2020-03-20 16:10:19,2259598336.0,0.02773473848034458,0.0633376632917868,0.019382347449168114,0.42138363849512994
HI,"Hillenbrand, Inc.",2023-12-14,2023-11-30,2023-12-12,4,4,Cornell Helen W; Hillenbrand Daniel C.; Ryan Kimberly K; Vanhimbergen Robert M,523529,39.585,2023-11-30,2023-12-12,2023-12-04 16:16:02,2023-12-14 16:15:21,2259598336.0,0.06603873860992238,0.10379081666165235,0.08660374159501094,0.05639590564750385
HI,"Hillenbrand, Inc.",2024-05-07,2024-05-03,2024-05-06,4,5,Kulmaczewski Leo; Rumsey Jennifer; Ryan Kimberly K; Vanhimbergen Robert M,278197,42.528,2024-05-03,2024-05-06,2024-05-06 16:16:29,2024-05-07 16:16:30,2259598336.0,0.040888095715185147,0.007211016416659666,-0.0948485281421313,-0.11249496036909079
HII,"Huntington Ingalls Industries, Inc.",2018-05-15,2018-05-07,2018-05-14,3,3,Bilden Philip M.; Green Edgar A III; Wilson Stephen R,535905,217.59666666666664,2018-05-07,2018-05-14,2018-05-09 18:01:56,2018-05-15 17:15:31,17279731712.0,0.012507268832346985,0.011838692457609268,-0.014476735912759442,0.03785396051452117
HIW,"Highwoods Properties, Inc.",2022-09-29,2022-09-22,2022-09-28,3,3,Klinck Theodore J; Maiorana Brendan C; Miller Jeffrey Douglas,210318,27.903333333333336,2022-09-22,2022-09-28,2022-09-26 16:47:35,2022-09-29 16:06:14,2527279104.0,0.0051165117159017726,-0.08808304727431215,0.01135980437628814,-0.021750799634819185
HKHC,Horizon Kinetics Holding Corp,2024-09-10,2024-09-03,2024-09-09,4,10,Brennan Alice C; Doyle Peter; Nagelberg Allison; Stahl Murray,31104,25.67,2024-09-03,2024-09-09,2024-09-04 13:13:25,2024-09-10 10:48:57,625028672.0,-0.09757606425921417,-0.07507320581033472,-0.049991173881697604,0.5325869457724854
HKHC,Horizon Kinetics Holding Corp,2024-12-10,2024-11-14,2024-12-09,6,23,Kesslen Jay H; Nagelberg Allison; Rosenthal Brent D; Russell Grimaldi; Stahl Murray; Williams Alun,38965,39.22739130434783,2024-11-14,2024-12-09,2024-11-15 10:56:54,2024-12-10 11:48:49,625028672.0,-0.033169135302160924,0.040745128729409386,,
HLF,Herbalife Nutrition Ltd.,2021-08-17,2021-08-05,2021-08-17,3,3,Agwunobi John O; Amezquita Alexander; Lefevre Alan W,415641,48.09,2021-08-05,2021-08-17,2021-08-09 16:15:54,2021-08-17 18:44:17,1833705216.0,0.003201813018395061,0.02353596284842796,-0.06912376320068392,-0.1844913809942339
HLF,Herbalife Nutrition Ltd.,2022-08-03,2022-05-05,2022-05-24,7,7,Agwunobi John O; Desimone John; Hoffman Alan L; Johnson Michael; Lefevre Alan W; Mulligan Donal L; Tartol John,1838810,22.638571428571428,2022-05-05,2022-05-24,2022-05-11 19:05:24,2022-08-03 20:38:45,1833705216.0,0.13455157155373199,0.14465923409108727,0.014637500725625086,-0.037035720068017586
HLF,Herbalife Nutrition Ltd.,2022-12-13,2022-12-08,2022-12-09,4,4,Johnson Michael; Lefevre Alan W; Tartol John; Wang Henry C,482746,12.7275,2022-12-08,2022-12-09,2022-12-12 16:13:38,2022-12-13 16:34:39,1833705216.0,0.045025805993049284,0.0871505391496723,0.30307648702569057,0.4611673007938858
HLF,Herbalife Ltd.,2024-03-13,2024-02-16,2024-03-11,3,3,Johnson Michael; Macadrai Rodica; Mendoza Juan Miguel,646297,8.840000000000002,2024-02-16,2024-03-11,2024-02-21 17:44:42,2024-03-13 17:00:32,1833705216.0,0.017024533081693605,-0.010288693885820432,0.020442767697247732,0.22524597589808604
HLMN,Hillman Solutions Corp.,2022-03-07,2022-03-07,2022-03-07,5,5,Adinolfi Jon Michael; Cahill Douglas; Fagundo Randall J; Kraft Robert O.; Streng Jarrod,2194770,10.48,2022-03-07,2022-03-07,2022-03-07 13:25:00,2022-03-07 16:30:55,1582262912.0,0.07194272227566312,0.07421924535039348,0.11546613410029805,0.2037671293706258
HLMN,Hillman Solutions Corp.,2022-11-30,2022-11-29,2022-11-30,3,3,Cahill Douglas; Kraft Robert O.; Moore Scott Kelley,1589930,7.650000000000001,2022-11-29,2022-11-30,2022-11-30 17:06:53,2022-11-30 17:07:26,1582262912.0,0.09459179451877087,0.05590427097540418,0.15909630107634087,0.1781233624082572
HOLX,Hologic Inc,2018-03-16,2018-02-13,2018-03-15,3,3,Dockendorff Charles J; Nawana Namal; Wendell Amy McBride,954249,38.37,2018-02-13,2018-03-15,2018-02-14 16:09:47,2018-03-16 16:33:22,16846060544.0,-0.004171562245173455,0.02617320609702245,0.04234922050933132,-0.010520473578108591
HOMB,Home Bancshares Inc,2018-12-11,2018-10-19,2018-10-24,4,4,French Tracy; Garrett Karen; Lieblong Alex R; Rankin Jim,196128,18.932499999999997,2018-10-19,2018-10-24,2018-10-23 13:38:49,2018-12-11 11:52:55,5476412928.0,0.0027458798414650154,-0.009433948130339154,0.03227001111759353,0.019402144764629314
HPK,"Highpeak Energy, Inc.",2023-07-21,2023-07-19,2023-07-19,8,8,Dejoria John Paul; Edgeworth Jason A.; Forbes Keith E; Hightower Jack; Hollis Michael L.; Oldham Larry; Tholen Steven W; Woodard Rodney L,92967525,10.5,2023-07-19,2023-07-19,2023-07-21 16:23:51,2023-07-21 17:24:52,698772864.0,0.09119137845101588,0.0005549972761345057,0.12111923906464472,0.3163344174879352
HPP,"Hudson Pacific Properties, Inc.",2016-05-20,2016-05-12,2016-05-19,3,5,Coleman Victor J; Glaser Jonathan M; Porter Barry Alan,1931055,27.666000000000004,2016-05-12,2016-05-19,2016-05-16 17:22:53,2016-05-20 15:06:30,3310166784.0,0.018986111648774617,0.009081172610330812,0.06627844743132205,0.15570009310045485
HPP,"Hudson Pacific Properties, Inc.",2018-12-06,2018-11-06,2018-12-04,3,4,Antenucci Ted R; Glaser Jonathan M; Linehan Mark David,519045,30.2225,2018-11-06,2018-12-04,2018-11-07 19:26:23,2018-12-06 18:05:37,3310166784.0,0.04381787464866638,0.004784775035042377,0.02699747472298586,0.05474337170696786
HPP,"Hudson Pacific Properties, Inc.",2022-10-04,2022-09-20,2022-09-30,6,6,Diramerian Harout Krikor; Glaser Jonathan M; Harris Robert L II; Lammas Mark T; Linehan Mark David; Suazo Arthur X.,609269,11.713333333333331,2022-09-20,2022-09-30,2022-09-22 16:05:33,2022-10-04 16:01:53,3310166784.0,-0.05767692986542272,-0.05035085971959319,-0.05604957066888816,-0.14467395619102952
HPP,"Hudson Pacific Properties, Inc.",2023-03-30,2023-03-20,2023-03-28,3,3,Diramerian Harout Krikor; Gordon Drew; Suazo Arthur X.,232523,6.03,2023-03-20,2023-03-28,2023-03-21 17:02:48,2023-03-30 13:08:50,3310166784.0,0.028863543561929994,0.007279763138944295,-0.33466228609020143,-0.3396937138495313
HQY,"Healthequity, Inc.",2021-12-16,2021-12-09,2021-12-15,3,3,Dillon Adrian T; Dilsaver Evelyn S; Parker Stuart B.,1770977,41.026666666666664,2021-12-09,2021-12-15,2021-12-09 20:16:33,2021-12-16 19:13:52,6955212800.0,0.016408134629172233,0.10376172188884114,0.35848546256644376,0.42489210529170585
HR,Healthcare Realty Trust Inc,2024-09-06,2024-08-12,2024-09-05,4,6,Bohjalian Thomas N; Kilroy James Joseph IV; Lyle Peter F Sr; Singleton John Knox,892202,17.82166666666667,2024-08-12,2024-09-05,2024-08-13 10:08:29,2024-09-06 09:48:30,6615859200.0,0.004711836021505267,0.020192641274671574,-0.05524740828214947,-0.05404491182842874
HR,Healthcare Realty Trust Inc,2024-12-20,2024-11-22,2024-12-20,4,4,Bohjalian Thomas N; Leupp Jay P; Lyle Peter F Sr; Wood Donald C,423219,17.0775,2024-11-22,2024-12-20,2024-11-22 11:14:57,2024-12-20 16:30:46,6615859200.0,-0.006694239874759589,-0.011186698557750563,,
HRMY,"Harmony Biosciences Holdings, Inc.",2020-10-16,2020-08-20,2020-08-25,3,4,Marshman Fund Trust II; Nielsen Jack; Novo Holdings A/s,12536973,27.465,2020-08-20,2020-08-25,2020-08-24 21:09:56,2020-10-16 17:00:08,1635154304.0,0.0639169424194097,0.09527239521449837,0.12073521102172968,-0.035751717453483156
HROW,"Harrow Health, Inc.",2022-12-23,2022-12-14,2022-12-22,5,5,Baum Mark L; Boll Andrew R.; Makary Martin A.; Opaleye Management Inc.; Van Horn R. Lawrence,5263856,12.848000000000004,2022-12-14,2022-12-22,2022-12-14 16:05:28,2022-12-23 07:03:10,1429830784.0,0.027865475986437405,0.09536380140848344,0.3083391683512371,0.2420826083807217
HRTG,"Heritage Insurance Holdings, Inc.",2016-06-29,2016-06-14,2016-06-27,7,7,Apostolou Panagiotis; Barlas Irini; Garateix Ernie J; Houvardas Trifon; Lucas Bruce; Pappas Nicholas George; Widdicombe Richard A,498317,12.37857142857143,2016-06-14,2016-06-27,2016-06-15 17:28:22,2016-06-29 16:46:23,868802112.0,-0.004318799744471358,-0.029436191355392438,0.05861511185340462,0.1788663769173935
HRTG,"Heritage Insurance Holdings, Inc.",2017-09-06,2017-08-11,2017-09-01,6,11,Barlas Irini; Garateix Ernie J; Lucas Bruce; Masiello James; Vattamattam Joseph; Widdicombe Richard A,1043795,11.394545454545456,2017-08-11,2017-09-01,2017-08-14 09:07:47,2017-09-06 19:29:03,868802112.0,0.01061170419231905,0.3726011022966125,0.6704561689916404,0.8564013971122217
HRTG,"Heritage Insurance Holdings, Inc.",2018-11-13,2018-11-05,2018-11-13,3,6,Barlas Irini; Lucas Bruce; Martindale Steven C.,558810,16.171666666666667,2018-11-05,2018-11-13,2018-11-05 18:45:35,2018-11-13 19:58:32,868802112.0,-0.018946082349701077,0.008274252098002033,-0.008863174574777588,-0.09438188337791642
HRTG,"Heritage Insurance Holdings, Inc.",2021-09-21,2021-08-18,2021-09-17,3,4,Garateix Ernie J; Lusk Kirk; Widdicombe Richard A,131938,6.007499999999999,2021-08-18,2021-09-17,2021-09-17 11:12:33,2021-09-21 17:02:53,868802112.0,0.09480982127604132,0.06510156554737545,-0.004532996686611668,-0.14383872857678404
HRTG,"Heritage Insurance Holdings, Inc.",2024-02-21,2023-12-14,2023-12-19,3,3,Garateix Ernie J; Hyer Raymond T; Whiting Paul L,1499985,7.1433333333333335,2023-12-14,2023-12-19,2023-12-15 16:28:07,2024-02-21 16:09:46,868802112.0,0.02261381558060549,0.07092356652309362,0.6290451536625528,0.3873931387247198
HRTG,"Heritage Insurance Holdings, Inc.",2024-05-30,2024-05-06,2024-05-28,3,4,Garateix Ernie J; Lusk Kirk; Whiting Paul L,578750,8.1,2024-05-06,2024-05-28,2024-05-07 16:20:56,2024-05-30 16:15:07,868802112.0,0.037977771226413326,-0.032182336770644415,-0.20053109180851614,0.8437198197343212
HSY,Hershey Co,2018-11-07,2018-10-29,2018-11-06,3,3,Hershey Trust Co; Hershey Trust Co Trustee In Trust For Milton Hershey School; Tillemans Todd W,10214680,106.44,2018-10-29,2018-11-06,2018-10-30 09:31:54,2018-11-07 12:11:40,47484166144.0,-0.025312230738960717,0.020297932618957848,0.11006842296412978,-0.004919481876799914
HSY,Hershey Co,2019-05-31,2019-05-30,2019-05-31,3,3,Atkins Damien; Tillemans Todd W; Voskuil Steven E,401990,129.72,2019-05-30,2019-05-31,2019-05-30 14:01:40,2019-05-31 12:59:14,47484166144.0,0.027603596204736847,0.024148982620882053,-0.025290160134245454,0.1846680751771197
HTBK,Heritage Commerce Corp,2019-06-11,2019-05-22,2019-06-07,3,5,Conner Jack W; Dinapoli Jason Philip; Hallgrimson Steven L.,337090,12.096,2019-05-22,2019-06-07,2019-05-23 16:48:52,2019-06-11 13:10:09,779344000.0,0.006936895969330781,-0.004474883599314916,-0.0359017957593013,-0.08079803343960412
HTH,Hilltop Holdings Inc.,2015-03-16,2015-03-03,2015-03-13,3,4,Ford Jeremy B; Huffines James R; Robinson Charles Clifton,997804,19.3125,2015-03-03,2015-03-13,2015-03-05 18:43:46,2015-03-16 18:50:47,2329257728.0,-0.010848560929549667,-0.04182235242531607,-0.03234098589157319,0.17115063986058998
HTLD,Heartland Express Inc,2023-05-18,2023-05-02,2023-05-16,3,6,Ann S. Gerdin Revocable Trust; Gerdin Michael J; Sullivan Michael John,3365814,14.911666666666669,2023-05-02,2023-05-16,2023-05-03 19:50:55,2023-05-18 17:36:48,852697408.0,-0.002952332750292941,0.017031915107374007,0.0028619798256543927,-0.06475662896678247
HTLD,Heartland Express Inc,2023-12-13,2023-11-20,2023-12-11,3,6,Ann S. Gerdin Revocable Trust; Gerdin Michael J; Sullivan Michael John,5972156,13.433333333333335,2023-11-20,2023-12-11,2023-11-22 18:21:33,2023-12-13 19:19:18,852697408.0,0.015356663107309432,-0.010108880332923675,-0.07977177625119725,-0.21964480532255481
HTLD,Heartland Express Inc,2024-05-07,2024-04-26,2024-05-03,3,5,Ann S. Gerdin Revocable Trust; Gerdin Michael J; Sullivan Michael John,5980050,10.452000000000002,2024-04-26,2024-05-03,2024-04-30 20:05:19,2024-05-07 17:30:01,852697408.0,0.02632296554354263,0.03467834134138381,0.0209088072624255,0.10643403565088239
HTZ,Hertz Global Holdings Inc,2016-06-06,2016-05-13,2016-06-02,6,6,Best Tyler; Foland Jeffrey T.; Icahn Carl C; Kennedy Thomas C; Marren Alexandria Panot; Tague John P,11614876,8.841666666666667,2016-05-13,2016-06-02,2016-05-17 07:12:35,2016-06-06 21:11:10,1352313216.0,,,,
HTZ,"Hertz Global Holdings, Inc",2016-11-16,2016-11-08,2016-11-14,3,4,Best Tyler; Icahn Carl C; Kennedy Thomas C,388986670,26.8775,2016-11-08,2016-11-14,2016-11-08 17:43:39,2016-11-16 15:41:40,1352313216.0,,,,
HUBG,"Hub Group, Inc.",2022-08-15,2022-08-09,2022-08-11,3,3,Yablon Gary; Yeager David P; Yeager Phillip D,19867844,98.52666666666666,2022-08-09,2022-08-11,2022-08-11 18:14:00,2022-08-15 13:48:44,2648358912.0,0.006144631972292869,0.014253680461881468,-0.04139501064158535,0.02526754350662297
HUN,Huntsman Corp,2018-12-03,2018-10-31,2018-11-29,3,4,Douglas Sean; Huntsman Peter R; Stryker David M,731992,21.46,2018-10-31,2018-11-29,2018-11-02 16:49:22,2018-12-03 19:14:46,2151051264.0,-0.01354570124767207,-0.011125865187818218,0.11581845015002734,0.20047340686042459
HUN,Huntsman Corp,2020-03-16,2020-03-11,2020-03-12,4,5,Douglas Sean; Hankins Anthony P; Huntsman Peter R; Stryker David M,222505,15.282,2020-03-11,2020-03-12,2020-03-12 16:19:14,2020-03-16 16:19:48,2151051264.0,0.023616049258487926,-0.009803334008553266,0.009556731563596266,0.03363556932551548
HWC,Hancock Whitney Corp,2020-08-10,2020-07-29,2020-08-06,3,3,Pickering Christine L; Teofilo Joan Cahill; Wilkins Carleton Richard,23036,19.133333333333336,2020-07-29,2020-08-06,2020-07-31 16:07:39,2020-08-10 16:24:52,5518466048.0,0.05463086379029214,0.025190669442242797,-0.10029095405207478,0.18855893955539438
HWC,Hancock Whitney Corp,2023-05-25,2023-04-21,2023-05-10,3,3,Lane Harry Merritt III; Perez Sonia; Teofilo Joan Cahill,169340,35.23,2023-04-21,2023-05-10,2023-04-25 16:39:18,2023-05-25 16:19:48,5518466048.0,-0.0009790307887362903,0.05982707058584724,0.021274348317404712,0.008989286449521794
HWKN,Hawkins Inc,2016-02-26,2016-02-18,2016-02-25,3,3,Jergenson Duane M; Pepski Kathleen P.; Wright Jeffrey L,353190,32.20333333333333,2016-02-18,2016-02-25,2016-02-22 16:19:45,2016-02-26 16:32:45,3155170816.0,0.051819631100989416,0.0404642543278797,0.20413456063415691,0.2227260037034926
HXL,Hexcel Corp /de/,2024-05-06,2024-04-25,2024-05-03,6,6,Campbell Jeffrey C; Egnotovich Cynthia M; Gentile Tom; Hachey Guy C; Stanage Nick L; Suever Catherine A,3206515,65.30499999999999,2024-04-25,2024-05-03,2024-04-29 16:00:15,2024-05-06 16:00:13,7318168064.0,0.032865963789578734,0.03062741949449599,-0.14464656608394122,-0.1200426814963198
HY,"Hyster-Yale Materials Handling, Inc.",2016-10-07,2016-09-19,2016-10-06,20,214,"Btr 2012 Gst Trust For Anne F. Rankin; Btr 2012 Gst Trust For Chloe R. Seelbach; Btr 2012 Gst Trust For Claiborne R. Rankin, Jr.; Btr 2012 Gst Trust For Clara R. Williams; Btr 2012 Gst Trust For Elisabeth M. Rankin; Btr 2012 Gst Trust For Helen R. Butler; Btr 2012 Gst Trust For James T. Rankin; Btr 2012 Gst Trust For Julia R. Kuipers; Btr 2012 Gst Trust For Matthew M. Rankin; Btr 2012 Gst Trust For Thomas P. Rankin; Rankin Alfred M Et Al; Rankin Alison A; Rankin Chloe O; Rankin Claiborne R; Rankin Clara L T; Rankin Corbin; Rankin Roger F; Rankin Thomas T; Rankin Victoire G; Trust Dated 1/1/1977, Pnc Bank & Alfred M. Rankin, Jr. As Co-Trustees & Clara L.T. Rankin, Fbo Clara L.T. Rankin",34020716,55.912990654205615,2016-09-19,2016-10-06,2016-09-21 16:13:17,2016-10-07 14:37:20,680977728.0,-0.0385505575459657,-0.030314788866849463,0.07150796815890392,0.042811376188077066
HY,"Hyster-Yale Materials Handling, Inc.",2018-11-06,2018-10-09,2018-11-05,59,628,"2013 Trust Fbo Evelyn R. Kuipers; Alison A. Rankin, As Trustee Fbo Elisabeth M. Rankin Under Irrevocable Trust, Dated December 18, 1997, with Roger Rankin, Grantor; Anne Farnham Rankin Trust 8/15/2012; Butler Clara R; Butler Griffin B; Butler Helen Rankin; Butler John C Jr; Chloe R. Seelbach, Trustee Uad 2/2/05 the Taplin Elizabeth Seelbach Trust; Chloe R. Seelbach, Trustee Under Claiborne Rankin Trust For Children of Chloe R. Seelbach Dtd 12/21/04 Fbo Isabelle Scott Seelbach; Chloe R. Seelbach, Trustee Under Claiborne Rankin Trust For Children of Chloe R. Seelbach Dtd 12/21/04 Fbo Thomas Wilson Seelbach; Claiborne Rankin Trust For Children of Claiborne Rankin Jr Fbo Claiborne Read Rankin III; Clara Rankin Butler 2002 Trust Dtd 11/5/2002; David Bh Williams, Trustee Uad the Helen Charles Williams 2004 Trust; David Bh Williams, Trustee Uad the Margo Janison Victoire Williams 2004 Trust; Griffin Bedwell Butler 2002 Trust Dtd 11/5/2002; Kuipers Evelyn R; Kuipers Jacob A; Kuipers Matilda Alan; Matthew M Rankin & James T. Rankin Co-Trustees For Mary M. Rankin U/a/d May 10, 2007; Matthew M. Rankin & James T. Rankin Co-Trustees For William Alexander Rankin U/a/d May 10, 2007; Rankin A Farnham; Rankin Alfred M Et Al; Rankin Alison A; Rankin Bruce T; Rankin Chloe O; Rankin Claiborne R; Rankin Claiborne R Jr; Rankin Claiborne Read III; Rankin Clara L T; Rankin Corbin; Rankin Elisabeth M; Rankin Elizabeth B; Rankin James T; Rankin James T. Jr.; Rankin Julia L; Rankin Lynne T; Rankin Margaret Pollard; Rankin Mary M; Rankin Matthew M; Rankin Roger F; Rankin Thomas Parker; Rankin Thomas T; Rankin Victoire G; Rankin William A; Seelbach Chloe R; Seelbach Isabelle; Seelbach Scott W; Seelbach Taplin E; Seelbach Thomas Wilson; Trust Dated 1/1/1977, Pnc Bank & Alfred M. Rankin, Jr. As Co-Trustees & Clara L.T. Rankin, Fbo Clara L.T. Rankin; Trust Dated 9/28/2000 Between Alfred M. Rankin, Jr., As Trustee & Bruce T. Rankin, For the Benefit of Bruce T. Rankin; Trust Dated December 21, 2004, Between Claiborne R. Rankin, As Trustee, & Julia L. Rankin, Creating A Trust Fbo Julia L. Rankin; Trust For Children of Julia Kuipers Fbo Matilda Alan Kuipers; Vested Trust For James T. Rankin, Jr.; Vested Trust For Margaret Pollard Rankin; Williams Clara R; Williams David B; Williams Helen Charles; Williams Margo J.V.",15196254,61.83875796178344,2018-10-09,2018-11-05,2018-10-11 13:56:33,2018-11-06 16:09:11,680977728.0,-0.008913245445854256,-0.06149093469178557,-0.0310508286419372,0.07719449827821223
HY,"Hyster-Yale Materials Handling, Inc.",2019-04-01,2019-03-01,2019-03-29,60,712,"2013 Trust Fbo Evelyn R. Kuipers; Alison A. Rankin, As Trustee Fbo Elisabeth M. Rankin Under Irrevocable Trust, Dated December 18, 1997, with Roger Rankin, Grantor; Anne Farnham Rankin Trust 8/15/2012; Butler Clara R; Butler Griffin B; Butler Helen Rankin; Butler John C Jr; Chloe R. Seelbach, Trustee Uad 2/2/05 the Taplin Elizabeth Seelbach Trust; Chloe R. Seelbach, Trustee Under Claiborne Rankin Trust For Children of Chloe R. Seelbach Dtd 12/21/04 Fbo Isabelle Scott Seelbach; Chloe R. Seelbach, Trustee Under Claiborne Rankin Trust For Children of Chloe R. Seelbach Dtd 12/21/04 Fbo Thomas Wilson Seelbach; Claiborne Rankin Trust For Children of Claiborne Rankin Jr Fbo Claiborne Read Rankin III; Clara Rankin Butler 2002 Trust Dtd 11/5/2002; David Bh Williams, Trustee Uad the Helen Charles Williams 2004 Trust; David Bh Williams, Trustee Uad the Margo Janison Victoire Williams 2004 Trust; Griffin Bedwell Butler 2002 Trust Dtd 11/5/2002; Kuipers Evelyn R; Kuipers Jacob A; Kuipers Matilda Alan; Matthew M Rankin & James T. Rankin Co-Trustees For Mary M. Rankin U/a/d May 10, 2007; Matthew M. Rankin & James T. Rankin Co-Trustees For William Alexander Rankin U/a/d May 10, 2007; Rankin A Farnham; Rankin Alfred M Et Al; Rankin Alison A; Rankin Bruce T; Rankin Chloe O; Rankin Claiborne R; Rankin Claiborne R Jr; Rankin Claiborne Read III; Rankin Clara L T; Rankin Corbin; Rankin Elisabeth M; Rankin Elizabeth B; Rankin James T; Rankin James T. Jr.; Rankin Julia L; Rankin Lauran; Rankin Lynne T; Rankin Margaret Pollard; Rankin Mary M; Rankin Matthew M; Rankin Roger F; Rankin Thomas Parker; Rankin Thomas T; Rankin Victoire G; Rankin William A; Seelbach Chloe R; Seelbach Isabelle; Seelbach Scott W; Seelbach Taplin E; Seelbach Thomas Wilson; Trust Dated 1/1/1977, Pnc Bank & Alfred M. Rankin, Jr. As Co-Trustees & Clara L.T. Rankin, Fbo Clara L.T. Rankin; Trust Dated 9/28/2000 Between Alfred M. Rankin, Jr., As Trustee & Bruce T. Rankin, For the Benefit of Bruce T. Rankin; Trust Dated December 21, 2004, Between Claiborne R. Rankin, As Trustee, & Julia L. Rankin, Creating A Trust Fbo Julia L. Rankin; Trust For Children of Julia Kuipers Fbo Matilda Alan Kuipers; Vested Trust For James T. Rankin, Jr.; Vested Trust For Margaret Pollard Rankin; Williams Clara R; Williams David B; Williams Helen Charles; Williams Margo J.V.",13155324,64.0079073033708,2019-03-01,2019-03-29,2019-03-05 12:11:41,2019-04-01 14:20:03,680977728.0,0.027093521206111415,0.04212641884692836,-0.2081955522756752,-0.1575803795088453
HY,"Hyster-Yale Materials Handling, Inc.",2019-07-12,2019-06-13,2019-07-11,66,634,"2013 Trust Fbo Evelyn R. Kuipers; Alison A. Rankin, As Trustee Fbo Elisabeth M. Rankin Under Irrevocable Trust, Dated December 18, 1997, with Roger Rankin, Grantor; Anne Farnham Rankin Trust 8/15/2012; Btr 2012 Gst Trust For Anne F. Rankin; Btr 2012 Gst Trust For Clara R. Williams; Btr 2012 Gst Trust For Elisabeth M. Rankin; Btr 2012 Gst Trust For Helen R. Butler; Btr 2012 Gst Trust For Julia R. Kuipers; Butler Clara R; Butler Griffin B; Butler Helen Rankin; Butler John C Jr; Chloe R. Seelbach, Trustee Uad 2/2/05 the Taplin Elizabeth Seelbach Trust; Chloe R. Seelbach, Trustee Under Claiborne Rankin Trust For Children of Chloe R. Seelbach Dtd 12/21/04 Fbo Isabelle Scott Seelbach; Chloe R. Seelbach, Trustee Under Claiborne Rankin Trust For Children of Chloe R. Seelbach Dtd 12/21/04 Fbo Thomas Wilson Seelbach; Claiborne Rankin Trust For Children of Claiborne Rankin Jr Fbo Claiborne Read Rankin III; Clara Rankin Butler 2002 Trust Dtd 11/5/2002; David Bh Williams, Trustee Uad the Helen Charles Williams 2004 Trust; David Bh Williams, Trustee Uad the Margo Janison Victoire Williams 2004 Trust; Griffin Bedwell Butler 2002 Trust Dtd 11/5/2002; Kuipers Evelyn R; Kuipers Jacob A; Kuipers Matilda Alan; Matthew M Rankin & James T. Rankin Co-Trustees For Mary M. Rankin U/a/d May 10, 2007; Matthew M. Rankin & James T. Rankin Co-Trustees For William Alexander Rankin U/a/d May 10, 2007; Rankin A Farnham; Rankin Alfred M Et Al; Rankin Alison A; Rankin Bruce T; Rankin Chloe O; Rankin Claiborne R; Rankin Claiborne R Jr; Rankin Claiborne Read III; Rankin Clara L T; Rankin Corbin; Rankin Elisabeth M; Rankin Elizabeth B; Rankin James T; Rankin James T. Jr.; Rankin Julia L; Rankin Lauran; Rankin Lynne T; Rankin Margaret Pollard; Rankin Mary M; Rankin Matthew M; Rankin Roger F; Rankin Thomas Parker; Rankin Thomas T; Rankin Victoire G; Rankin William A; Seelbach Chloe R; Seelbach Isabelle; Seelbach Scott W; Seelbach Taplin E; Seelbach Thomas Wilson; Trust Dated 1/1/1977, Pnc Bank & Alfred M. Rankin, Jr. As Co-Trustees & Clara L.T. Rankin, Fbo Clara L.T. Rankin; Trust Dated 9/28/2000 Between Alfred M. Rankin, Jr., As Trustee & Bruce T. Rankin, For the Benefit of Bruce T. Rankin; Trust Dated December 21, 2004, Between Claiborne R. Rankin, As Trustee, & Julia L. Rankin, Creating A Trust Fbo Julia L. Rankin; Trust Dated January 11, 1965, Pnc Bank & Alfred M. Rankin, Jr. As Co-Trustees, For the Benefit of Grandchildren; Trust For Children of Julia Kuipers Fbo Matilda Alan Kuipers; Vested Trust For James T. Rankin, Jr.; Vested Trust For Margaret Pollard Rankin; Williams Clara R; Williams David B; Williams Helen Charles; Williams Margo J.V.",10780679,53.072255520504726,2019-06-13,2019-07-11,2019-06-17 14:07:22,2019-07-12 15:23:17,680977728.0,-0.007808149045762214,0.007899222767762892,0.05898746005058608,-0.030130281389900704
HY,"Hyster-Yale Materials Handling, Inc.",2019-10-02,2019-04-01,2019-04-26,60,287,"2013 Trust Fbo Evelyn R. Kuipers; Alison A. Rankin, As Trustee Fbo Elisabeth M. Rankin Under Irrevocable Trust, Dated December 18, 1997, with Roger Rankin, Grantor; Anne Farnham Rankin Trust 8/15/2012; Butler Clara R; Butler Griffin B; Butler Helen Rankin; Butler John C Jr; Chloe R. Seelbach, Trustee Uad 2/2/05 the Taplin Elizabeth Seelbach Trust; Chloe R. Seelbach, Trustee Under Claiborne Rankin Trust For Children of Chloe R. Seelbach Dtd 12/21/04 Fbo Isabelle Scott Seelbach; Chloe R. Seelbach, Trustee Under Claiborne Rankin Trust For Children of Chloe R. Seelbach Dtd 12/21/04 Fbo Thomas Wilson Seelbach; Claiborne Rankin Trust For Children of Claiborne Rankin Jr Fbo Claiborne Read Rankin III; Clara Rankin Butler 2002 Trust Dtd 11/5/2002; David Bh Williams, Trustee Uad the Helen Charles Williams 2004 Trust; David Bh Williams, Trustee Uad the Margo Janison Victoire Williams 2004 Trust; Griffin Bedwell Butler 2002 Trust Dtd 11/5/2002; Kuipers Evelyn R; Kuipers Jacob A; Kuipers Matilda Alan; Matthew M Rankin & James T. Rankin Co-Trustees For Mary M. Rankin U/a/d May 10, 2007; Matthew M. Rankin & James T. Rankin Co-Trustees For William Alexander Rankin U/a/d May 10, 2007; Rankin A Farnham; Rankin Alfred M Et Al; Rankin Alison A; Rankin Bruce T; Rankin Chloe O; Rankin Claiborne R; Rankin Claiborne R Jr; Rankin Claiborne Read III; Rankin Clara L T; Rankin Corbin; Rankin Elisabeth M; Rankin Elizabeth B; Rankin James T; Rankin James T. Jr.; Rankin Julia L; Rankin Lauran; Rankin Lynne T; Rankin Margaret Pollard; Rankin Mary M; Rankin Matthew M; Rankin Roger F; Rankin Thomas Parker; Rankin Thomas T; Rankin Victoire G; Rankin William A; Seelbach Chloe R; Seelbach Isabelle; Seelbach Scott W; Seelbach Taplin E; Seelbach Thomas Wilson; Trust Dated 1/1/1977, Pnc Bank & Alfred M. Rankin, Jr. As Co-Trustees & Clara L.T. Rankin, Fbo Clara L.T. Rankin; Trust Dated 9/28/2000 Between Alfred M. Rankin, Jr., As Trustee & Bruce T. Rankin, For the Benefit of Bruce T. Rankin; Trust Dated December 21, 2004, Between Claiborne R. Rankin, As Trustee, & Julia L. Rankin, Creating A Trust Fbo Julia L. Rankin; Trust For Children of Julia Kuipers Fbo Matilda Alan Kuipers; Vested Trust For James T. Rankin, Jr.; Vested Trust For Margaret Pollard Rankin; Williams Clara R; Williams David B; Williams Helen Charles; Williams Margo J.V.",3891774,64.90668989547038,2019-04-01,2019-04-26,2019-04-03 13:27:25,2019-10-02 14:08:11,680977728.0,-0.0267505579519971,-0.06523887511289361,0.06143313096257019,0.03552068759262261
HY,"Hyster-Yale Materials Handling, Inc.",2021-02-17,2021-01-22,2021-02-12,20,24,"Btr 2020 Gst Trust F/b/o Anne F. Rankin; Btr 2020 Gst Trust F/b/o Chloe R. Seelbach; Btr 2020 Gst Trust F/b/o Claiborne R. Rankin, Jr.; Btr 2020 Gst Trust F/b/o Clara R. Williams; Btr 2020 Gst Trust F/b/o Elisabeth M. Rankin; Btr 2020 Gst Trust F/b/o Helen R. Butler; Btr 2020 Gst Trust F/b/o James T. Rankin; Btr 2020 Gst Trust F/b/o Julia R. Kuipers; Btr 2020 Gst Trust F/b/o Matthew M. Rankin; Btr 2020 Gst Trust F/b/o Thomas P.K. Rankin; Butler Helen Rankin; Butler John C Jr; Rankin Alison A; Rankin Chloe O; Rankin Claiborne R; Rankin Corbin; Rankin Roger F; Rankin Thomas T; Williams Clara R; Williams David B",38049916,56.09,2021-01-22,2021-02-12,2021-01-26 16:32:08,2021-02-17 17:06:06,680977728.0,-0.05973688047055736,-0.03690767836109232,-0.14228385529209153,-0.26947041590326415
HYLN,Hyliion Holdings Corp.,2021-12-20,2021-12-06,2021-12-16,5,5,Baker Sherri; Gallagher Dennis M.; Knight Robert M Jr; Olkkola Edward E; Oxholm Jose Miguel,136009,6.290000000000001,2021-12-06,2021-12-16,2021-12-07 16:01:25,2021-12-20 16:01:39,359181824.0,0.0011804446485950137,-0.020732988168498112,-0.31432519419534244,-0.27405373723707627
IBCP,Independent Bank Corp /mi/,2020-03-16,2020-03-10,2020-03-16,4,5,Ervin Patrick J; Keller Christina; Kessel William B; Missad Matthew J,111508,15.592,2020-03-10,2020-03-16,2020-03-10 15:57:43,2020-03-16 15:09:58,730839744.0,0.005188576296291991,-0.14310359143575901,-0.11448792735470548,-0.22713474152217128
IBM,International Business Machines Corp,2018-11-05,2018-10-31,2018-11-02,5,5,Owens James W; Rometty Virginia M; Swedish Joseph; Taurel Sidney; Waddell Frederick H,2091914,115.922,2018-10-31,2018-11-02,2018-11-02 14:04:52,2018-11-05 08:55:50,230081085440.0,0.05252725112107415,0.056025916728823066,0.09526674128087631,0.17754297932088248
IBM,International Business Machines Corp,2020-11-09,2020-10-27,2020-11-09,7,7,Farr David N; Gorsky Alex; Liveris Andrew N; McNabb Frederick William III; Swedish Joseph; Taurel Sidney; Waddell Frederick H,2842540,110.82714285714285,2020-10-27,2020-11-09,2020-10-28 16:29:14,2020-11-09 15:47:26,230081085440.0,0.03784721281586645,0.017489987822348674,0.04638683379348274,-0.02851213131427377
IBP,"Installed Building Products, Inc.",2020-03-16,2020-03-12,2020-03-12,3,3,Hilsheimer Lawrence A.; Thomas Michael H; Verma Vikas,1061690,43.053333333333335,2020-03-12,2020-03-12,2020-03-16 07:05:11,2020-03-16 17:00:14,8788301824.0,-0.1545525161441067,-0.09056454929070812,-0.07102491512549469,0.3654355852090765
IDYA,"Ideaya Biosciences, Inc.",2019-05-30,2019-05-28,2019-05-28,6,6,"5Am Ventures Iv, L.P.; Alexandria Venture Investments, LLC; Canaan X L.P.; Diekman John D; Shannon Timothy M; Stone Paul A.",21000000,10.0,2019-05-28,2019-05-28,2019-05-28 16:55:03,2019-05-30 18:12:17,3012899328.0,0.004086219937406654,-0.0627970976262725,-0.36601504841246013,-0.49640728032084547
IE,Ivanhoe Electric Inc.,2022-07-05,2022-06-30,2022-06-30,4,4,Boyd Graham Richard Thomas; Friedland Robert M; Kuntz Glen Nickolas; Young Evan James Macmillan,1614759,10.1075,2022-06-30,2022-06-30,2022-07-01 16:14:49,2022-07-05 06:05:07,2455793152.0,-0.02081049294134163,-0.10547266357418106,-0.010574178252924726,-0.04915170431781213
IE,Ivanhoe Electric Inc.,2024-03-07,2024-02-28,2024-03-06,4,4,Boyd Graham Richard Thomas; Joseph Cassandra Pulskamp; Kuntz Glen Nickolas; Markin Quentin,204645,7.635,2024-02-28,2024-03-06,2024-03-01 15:15:47,2024-03-07 15:23:57,2455793152.0,0.006527904168754928,0.0025010636156064248,0.24962220309089656,0.2096414710272707
IEP,Icahn Enterprises L.P.,2017-02-24,2017-02-22,2017-02-22,3,3,Icahn Carl C; Nelson James Larry; Wasserman Jack Gumpert,136925212,53.71,2017-02-22,2017-02-22,2017-02-24 17:00:50,2017-02-24 17:01:58,4933713920.0,0.017507590744340717,-0.00965694339298595,-0.05742931752717084,-0.052347949276047134
IESC,"Ies Holdings, Inc.",2022-05-09,2022-05-03,2022-05-06,3,3,Baldock Jennifer A; Gendell David B.; Simmes Matthew J,89253,26.383333333333336,2022-05-03,2022-05-06,2022-05-05 20:31:40,2022-05-09 17:21:42,9716294656.0,0.07759393110518353,0.12445863886188091,0.20635636812291225,0.18335910365297403
IHRT,"Iheartmedia, Inc.",2020-03-16,2020-03-10,2020-03-12,3,3,Barber Gary; Mahoney Sean O; Pittman Robert W,992310,10.213333333333331,2020-03-10,2020-03-12,2020-03-10 18:15:25,2020-03-16 16:16:29,442216864.0,-0.2216246600448546,-0.03481086646944809,-0.37708296751699144,-0.23377727714299057
IHRT,"Iheartmedia, Inc.",2022-05-12,2022-04-13,2022-05-12,4,8,Global Media & Entertainment Investments Ltd; Hamilton Scott D; Pittman Robert W; Rasulo James A,288329133,14.80875,2022-04-13,2022-05-12,2022-04-15 17:27:04,2022-05-12 18:28:31,442216864.0,0.053696002711816515,0.04285979800748396,-0.2771132706607049,-0.31849327911660885
IHRT,"Iheartmedia, Inc.",2023-03-13,2023-03-03,2023-03-10,4,5,Bressler Richard J; Hamilton Scott D; McGuinness Michael B; Pittman Robert W,1199111,5.3759999999999994,2023-03-03,2023-03-10,2023-03-06 07:30:08,2023-03-13 17:00:17,442216864.0,-0.05181626714513787,-0.15275529174068836,-0.27056800659958613,-0.3380996057312362
IIIN,Insteel Industries Inc,2019-04-23,2019-04-22,2019-04-22,3,3,Ruth Jon M; Rutkowski Joseph A; Thompson G Kennedy,164553,18.136666666666667,2019-04-22,2019-04-22,2019-04-22 15:23:34,2019-04-23 09:41:28,694972352.0,0.1217570591332302,0.11775054655565986,0.05812096564610769,-0.021553487567904428
IIPR,Innovative Industrial Properties Inc,2016-12-07,2016-12-01,2016-12-06,4,5,Gold Alan D; Kreitzer Gary A; Sistek Robert M.; Smithers Paul E.,4582388,18.048,2016-12-01,2016-12-06,2016-12-05 18:21:44,2016-12-07 18:32:03,1508363776.0,0.01747173785392575,-0.03386890949996313,0.10364533622683236,-0.12035831608031733
IMAX,Imax Corp,2020-03-18,2020-03-17,2020-03-17,3,3,Gelfond Richard L; Lister Robert D; Welton Mark,273795,7.783333333333334,2020-03-17,2020-03-17,2020-03-18 06:59:38,2020-03-18 07:00:33,2215977984.0,0.6505709198957083,0.43423443552888386,0.45033788846518363,0.5744777922680766
IMMX,"Immix Biopharma, Inc.",2021-12-20,2021-12-20,2021-12-20,4,4,Hsu Jason; Morris Gabriel S; Ng Carey; Rachman Ilya M,397500,5.0,2021-12-20,2021-12-20,2021-12-20 16:15:13,2021-12-20 16:15:40,431584288.0,-0.13693646486443045,-0.1344668429573359,0.0029799768560588857,-0.37661867428527995
IMNM,Immunome Inc.,2021-05-26,2021-05-24,2021-05-25,5,5,Lamattina John L; Lefenfeld Michael; Rapp Michael; Sarma Purnanand D; Wagenheim Philip,1611631,18.448,2021-05-24,2021-05-25,2021-05-26 21:26:18,2021-05-26 21:32:21,2376622080.0,0.24694821798537792,0.048516325812594685,-0.10857554830213234,-0.38712257841194264
IMNM,Immunome Inc.,2024-11-25,2024-11-21,2024-11-21,3,3,Lechleider Robert; Siegall Clay B; Tsai Philip,1310011,9.51,2024-11-21,2024-11-21,2024-11-25 08:33:23,2024-11-25 08:41:00,2376622080.0,0.1655031831289182,0.36471342066416135,,
IMRX,Immuneering Corp,2021-08-05,2021-08-03,2021-08-03,10,10,"Amin Biren; Barrett Scott; Berman Ann E; Bookman Michael; Carpenter Robert J; Cormorant Asset Management, LP; Feinberg Peter; Hall Brett Matthew; Keating Laurie; Zeskind Benjamin J.",17802930,15.0,2021-08-03,2021-08-03,2021-08-04 06:04:06,2021-08-05 16:01:24,319621344.0,0.24222586702948745,0.23404291105420283,0.25255913418076026,0.15065032441209003
IMRX,Immuneering Corp,2022-03-24,2022-03-15,2022-03-23,5,5,Barrett Scott; Berman Ann E; Feinberg Peter; Hall Brett Matthew; Zeskind Benjamin J.,122505,7.314,2022-03-15,2022-03-23,2022-03-15 17:53:34,2022-03-24 16:39:25,319621344.0,-0.07107876187161533,-0.17080723075131043,-0.28418887354670164,-0.2427628456947909
IMVT,"Immunovant, Inc.",2021-08-30,2021-08-10,2021-08-27,4,4,Fromkin Andrew J.; Hughes Douglas J.; Migausky George V; Pande Atul,287255,7.942500000000001,2021-08-10,2021-08-27,2021-08-11 14:12:40,2021-08-30 09:08:53,5436344320.0,0.028043004759205736,0.049693649297128495,0.14099271432131077,-0.08127099648472458
IMVT,"Immunovant, Inc.",2022-10-07,2022-09-29,2022-10-06,3,3,Pande Atul; Roivant Sciences Ltd.; Torti Frank,2700202,5.803333333333334,2022-09-29,2022-10-06,2022-09-29 16:21:03,2022-10-07 16:32:04,5436344320.0,0.006803075587329066,-0.022434600557146966,0.2830220165100714,0.8498744650682131
INBX,"Inhibrx Biosciences, Inc.",2024-09-16,2024-08-20,2024-09-12,4,8,Forsyth Douglas; Lappe Mark; Manhard Kimberly; Vuori Kristiina Md,3792392,14.4675,2024-08-20,2024-09-12,2024-08-22 16:29:47,2024-09-16 17:12:34,1081036032.0,0.047473978963364694,-0.06183322749219622,-0.06164175418541584,-0.16362007329648287
INDB,Independent Bank Corp,2023-05-08,2023-04-28,2023-05-04,3,3,Jensen Barry H; Ruggiero Mark J; Tengel Jeffrey J,207121,51.79,2023-04-28,2023-05-04,2023-05-01 16:07:41,2023-05-08 16:22:51,3940401152.0,-0.03546017981580196,-0.06432994271973957,-0.09715925647631196,0.12511022170320585
INGM,Ingram Micro Holding Corp,2024-10-29,2024-10-25,2024-10-25,7,7,Bay Paul D; Cook Christian B; Hornstein Carolyn; Monie Alain; Sherman Scott D; Sigler Mary Ann; Zilis Michael,8213700,22.0,2024-10-25,2024-10-25,2024-10-25 16:37:19,2024-10-29 16:30:52,5738123264.0,0.006409598534387828,0.00794333889675991,-0.12456546030335025,
INNV,Innovage Holding Corp.,2021-03-16,2021-03-08,2021-03-15,4,4,Doerr Robin; Gutierrez Barbara; Hewitt Maureen; Kennedy Edward Moore Jr.,833020,24.9475,2021-03-08,2021-03-15,2021-03-08 19:00:54,2021-03-16 17:01:20,1287787904.0,0.005852505131758168,-0.026170527078310135,-0.03680666026079793,-0.23325132829049877
INSM,Insmed Inc,2018-11-13,2018-11-01,2018-11-09,4,4,Adsett Roger; Engelsen Steinar J; Lewis William; Sharoky Melvin Md,871711,15.9175,2018-11-01,2018-11-09,2018-11-02 16:06:22,2018-11-13 16:03:46,31686129664.0,0.046701418384614724,0.07087699693864791,-0.09991834469466765,0.6065831056374262
INSP,"Inspire Medical Systems, Inc.",2018-05-09,2018-05-07,2018-05-07,12,12,"Amzak Health Investors, LLC; Ban Randy; Buchholz Richard; Erony Joyce; Herbert Timothy P.; Jandrich Steven; Khuong Chau Quang; McCormick Shawn; Mead Dana G Jr.; Nelson Marilyn C; Orbimed Advisors LLC; Tansey Casey M",18496800,16.0,2018-05-07,2018-05-07,2018-05-09 20:40:12,2018-05-09 21:46:27,1911913472.0,0.03764539363584829,0.31561181267321703,0.5885096009963238,0.8573451979414248
INTC,Intel Corp,2021-11-01,2021-10-25,2021-10-28,8,10,Gelsinger Patrick P; Goetz James J; Ishrak Omar; Lavizzo-Mourey Risa J; Liu Tsu-Jae King; Smith Gregory D; Weisler Dion J; Yeary Frank D,4745774,48.937,2021-10-25,2021-10-28,2021-10-26 16:04:56,2021-11-01 16:56:35,215292182528.0,0.011780732172574249,0.03827913319955001,0.012389832843604287,0.04512355500860277
INTC,Intel Corp,2023-08-10,2023-01-30,2023-02-23,3,4,Gelsinger Patrick P; Ishrak Omar; Zinsner David,753331,27.335,2023-01-30,2023-02-23,2023-02-02 16:22:19,2023-08-10 18:18:59,215292182528.0,0.018018958016112308,-0.02836886340191791,0.028068371752187016,0.13397431786791725
INVH,Invitation Homes Inc.,2017-02-07,2017-02-06,2017-02-06,3,3,Gordon G Irwin; Sears Janice L.; Solls Mark A,320000,20.0,2017-02-06,2017-02-06,2017-02-07 15:54:28,2017-02-07 17:54:25,16110182400.0,0.003952069759758592,-0.006364185979520265,0.009321966879853871,-0.024804365564874642
IOSP,Innospec Inc.,2023-03-20,2023-03-02,2023-03-17,3,4,Barnes Corbin; Jones David B.; Parrette Leslie J,272530,106.52,2023-03-02,2023-03-17,2023-03-02 13:19:36,2023-03-20 20:43:12,1892285184.0,0.004516687576660239,-0.008870047594260688,-0.05746134872028674,-0.12040973706527902
IOT,Samsara Inc.,2021-12-21,2021-12-17,2021-12-17,6,6,"Ah Parallel Fund Iv, L.P.; Andreessen Horowitz Fund Iv, L.P.; Andreessen Horowitz Lsv Fund Iii, L.P.; Andreessen Marc L; General Catalyst Group VIII Supplemental, L.P.; Taneja Hemant",459599984,23.0,2021-12-17,2021-12-17,2021-12-21 21:50:22,2021-12-21 21:57:17,16698497024.0,0.10556610498032559,0.08236935921335742,-0.20450325867801455,-0.27433556718116836
IOVA,"Iovance Biotherapeutics, Inc.",2018-12-20,2018-12-04,2018-12-18,3,3,Dukes Iain D.; McPeak Merrill A; Rothbaum Wayne P.,12654125,9.493333333333332,2018-12-04,2018-12-18,2018-12-07 16:32:49,2018-12-20 17:00:35,1542796160.0,-0.11879664737525542,0.019459916381221576,-0.024652849548137734,-0.004951472529559187
IOVA,"Iovance Biotherapeutics, Inc.",2022-06-02,2022-05-31,2022-06-01,5,5,Maynard Ryan D; McPeak Merrill A; Rothbaum Wayne P.; Vogt Frederick G; Weiser Michael,6861456,6.6819999999999995,2022-05-31,2022-06-01,2022-06-02 19:59:13,2022-06-02 20:03:59,1542796160.0,0.22808798153613008,0.3584558125510585,0.944331430809076,0.6898620151478542
IOVA,"Iovance Biotherapeutics, Inc.",2022-12-22,2022-11-23,2022-12-21,4,6,Dukes Iain D.; McPeak Merrill A; Rothbaum Wayne P.; Vogt Frederick G,65253380,6.203333333333333,2022-11-23,2022-12-21,2022-11-28 21:43:17,2022-12-22 16:06:22,1542796160.0,0.020166043173448833,0.06603713452578308,0.28369651057368994,-0.03893345353702071
IOVA,"Iovance Biotherapeutics, Inc.",2024-02-20,2024-02-20,2024-02-20,3,3,Dukes Iain D.; McPeak Merrill A; Rothbaum Wayne P.,48330300,9.15,2024-02-20,2024-02-20,2024-02-20 16:11:20,2024-02-20 19:52:18,1542796160.0,0.7281018264092377,0.8944351219189897,0.48807783086093215,0.10331866226698883
IRON,"Disc Medicine, Inc.",2023-02-17,2023-02-15,2023-02-15,3,3,Ai Dmi LLC; Ashiya Mona; Orbimed Advisors LLC,15000025,23.0,2023-02-15,2023-02-15,2023-02-17 16:42:32,2023-02-17 16:48:58,2429600256.0,0.07280243374224049,0.048052986537396536,-0.09168873779035647,0.39075312489590996
IRON,"Disc Medicine, Inc.",2024-06-20,2024-06-17,2024-06-17,3,3,Ashiya Mona; Bitterman Kevin; Orbimed Advisors LLC,14000076,36.0,2024-06-17,2024-06-17,2024-06-20 17:19:39,2024-06-20 20:00:05,2429600256.0,0.018752808117829867,0.019254891381875527,0.009211913845654562,0.06561166631848714
IRT,"Independence Realty Trust, Inc",2015-06-16,2015-06-03,2015-06-12,3,3,Ender Farrell M.; McCadden Robert F; Tsao Sharon M.,51372,8.540000000000001,2015-06-03,2015-06-12,2015-06-04 16:18:09,2015-06-16 08:46:11,4050753024.0,-0.025150114256322853,-0.07316112400244679,-0.015435015314837042,-0.07121642860013366
IRT,"Independence Realty Trust, Inc",2016-11-07,2016-11-02,2016-11-07,5,5,Ender Farrell M.; Pridgen Mack D III; Ross Richard H; Schaeffer Scott; Sebra James J,139834,8.059999999999999,2016-11-02,2016-11-07,2016-11-04 16:20:27,2016-11-07 16:19:33,4050753024.0,0.01762006575334385,0.05738924815063706,0.00643617690453091,0.057249286901918994
IRT,"Independence Realty Trust, Inc.",2020-03-23,2020-03-19,2020-03-20,3,3,Dunkelberg William C; Schaeffer Scott; Sebra James J,268582,9.216666666666669,2020-03-19,2020-03-20,2020-03-23 17:00:11,2020-03-23 17:00:15,4050753024.0,-0.12778675999773403,-0.13215947391581517,-0.11378152663832308,-0.03403974062379689
IRTC,"Irhythm Technologies, Inc.",2016-10-26,2016-10-25,2016-10-25,3,3,"Lathi Vijay K; New Leaf Ventures Ii, L.P.; Novo A/s",2550000,17.0,2016-10-25,2016-10-25,2016-10-25 13:18:43,2016-10-26 16:46:11,4067064320.0,-0.05754974569346849,-0.04603211188647294,-0.03927340350592723,0.07345797160277412
ISBA,Isabella Bank Corp,2015-02-27,2015-01-29,2015-02-26,3,6,Barz Richard J; Maness David J; Opperman Sarah R,11390,22.595,2015-01-29,2015-02-26,2015-02-02 17:13:08,2015-02-27 16:31:47,340935264.0,0.00375195317520971,0.024993187091396973,0.03448837460096754,0.0178976301901157
ISBA,Isabella Bank Corp,2015-05-04,2015-04-01,2015-05-01,4,8,Barz Richard J; Kleinhardt Thomas L; Maness David J; Opperman Sarah R,64723,22.975,2015-04-01,2015-05-01,2015-04-01 15:26:26,2015-05-04 13:53:15,340935264.0,-0.002232226656212255,-0.0038259442181564074,0.019621827514417323,0.02623559806731013
ISBA,Isabella Bank Corp,2015-08-31,2015-08-28,2015-08-28,3,3,Barz Richard J; Maness David J; Opperman Sarah R,4013,23.0,2015-08-28,2015-08-28,2015-08-31 16:46:20,2015-08-31 16:49:42,340935264.0,0.03768558385093568,0.02353799835529502,0.027812493341383915,0.1010646445185226
ISBA,Isabella Bank Corp,2015-11-03,2015-10-01,2015-10-30,3,6,Barz Richard J; Maness David J; Opperman Sarah R,8816,23.985000000000003,2015-10-01,2015-10-30,2015-10-01 15:42:49,2015-11-03 16:36:13,340935264.0,0.020761037275274674,0.07055396368460509,0.13905229631533877,0.2701469560521714
ISBA,Isabella Bank Corp,2016-03-29,2016-02-29,2016-03-25,3,5,Barz Richard J; Evans Jae A; Maness David J,4522,27.508,2016-02-29,2016-03-25,2016-03-02 16:29:08,2016-03-29 13:16:34,340935264.0,-0.039540555143010137,-0.05191577657309987,-0.06218673482564041,-0.07234075845260513
ISBA,Isabella Bank Corp,2016-06-13,2016-05-27,2016-06-08,4,4,Barz Richard J; Evans Jae A; Maness David J; Opperman Sarah R,13325,27.7,2016-05-27,2016-06-08,2016-06-01 16:51:45,2016-06-13 16:27:18,340935264.0,0.0089422030979448,0.006504980666241278,-0.027348691836242667,-0.03816289797181116
ISBA,Isabella Bank Corp,2016-10-06,2016-08-01,2016-08-30,3,4,Evans Jae A; Maness David J; Schwind Jerome E,17056,27.76,2016-08-01,2016-08-30,2016-08-05 09:31:14,2016-10-06 18:03:19,340935264.0,0.0027360286138096157,0.010341867720749298,-0.010157296648900083,-0.034481487316311954
ISBA,Isabella Bank Corp,2017-01-04,2016-12-01,2016-12-31,12,15,Angner Dennis P; Barnes Jeffrey J; Evans Jae A; Hubscher G Charles; Kleinhardt Thomas L; Laframboise Joseph; Maness David J; Manifold W Joseph; McGuire W Michael; Opperman Sarah R; Schwind Jerome E; Varner Gregory V,74285,27.765999999999995,2016-12-01,2016-12-31,2016-12-02 16:53:07,2017-01-04 18:34:49,340935264.0,-0.005149986087040315,-0.01113016877517059,-0.042806666852850506,-0.05113721052894693
ISBA,Isabella Bank Corp,2017-05-01,2017-03-28,2017-04-27,9,12,Barnes Jeffrey J; Hubscher G Charles; Kleinhardt Thomas L; Laframboise Joseph; Maness David J; Manifold W Joseph; Opperman Sarah R; Schwind Jerome E; Varner Gregory V,96294,27.754999999999995,2017-03-28,2017-04-27,2017-03-30 16:38:07,2017-05-01 14:18:33,340935264.0,-0.0028981212850267557,-0.0030195109906154816,-0.019942337845245683,-0.04434056278894294
ISBA,Isabella Bank Corp,2017-08-02,2017-07-03,2017-08-01,10,14,Barnes Jeffrey J; Barz Richard J; Evans Jae A; Hubscher G Charles; Kleinhardt Thomas L; Maness David J; Manifold W Joseph; Opperman Sarah R; Schwind Jerome E; Varner Gregory V,62819,27.85571428571428,2017-07-03,2017-08-01,2017-07-06 16:48:49,2017-08-02 16:29:58,340935264.0,0.0032411440640219835,-0.0032884368602555947,0.007014099244638583,-0.010494330177636568
ISBA,Isabella Bank Corp,2017-11-02,2017-10-02,2017-11-01,12,16,Barnes Jeffrey J; Barz Richard J; Evans Jae A; Hubscher G Charles; Kleinhardt Thomas L; Laframboise Joseph; Maness David J; Manifold W Joseph; McGuire W Michael; Opperman Sarah R; Schwind Jerome E; Varner Gregory V,115339,28.61,2017-10-02,2017-11-01,2017-10-04 21:52:01,2017-11-02 19:24:56,340935264.0,0.008340416795962646,-0.0026408631305248065,-0.07376948151784846,-0.14288389076885766
ISBA,Isabella Bank Corp,2018-02-05,2018-01-02,2018-02-01,11,13,Barnes Jeffrey J; Evans Jae A; Hubscher G Charles; Kleinhardt Thomas L; Laframboise Joseph; Maness David J; Manifold W Joseph; McGuire W Michael; Opperman Sarah R; Schwind Jerome E; Varner Gregory V,69195,28.083846153846153,2018-01-02,2018-02-01,2018-01-04 19:06:51,2018-02-05 18:12:54,340935264.0,0.017107419648545563,0.01116592888080925,-0.002560242312546146,0.03521278996207855
ISBA,Isabella Bank Corp,2018-05-03,2018-05-01,2018-05-02,3,3,Evans Jae A; Opperman Sarah R; Schwind Jerome E,7011,26.55,2018-05-01,2018-05-02,2018-05-03 16:52:12,2018-05-03 19:34:55,340935264.0,-0.014418317923079571,-0.04277025563385417,-0.048394957182780196,-0.07176414242905726
ISBA,Isabella Bank Corp,2018-11-02,2018-10-31,2018-11-01,4,4,Barz Richard J; Evans Jae A; Opperman Sarah R; Schwind Jerome E,8713,24.6875,2018-10-31,2018-11-01,2018-11-02 13:28:19,2018-11-02 16:08:40,340935264.0,0.010539416717083694,-0.0034175377969287712,0.11586825697123737,-0.04016995425169545
ISBA,Isabella Bank Corp,2019-05-01,2019-03-29,2019-04-26,6,6,Barnes Jeffrey J; Bourland Jill; Evans Jae A; Opperman Sarah R; Schwind Jerome E; Varner Gregory V,16419,22.926666666666662,2019-03-29,2019-04-26,2019-04-02 18:59:04,2019-05-01 21:01:07,340935264.0,0.03163219132945849,0.044494697075139644,0.05321705167604285,-0.0004789339650774771
ISBA,Isabella Bank Corp,2019-08-02,2019-07-01,2019-07-31,7,7,Barnes Jeffrey J; Bourland Jill; Evans Jae A; Opperman Sarah R; Schwind Jerome E; Varner Gregory V; Wheeler Peggy,19173,22.425714285714285,2019-07-01,2019-07-31,2019-07-03 18:26:45,2019-08-02 14:08:14,340935264.0,0.037375159089025,0.010920739598477058,-0.03346295015355105,-0.01517328444857835
ISBA,Isabella Bank Corp,2019-11-01,2019-10-01,2019-10-31,7,7,Barnes Jeffrey J; Bourland Jill; Evans Jae A; Opperman Sarah R; Schwind Jerome E; Varner Gregory V; Wheeler Peggy,21945,22.47714285714286,2019-10-01,2019-10-31,2019-10-03 20:04:24,2019-11-01 15:51:20,340935264.0,-0.011140448240341216,-0.011959238502791125,0.00725782148839782,-0.019514185879668133
ISBA,Isabella Bank Corp,2020-04-03,2020-03-18,2020-04-01,3,3,Opperman Sarah R; Schwind Jerome E; Wheeler Peggy,12700,17.566666666666666,2020-03-18,2020-04-01,2020-03-19 13:11:33,2020-04-03 09:27:33,340935264.0,-0.02333198202771225,-0.12871794220037758,-0.2197207020972105,-0.17669311326613668
ISBA,Isabella Bank Corp,2020-09-03,2020-08-04,2020-09-01,8,9,Bourland Jill; Evans Jae A; Hubscher G Charles; Opperman Sarah R; Rupp Vicki L; Schwind Jerome E; Varner Gregory V; Wheeler Peggy,20929,16.236666666666665,2020-08-04,2020-09-01,2020-08-05 15:47:13,2020-09-03 15:36:33,340935264.0,0.04723003591636288,0.06670526894850914,0.012666610303156745,0.21258644690345196
ISBA,Isabella Bank Corp,2020-11-03,2020-10-30,2020-11-02,9,9,Bourland Jill; Evans Jae A; Huber Julie; Matthews Gregory S; Opperman Sarah R; Rupp Vicki L; Schwind Jerome E; Tudor Rhonda S; Varner Gregory V,17100,15.74,2020-10-30,2020-11-02,2020-11-03 11:50:32,2020-11-03 11:52:49,340935264.0,-0.012792062289755934,0.013691203978363431,0.11073144381812305,0.09249902265658627
ISBA,Isabella Bank Corp,2021-02-04,2021-01-04,2021-02-02,8,16,Bourland Jill; Evans Jae A; Huber Julie; Matthews Gregory S; Opperman Sarah R; Rupp Vicki L; Schwind Jerome E; Varner Gregory V,48439,19.7925,2021-01-04,2021-02-02,2021-01-06 18:03:34,2021-02-04 13:39:59,340935264.0,-0.015346115941410998,-0.023202477309890224,0.10481854200668561,0.07183632512569527
ISBA,Isabella Bank Corp,2021-04-30,2021-04-01,2021-04-29,10,12,Bourland Jill; Evans Jae A; Gill Jennifer L; McGuirk Richard L; Opperman Sarah R; Payton Chad R; Rupp Vicki L; Schwind Jerome E; Smith Julie A; Varner Gregory V,21120,22.64833333333333,2021-04-01,2021-04-29,2021-04-05 17:14:10,2021-04-30 15:35:53,340935264.0,0.0198805752494966,-0.0004889154743252799,0.0030734249264232627,-0.0344192259091316
ISBA,Isabella Bank Corp,2021-08-26,2021-07-30,2021-08-23,10,12,Bourland Jill; Evans Jae A; Gill Jennifer L; McGuirk Richard L; Opperman Sarah R; Payton Chad R; Rupp Vicki L; Schwind Jerome E; Smith Julie A; Varner Gregory V,59737,22.6125,2021-07-30,2021-08-23,2021-08-03 17:00:58,2021-08-26 13:49:22,340935264.0,0.0035222377678263417,0.10109458664764959,0.18299902261544077,0.14871907122100558
ISBA,Isabella Bank Corp,2021-11-19,2021-10-28,2021-11-18,10,12,Bourland Jill; Evans Jae A; Gill Jennifer L; McGuirk Richard L; Opperman Sarah R; Payton Chad R; Rupp Vicki L; Schwind Jerome E; Smith Julie A; Varner Gregory V,33867,26.478333333333335,2021-10-28,2021-11-18,2021-11-01 17:40:05,2021-11-19 12:25:46,340935264.0,-0.002727895547819603,0.036562125047577054,-0.06753938709027152,-0.029166853867127807
ISBA,Isabella Bank Corp,2022-02-03,2022-01-05,2022-02-01,12,13,Bourland Jill; Catlin Jon D; Evans Jae A; Gill Jennifer L; Maness David J; McGuirk Richard L; Opperman Sarah R; Payton Chad R; Rupp Vicki L; Schwind Jerome E; Smith Julie A; Varner Gregory V,26945,24.673076923076923,2022-01-05,2022-02-01,2022-01-07 13:29:46,2022-02-03 17:42:49,340935264.0,0.01891334553567381,0.017557741555444983,-0.006339119844408159,0.07210543644768708
ISBA,Isabella Bank Corp,2022-05-03,2022-04-01,2022-04-29,10,10,Bourland Jill; Catlin Jon D; Evans Jae A; McGuirk Richard L; Opperman Sarah R; Payton Chad R; Rupp Vicki L; Schwind Jerome E; Smith Julie A; Varner Gregory V,36842,25.144,2022-04-01,2022-04-29,2022-04-05 16:33:55,2022-05-03 17:08:42,340935264.0,-0.005277859497666126,0.02702984534908348,0.05481569984117762,-0.02830593023126282
ISBA,Isabella Bank Corp,2022-08-01,2022-07-01,2022-07-29,10,10,Bourland Jill; Catlin Jon D; Evans Jae A; McGuirk Richard L; Opperman Sarah R; Payton Chad R; Rupp Vicki L; Schwind Jerome E; Varner Gregory V; Wheeler Peggy,23720,23.692,2022-07-01,2022-07-29,2022-07-06 10:05:01,2022-08-01 15:13:07,340935264.0,0.02006533228149543,-0.021374766054044758,0.02479753877111368,0.021007274776960738
ISBA,Isabella Bank Corp,2022-11-02,2022-10-03,2022-11-01,10,13,Bourland Jill; Catlin Jon D; Evans Jae A; McGuirk Richard L; Opperman Sarah R; Payton Chad R; Rupp Vicki L; Schwind Jerome E; Varner Gregory V; Wheeler Peggy,31442,21.466153846153848,2022-10-03,2022-11-01,2022-10-05 14:07:24,2022-11-02 21:58:38,340935264.0,0.056064968982240115,0.05027662660810284,0.04628630620538354,0.021157235454292378
ISBA,Isabella Bank Corp,2023-02-02,2023-01-03,2023-02-01,10,13,Bourland Jill; Catlin Jon D; Evans Jae A; McGuirk Richard L; Opperman Sarah R; Payton Chad R; Rupp Vicki L; Schwind Jerome E; Varner Gregory V; Wheeler Peggy,118914,22.28076923076923,2023-01-03,2023-02-01,2023-01-05 21:21:17,2023-02-02 19:56:01,340935264.0,-0.011164361738000061,0.01337886656327092,0.00833855737978828,-0.047015699882684614
ISBA,Isabella Bank Corp,2023-05-05,2023-04-03,2023-05-03,7,10,Bourland Jill; Catlin Jon D; Maness David J; McGuirk Richard L; Schwind Jerome E; Varner Gregory V; Wheeler Peggy,18002,22.719,2023-04-03,2023-05-03,2023-04-05 15:48:22,2023-05-05 11:06:33,340935264.0,0.028262702838286913,0.0886027204045452,0.05383915665031136,-0.005342397619546357
ISBA,Isabella Bank Corp,2023-07-06,2023-06-16,2023-07-03,6,7,Bourland Jill; Catlin Jon D; Payton Chad R; Schwind Jerome E; Varner Gregory V; Wheeler Peggy,2829,20.49857142857143,2023-06-16,2023-07-03,2023-06-16 14:41:36,2023-07-06 17:39:56,340935264.0,0.021856323472902117,-0.0315611683242194,-0.06244437982951123,0.01522893151428839
ISBA,Isabella Bank Corp,2023-09-20,2023-09-01,2023-09-18,4,4,Bourland Jill; Catlin Jon D; Schwind Jerome E; Wheeler Peggy,2300,19.38,2023-09-01,2023-09-18,2023-09-06 12:57:44,2023-09-20 21:06:27,340935264.0,0.050822418573579387,0.08765960102913706,0.12040274975041887,-0.0004757995194633047
ISBA,Isabella Bank Corp,2023-12-04,2023-11-16,2023-12-01,4,4,Bourland Jill; Catlin Jon D; Schwind Jerome E; Wheeler Peggy,1600,19.152500000000003,2023-11-16,2023-12-01,2023-11-17 13:22:27,2023-12-04 16:27:00,340935264.0,0.016451196611820262,0.012214606276744533,0.0484489773948491,-0.1254143540873348
ISBA,Isabella Bank Corp,2024-02-29,2024-01-29,2024-02-27,9,11,Bourland Jill; Catlin Jon D; Evans Jae A; McGuirk Richard L; Opperman Sarah R; Payton Chad R; Schwind Jerome E; Varner Gregory V; Wheeler Peggy,104230,20.94181818181818,2024-01-29,2024-02-27,2024-01-31 17:29:04,2024-02-29 09:39:35,340935264.0,0.0009220357539774238,-0.03599024716982169,-0.039935592209676796,-0.08515143683423665
ISBA,Isabella Bank Corp,2024-05-03,2024-04-01,2024-05-01,7,11,Bourland Jill; Catlin Jon D; McGuirk Richard L; Prisby Michael P; Schaefer William M; Schwind Jerome E; Wheeler Peggy,35313,17.810909090909092,2024-04-01,2024-05-01,2024-04-02 15:18:37,2024-05-03 13:50:35,340935264.0,-0.018471549103309837,-0.013242667361876403,-0.07235522343406098,0.013823347722748736
ISBA,Isabella Bank Corp,2024-07-18,2024-07-01,2024-07-16,5,5,Bourland Jill; Catlin Jon D; Schaefer William M; Schwind Jerome E; Wheeler Peggy,7600,17.612000000000002,2024-07-01,2024-07-16,2024-07-02 09:54:38,2024-07-18 15:43:46,340935264.0,0.022127941557478215,0.05578450377002142,8.630403161680178e-05,0.0762432827111239
ISBA,Isabella Bank Corp,2024-10-03,2024-09-03,2024-10-01,5,9,Bourland Jill; Catlin Jon D; Schaefer William M; Schwind Jerome E; Wheeler Peggy,28700,19.269999999999996,2024-09-03,2024-10-01,2024-09-04 17:51:45,2024-10-03 12:02:45,340935264.0,0.004120969386465667,-0.053689138361358246,0.004676230182869112,0.1571508927535601
ISBA,Isabella Bank Corp,2024-12-17,2024-11-18,2024-12-16,5,6,Bourland Jill; Catlin Jon D; Schaefer William M; Schwind Jerome E; Wheeler Peggy,5850,23.985,2024-11-18,2024-12-16,2024-11-20 11:09:47,2024-12-17 08:28:32,340935264.0,0.06549518122878539,0.06138073747599038,,
ISTR,Investar Holding Corp,2015-03-13,2015-02-05,2015-02-18,13,14,Baker James M; Besselman Thomas C Sr; Boyce James H III; Boyce Robert M Sr; Brignac John Emmett Jr; Freeman Robert L; Hidalgo William H; Joffrion Gordon H III; Lukinovich David J; Middleton Suzanne O; Nelson Andrew C; Schneider Carl R Jr; Walker Frank L.,112657,14.306428571428578,2015-02-05,2015-02-18,2015-02-20 17:11:41,2015-03-13 12:02:48,386357792.0,-0.007767829611506016,0.019879818915040426,-0.04299033905315652,-0.05349954470016183
ISTR,Investar Holding Corp,2016-03-03,2016-02-11,2016-03-01,4,8,Babin Dane M.; Finnan Ryan P; Joffrion Gordon H III; Nelson Andrew C,208439,14.50375,2016-02-11,2016-03-01,2016-02-12 09:46:07,2016-03-03 17:53:58,386357792.0,-0.01889386932800352,0.002796458778845601,-0.006883826130004822,-0.0055272245368296335
ISTR,Investar Holding Corp,2018-02-28,2017-10-30,2017-11-21,3,3,Baker James M; Jordan Robert Chris; Lukinovich David J,15457,23.153333333333332,2017-10-30,2017-11-21,2017-11-14 17:41:01,2018-02-28 09:38:16,386357792.0,-0.001528703111748353,0.020040702170182945,0.05654773202962049,0.0956296626598061
ISTR,Investar Holding Corp,2018-05-10,2018-04-30,2018-05-10,3,4,D'Angelo John J; Lukinovich David J; Nelson Andrew C,105606,25.65,2018-04-30,2018-05-10,2018-04-30 15:35:17,2018-05-10 16:06:42,386357792.0,-0.04408790560225451,-0.018624884066131275,0.018809099166649634,-0.0483087973386247
ISTR,Investar Holding Corp,2018-11-06,2018-10-30,2018-11-06,10,11,Baker James M; Besselman Thomas C Sr; Boyce Robert M Sr; Hidalgo William H; Joffrion Gordon H III; Jordan Robert Chris; Lukinovich David J; Middleton Suzanne O; Nelson Andrew C; Walker Frank L.,392983,25.30454545454546,2018-10-30,2018-11-06,2018-10-30 17:49:07,2018-11-06 14:16:20,386357792.0,-0.022003668915051344,-0.028781179393258305,-0.034765772694707375,-0.07173468201146005
ISTR,Investar Holding Corp,2019-03-21,2019-03-05,2019-03-15,3,3,D'Angelo John J; Jordan Robert Chris; Lukinovich David J,120908,23.44333333333333,2019-03-05,2019-03-15,2019-03-05 18:17:13,2019-03-21 10:46:27,386357792.0,-0.03437503158457589,0.0016941115126724027,-0.036801162749912075,-0.02003425803977943
ISTR,Investar Holding Corp,2022-03-16,2022-02-24,2022-03-15,3,5,Crochet Linda M; D'Angelo John J; Martin Jeffrey Wayne,52727,19.888,2022-02-24,2022-03-15,2022-02-25 15:43:14,2022-03-16 09:57:44,386357792.0,-0.03547398040453087,-0.06507414197062689,0.005726296401075803,0.2370727054838364
ISTR,Investar Holding Corp,2023-03-16,2023-03-14,2023-03-15,3,3,Crochet Linda M; D'Angelo John J; Nelson Andrew C,70214,16.03333333333333,2023-03-14,2023-03-15,2023-03-16 14:18:56,2023-03-16 14:24:51,386357792.0,-0.0304093326411633,-0.04749813567917638,-0.21497298363902917,-0.3262333792165323
ISTR,Investar Holding Corp,2023-11-16,2023-10-24,2023-11-14,3,5,Crochet Linda M; D'Angelo John J; Nelson Andrew C,71630,9.706,2023-10-24,2023-11-14,2023-10-26 15:24:18,2023-11-16 13:55:31,386357792.0,-0.010182976403592336,-0.0028543218070324894,0.3910798660234318,0.5127949236694254
IVR,Invesco Mortgage Capital Inc.,2015-03-09,2015-02-26,2015-03-09,4,5,Anzalone John; King Richard J.; Kuster Robson; Phegley Richard Lee Jr.,278785,15.798000000000002,2015-02-26,2015-03-09,2015-02-27 18:28:15,2015-03-09 16:31:28,696141568.0,0.010860064090822075,-0.0019937749368750257,0.02622309703810366,0.014332113810327618
IVR,Invesco Mortgage Capital Inc.,2016-08-29,2016-08-26,2016-08-26,4,4,Anzalone John; King Richard J.; Kuster Robson; Phegley Richard Lee Jr.,163797,15.38,2016-08-26,2016-08-26,2016-08-26 16:06:49,2016-08-29 16:16:52,696141568.0,0.017552033522590493,0.03948711618925138,-0.022932592931625195,-0.022638227274810352
IVR,Invesco Mortgage Capital Inc.,2017-03-09,2017-03-02,2017-03-08,3,3,Collins Kevin M; Lyle David B; Marshall Jason,247797,15.276666666666666,2017-03-02,2017-03-08,2017-03-03 16:43:35,2017-03-09 16:27:03,696141568.0,0.002620546710226046,0.01676603811899513,0.11113767145160658,0.08917457729509648
IVR,Invesco Mortgage Capital Inc.,2017-12-20,2017-05-09,2017-05-09,3,3,Anzalone John; Lyle David B; Marshall Jason,79406,15.573333333333332,2017-05-09,2017-05-09,2017-05-10 16:23:01,2017-12-20 16:48:17,696141568.0,0.0029047714871779373,0.022840383203845738,-0.10614761595982214,-0.0870581619210008
IVR,Invesco Mortgage Capital Inc.,2018-03-02,2018-02-23,2018-02-28,3,3,Lockhart Dennis P; Marshall Jason; Phegley Richard Lee Jr.,1039273,15.866666666666667,2018-02-23,2018-02-28,2018-02-26 16:30:27,2018-03-02 16:27:46,696141568.0,0.009117622958225047,0.0009920676884800361,0.0703892851143928,0.06803711236810783
IVR,Invesco Mortgage Capital Inc.,2019-05-14,2019-04-24,2019-05-13,4,5,Collins Kevin M; Lyle David B; Norris Brian; Phegley Richard Lee Jr.,210511,16.142,2019-04-24,2019-05-13,2019-04-30 17:43:43,2019-05-14 16:33:05,696141568.0,-0.004966822191993625,-0.01949268007357019,-0.028010232501139987,0.01657813498090488
JAMF,Jamf Holding Corp.,2020-07-23,2020-07-21,2020-07-21,9,9,Atkins Betsy S; Durand Andre Wong; Goodkind Ian; Hager Dean; Johnson Samuel Gfall; Klausmeyer Kevin; Lendino Jeff; Putman Jill; Strosahl John,1649934,26.0,2020-07-21,2020-07-21,2020-07-23 16:56:15,2020-07-23 16:59:30,1749694592.0,0.03105043997319268,0.061933375658455025,-0.07225223163139882,-0.19124665223658732
JANX,"Janux Therapeutics, Inc.",2021-06-16,2021-06-15,2021-06-15,7,7,"Avalon Ventures Xi, L.P.; Bregua Corp; Lichter Jay; Orbimed Advisors LLC; Ra Capital Management, L.P.; Reardon Tighe; Thompson Peter A.",107098946,17.0,2021-06-15,2021-06-15,2021-06-16 17:21:51,2021-06-16 18:22:15,808386496.0,0.010218915230065684,0.25036485417442733,0.6415027341269697,0.4391159323224565
JANX,"Janux Therapeutics, Inc.",2023-11-15,2023-11-13,2023-11-13,3,3,"Avalon Ventures Xi, L.P.; Lichter Jay; Reardon Tighe",14965929,5.87,2023-11-13,2023-11-13,2023-11-13 19:11:13,2023-11-15 16:48:17,808386496.0,0.05548063211003673,0.07962002537950541,0.224586741487927,-0.153546417181342
JBGS,Jbg Smith Properties,2020-09-16,2020-08-20,2020-09-14,3,3,Estes Scott A; Haldeman Charles E; Stewart Robert Alexander,1819677,27.2,2020-08-20,2020-09-14,2020-08-25 17:18:10,2020-09-16 16:15:51,910728640.0,0.0040770453718268485,-0.0214779368463196,-0.13031485785352293,0.06650812237923409
JCI,Johnson Controls International Plc,2018-01-11,2017-11-17,2017-11-24,3,3,Jackson William C; Oliver George; Tinggren Juergen,2161542,36.40333333333333,2017-11-17,2017-11-24,2017-11-24 16:05:05,2018-01-11 16:41:12,85432197120.0,0.0050831730584501855,-0.0270422394402281,-0.02198177729439499,-0.10176232247460781
JJSF,J&j Snack Foods Corp,2017-02-17,2016-09-24,2016-10-06,5,5,Fachner Dan; Moore Dennis G; Pape Robert Joseph; Radano Robert M; Shreiber Gerald B,139013,106.8,2016-09-24,2016-10-06,2016-12-12 10:21:48,2017-02-17 09:00:04,1642248192.0,0.006544039655219658,0.021065546773333166,0.02877392567097936,-0.012860123152021119
JNJ,Johnson & Johnson,2018-12-17,2018-12-14,2018-12-14,3,3,Mulcahy Anne M; Perez William D; Prince Charles,502691,134.01333333333332,2018-12-14,2018-12-14,2018-12-17 08:37:14,2018-12-17 08:37:22,594642599936.0,0.0012945240047281814,0.018673636737823518,-0.04176914891628525,-0.049653311916774356
JOE,St Joe Co,2017-12-14,2017-11-15,2017-12-13,3,8,Fairholme Capital Management LLC; Frank Howard S; Gonzalez Jorge Luis,20829772,18.68625,2017-11-15,2017-12-13,2017-11-17 19:13:58,2017-12-14 16:15:56,4215139072.0,-0.02277454062908213,-0.0347640026021252,-0.07493148492625712,0.002460315932795165
JOE,St Joe Co,2018-03-19,2018-03-06,2018-03-16,6,10,Alvarez Cesar L; Bakun Marek; Borick Kenneth; Fairholme Capital Management LLC; Gonzalez Jorge Luis; Murphy Patrick Wayne,1807880,19.262,2018-03-06,2018-03-16,2018-03-08 18:09:49,2018-03-19 16:39:48,4215139072.0,0.006750307619507567,0.017844522945300034,-0.07606905775682693,-0.09815157901142979
JOE,St Joe Co,2019-06-05,2019-05-06,2019-06-04,3,5,Bakun Marek; Gonzalez Jorge Luis; Walters Elizabeth J,107562,16.85,2019-05-06,2019-06-04,2019-05-07 17:55:03,2019-06-05 16:36:18,4215139072.0,0.0034936501838616074,-0.02240398019033507,0.04374670044851725,0.07736307736296855
JOE,St Joe Co,2020-03-17,2020-03-13,2020-03-16,3,3,Bakun Marek; Gonzalez Jorge Luis; Walters Elizabeth J,68491,17.48333333333333,2020-03-13,2020-03-16,2020-03-17 16:26:21,2020-03-17 16:30:47,4215139072.0,-0.015305458726716625,-0.0302891728908683,-0.13101135895963645,-0.11272065542684562
JRVR,"James River Group Holdings, Ltd.",2022-03-14,2022-03-03,2022-03-11,10,10,Abram J Adam; Brown Thomas Lynn; Cowell Janet Raye; D'Orazio Frank; Doran Sarah C.; Roberts Patricia H; Romann Gould Kirstin; Schmitzer Richard; Sherman Ollie L. Jr.; Srinivasan Sundar,2397218,20.763,2022-03-03,2022-03-11,2022-03-03 19:28:04,2022-03-14 07:02:38,306592160.0,-0.010252034544370403,-0.08158006957099073,0.10789144443235199,0.22106283496275647
JXN,Jackson Financial Inc.,2022-05-17,2022-05-13,2022-05-13,4,4,Chelko Carrie; Ganguly Devkumar Dilip; Myers Paul Chadwick; Prieskorn Laura Louene,978463,30.92,2022-05-13,2022-05-13,2022-05-17 18:40:17,2022-05-17 19:05:09,7846396416.0,0.04479115396212863,-0.0014577205073863508,-0.1246945437798046,-0.037724827233833746
KALA,"Kala Pharmaceuticals, Inc.",2017-07-27,2017-07-20,2017-07-25,6,6,"Cdk Associates, L.L.C.; Grunberg Gregory; Longitude Capital Partners Ii, LLC; Orbimed Advisors LLC; Ra Capital Management, LLC; Shah Rajeev M.",30464985,15.0,2017-07-20,2017-07-25,2017-07-20 18:07:01,2017-07-27 19:17:49,319603520.0,0.07533665132685474,0.051425200879055666,0.34221294103585687,-0.15544878686173524
KALA,"Kala Pharmaceuticals, Inc.",2020-03-17,2020-03-13,2020-03-16,4,4,"Bazemore Todd; Grunberg Gregory; Ra Capital Management, L.P.; Shah Rajeev M.",120057488,7.355,2020-03-13,2020-03-16,2020-03-13 18:45:51,2020-03-17 17:46:13,319603520.0,0.12498636984067435,0.2037712138067187,0.5109591559270181,0.8208713322375576
KALV,"Kalvista Pharmaceuticals, Inc.",2017-10-19,2017-10-12,2017-10-12,3,3,"Aldrich Richard; Ra Capital Management, LLC; Shah Rajeev M.",19316961,8.536666666666667,2017-10-12,2017-10-12,2017-10-16 16:31:07,2017-10-19 20:29:40,789027584.0,0.18862578001303443,0.37896983508017223,-0.04796364441885548,-0.008873631970466533
KD,"Kyndryl Holdings, Inc.",2021-11-30,2021-11-29,2021-11-29,3,3,Keinan Elly; Schroeter Martin J; Wyshner David B,1745693,17.0,2021-11-29,2021-11-29,2021-11-30 17:37:05,2021-11-30 17:39:35,2947790080.0,-0.0033935275640141205,0.16569888066384086,0.08507405031453752,0.02503364238205419
KD,"Kyndryl Holdings, Inc.",2022-05-16,2022-05-12,2022-05-13,3,3,Keinan Elly; Schroeter Martin J; Wyshner David B,1498734,11.073333333333332,2022-05-12,2022-05-13,2022-05-16 09:15:43,2022-05-16 09:16:01,2947790080.0,0.1462795947760518,0.16938042070723258,-0.07751767146910071,-0.05615208212189482
KD,"Kyndryl Holdings, Inc.",2022-11-09,2022-11-07,2022-11-09,3,3,Keinan Elly; Schroeter Martin J; Wyshner David B,1456469,9.333333333333334,2022-11-07,2022-11-09,2022-11-09 16:40:03,2022-11-09 16:41:41,2947790080.0,0.05479713829337318,0.07295574441888397,0.20344000439270293,0.34714852301192
KDP,Keurig Dr Pepper Inc.,2018-12-07,2018-11-09,2018-12-06,4,8,Cortes Fernando; Loucks Brian Andrew; Sceppaguercio-Gever Maria A.; Singer Robert S,2373909,26.700000000000003,2018-11-09,2018-12-06,2018-11-13 16:36:55,2018-12-07 16:43:40,40175755264.0,0.020228046060671745,0.032414964570147475,0.04461940090362415,0.002541411182852338
KDP,Keurig Dr Pepper Inc.,2019-03-15,2019-03-01,2019-03-14,4,5,Goudet Olivier; Harf Peter; Loucks Brian Andrew; Stephens Angela A.,5188422,26.038,2019-03-01,2019-03-14,2019-03-05 16:33:47,2019-03-15 16:40:57,40175755264.0,0.008222031334205848,0.014840741245524591,0.0012072180216360362,0.008676661479296133
KDP,Keurig Dr Pepper Inc.,2019-09-11,2019-08-12,2019-09-10,4,9,Denooyer Mary Beth; Loucks Brian Andrew; Sceppaguercio-Gever Maria A.; Singer Robert S,1675783,27.551111111111112,2019-08-12,2019-09-10,2019-08-13 17:33:58,2019-09-11 16:47:08,40175755264.0,0.007809991385506532,0.019125034929052154,0.012492307886289078,0.02934287793925683
KDP,Keurig Dr Pepper Inc.,2020-06-15,2020-05-22,2020-06-12,3,5,Arboleda Mauricio Leyva; Jab Holdings B.V.; Singer Robert S,203667084,28.103999999999996,2020-05-22,2020-06-12,2020-05-22 17:25:54,2020-06-15 16:21:22,40175755264.0,-0.01027088191310277,0.012487146422247353,0.04394256392931073,-0.0665130245518264
KDP,Keurig Dr Pepper Inc.,2021-03-17,2021-03-02,2021-03-15,3,3,Arboleda Mauricio Leyva; Singer Robert S; Whitmore Justin,2039377,31.756666666666664,2021-03-02,2021-03-15,2021-03-04 17:01:09,2021-03-17 17:30:35,40175755264.0,0.005322635846257695,0.026199527023477387,-0.005655991069684063,-0.03734295755758388
KDP,Keurig Dr Pepper Inc.,2023-03-16,2023-02-27,2023-03-15,5,9,Johnson Roger Frederick; Priyadarshi Sudhanshu Shekhar; Rotem-Wildeman Karin; Shoemaker Anthony; Singer Robert S,4795583,34.62555555555556,2023-02-27,2023-03-15,2023-03-01 17:31:09,2023-03-16 17:55:16,40175755264.0,-0.007365438089766085,-0.03704300463071042,-0.13077391008537353,-0.21919043209356226
KDP,Keurig Dr Pepper Inc.,2023-05-19,2023-05-03,2023-05-17,5,6,Johnson Roger Frederick; Rotem-Wildeman Karin; Shoemaker Anthony; Singer Robert S; Sudhanshu Priyadarshi,1752291,32.495,2023-05-03,2023-05-17,2023-05-05 08:18:54,2023-05-19 16:24:06,40175755264.0,0.002304685401783746,-0.016317925499698238,-0.05821069553892766,0.01646661350874168
KDP,Keurig Dr Pepper Inc.,2024-03-11,2024-03-05,2024-03-07,5,5,Gamgort Robert James; Goudet Olivier; Harf Peter; Rotem-Wildeman Karin; Sudhanshu Priyadarshi,17618577,29.101999999999997,2024-03-05,2024-03-07,2024-03-05 18:58:50,2024-03-11 16:57:55,40175755264.0,-0.0047405166182141745,0.007355760236514186,0.10638181708607419,0.15386278036717171
KEY,Keycorp /new/,2016-02-22,2016-02-02,2016-02-18,5,5,Carrabba Joseph A; Gillis Ruth Ann M; Manos Kristen L; Snyder Barbara R; Wilson David K,440359,10.676,2016-02-02,2016-02-18,2016-02-04 15:41:18,2016-02-22 14:19:15,22305083392.0,-0.0082083499307678,-0.015177256267215777,-0.05249735202318684,0.05134197119989592
KEY,Keycorp /new/,2016-05-23,2016-05-05,2016-05-23,3,3,Cooley Charles P; Cutler Alexander M; Gile Elizabeth R.,394260,12.046666666666669,2016-05-05,2016-05-23,2016-05-09 16:10:26,2016-05-23 16:09:21,22305083392.0,0.010052833036357178,0.012856488968362445,-0.15450103206928523,-0.07774268345382085
KEY,Keycorp /new/,2017-08-16,2017-07-25,2017-08-14,4,5,Broussard Bruce D; Cutler Alexander M; Gillis Ruth Ann M; Wilson David K,290540,18.1,2017-07-25,2017-08-14,2017-07-26 16:09:56,2017-08-16 17:05:08,22305083392.0,0.007173788452536467,-0.004931487405421264,0.026899895181781597,-0.05045137598607252
KEY,Keycorp /new/,2023-05-04,2023-04-21,2023-05-03,3,3,Alexander Victor B; Hipple Richard J; Paine Andrew J III,857507,10.756666666666668,2023-04-21,2023-05-03,2023-04-25 16:24:14,2023-05-04 17:17:38,22305083392.0,0.020181265674909188,-0.05624318590983135,-0.017517792464845305,0.16124653131677102
KFS,Kingsway Financial Services Inc,2015-03-03,2015-02-03,2015-02-27,3,9,Baqar Hassan; Hickey William August Jr; Swets Larry G Jr,12886,5.883333333333333,2015-02-03,2015-02-27,2015-02-04 10:34:19,2015-03-03 11:12:56,346787744.0,-0.03244466210191743,-0.04842664173238098,-0.03951696502705304,0.028962525893578617
KFS,Kingsway Financial Services Inc,2015-05-04,2015-04-17,2015-04-30,3,6,Baqar Hassan; Hickey William August Jr; Swets Larry G Jr,8574,5.739999999999999,2015-04-17,2015-04-30,2015-04-21 13:01:39,2015-05-04 13:37:08,346787744.0,0.015545610009965571,0.047154048875246435,0.0315915869155754,-0.0603704164559592
KFS,Kingsway Financial Services Inc,2015-09-02,2015-09-01,2015-09-02,3,3,Baqar Hassan; Hickey William August Jr; Swets Larry G Jr,4298,5.17,2015-09-01,2015-09-02,2015-09-02 11:40:31,2015-09-02 12:04:41,346787744.0,-0.06048755849292009,-0.0892366543573444,-0.18298603667408797,-0.16446814643021435
KFS,Kingsway Financial Services Inc,2016-07-01,2016-06-02,2016-07-01,4,26,Baqar Hassan; Fitzgerald John Taylor Maloney; Hickey William August Jr; Swets Larry G Jr,419490,5.201153846153845,2016-06-02,2016-07-01,2016-06-02 18:52:38,2016-07-01 16:13:38,346787744.0,0.0032457713634720387,-0.014988638448604874,-0.014218154169863384,0.04021753949227991
KFS,Kingsway Financial Services Inc,2016-08-31,2016-08-16,2016-08-31,4,11,Baqar Hassan; Fitzgerald John Taylor Maloney; Hickey William August Jr; Swets Larry G Jr,26084,5.588181818181819,2016-08-16,2016-08-31,2016-08-16 14:22:03,2016-08-31 17:59:20,346787744.0,-0.0024930298319190136,0.015297116280292844,0.02148113731001422,0.015757289353002912
KFS,Kingsway Financial Services Inc,2016-11-21,2016-10-28,2016-11-21,5,10,Baqar Hassan; Fitzgerald John Taylor Maloney; Hickey William August Jr; Schaevitz Gary; Swets Larry G Jr,183007,5.6530000000000005,2016-10-28,2016-11-21,2016-10-28 14:48:20,2016-11-21 16:56:55,346787744.0,0.07304970058130222,0.07153928271444188,0.10452637874586124,0.04617234836312001
KFS,Kingsway Financial Services Inc,2017-03-20,2017-02-15,2017-03-17,6,11,Baqar Hassan; Fitzgerald John Taylor Maloney; Hickey William August Jr; Schaevitz Gary; Stilwell Joseph; Swets Larry G Jr,139231,5.771818181818182,2017-02-15,2017-03-17,2017-02-17 11:35:45,2017-03-20 18:17:44,346787744.0,0.022542727027053178,0.014385998605303651,0.009900290345012719,0.029926540192072526
KFS,Kingsway Financial Services Inc,2017-07-03,2017-05-31,2017-06-30,4,14,Fitzgerald John Taylor Maloney; Hickey William August Jr; Stilwell Joseph; Swets Larry G Jr,137242,6.133571428571429,2017-05-31,2017-06-30,2017-05-31 16:53:34,2017-07-03 10:30:32,346787744.0,0.004252684417363595,0.023180499883472372,-0.03766075523142032,-0.0392511310573368
KFS,Kingsway Financial Services Inc,2017-09-15,2017-08-15,2017-09-13,6,34,Baqar Hassan; Fitzgerald John Taylor Maloney; Hickey William August Jr; Schaevitz Gary; Stilwell Joseph; Swets Larry G Jr,330224,5.812058823529411,2017-08-15,2017-09-13,2017-08-15 15:17:48,2017-09-15 15:10:25,346787744.0,-0.006837244258509068,-0.01075398385076054,-0.11121302921808851,-0.2129980668835032
KFS,Kingsway Financial Services Inc,2017-11-16,2017-10-31,2017-11-15,6,11,Baqar Hassan; Fitzgerald John Taylor Maloney; Hickey William August Jr; Schaevitz Gary; Stilwell Joseph; Swets Larry G Jr,67524,5.507272727272728,2017-10-31,2017-11-15,2017-10-31 16:25:12,2017-11-16 13:06:08,346787744.0,0.0036370047938680816,-0.007946712408573697,-0.13600753502982932,-0.018120353231687147
KFS,Kingsway Financial Services Inc,2018-01-30,2018-01-12,2018-01-30,4,8,Baqar Hassan; Fitzgerald John Taylor Maloney; Hickey William August Jr; Swets Larry G Jr,12500,5.5,2018-01-12,2018-01-30,2018-01-12 17:28:32,2018-01-30 15:01:17,346787744.0,0.018615194245930278,0.04577336123769038,-0.19713913064850064,-0.24010267774973715
KFS,Kingsway Financial Services Inc,2021-08-30,2021-07-30,2021-08-26,3,7,Fitzgerald John Taylor Maloney; Hansen Kent A; Stilwell Joseph,139794,5.3428571428571425,2021-07-30,2021-08-26,2021-08-02 16:45:00,2021-08-30 16:02:15,346787744.0,0.03836644321674054,0.0010649726500617795,0.08075410006156103,-0.03004255234012909
KFS,Kingsway Financial Services Inc,2021-11-16,2021-10-15,2021-11-12,3,5,Fitzgerald John Taylor Maloney; Hansen Kent A; Stilwell Joseph,103531,5.564,2021-10-15,2021-11-12,2021-10-18 17:00:10,2021-11-16 16:04:25,346787744.0,0.018590772923448906,-0.014422834206598512,-0.027739779049252733,-0.00045647821391214816
KFS,Kingsway Financial Services Inc,2022-01-19,2021-12-16,2022-01-14,3,8,Fitzgerald John Taylor Maloney; Hansen Kent A; Stilwell Joseph,387965,5.483750000000001,2021-12-16,2022-01-14,2021-12-17 16:00:38,2022-01-19 16:54:04,346787744.0,0.01947101218113878,0.026371677612817335,0.0902972995152801,0.03798538049058553
KFS,Kingsway Financial Services Inc,2022-03-22,2022-02-17,2022-03-18,3,11,Fitzgerald John Taylor Maloney; Hansen Kent A; Stilwell Joseph,472972,5.414545454545454,2022-02-17,2022-03-18,2022-02-18 16:06:22,2022-03-22 16:03:07,346787744.0,-0.0004872163509748173,-0.03498498612145151,0.05990497017631102,0.13682390740627814
KFS,Kingsway Financial Services Inc,2022-06-06,2022-05-03,2022-06-02,4,15,Fitzgerald John Taylor Maloney; Frischer Charles L; Hansen Kent A; Stilwell Joseph,838372,5.436666666666667,2022-05-03,2022-06-02,2022-05-04 16:19:45,2022-06-06 16:02:25,346787744.0,-0.014518111920814758,0.0606429995829213,0.14907387908204306,0.32955235131344907
KFS,Kingsway Financial Services Inc,2022-12-16,2022-11-16,2022-12-16,3,9,Fitzgerald John Taylor Maloney; Frischer Charles L; Hansen Kent A,169564,7.228888888888889,2022-11-16,2022-12-16,2022-11-16 16:00:45,2022-12-16 16:05:43,346787744.0,0.002254588226306309,0.03480309523325631,0.0773765679133982,0.2311143458639302
KFS,Kingsway Financial Services Inc,2023-03-31,2023-03-01,2023-03-31,4,8,Fitzgerald John Taylor Maloney; Hannon Gregory Paul; Hansen Kent A; Kavanagh Terence Michael,279284,9.16,2023-03-01,2023-03-31,2023-03-01 16:01:33,2023-03-31 16:05:41,346787744.0,-0.04492511210690864,-0.009021423941181883,-0.08823032942021358,-0.141171098198267
KFS,Kingsway Financial Services Inc,2023-05-31,2023-05-04,2023-05-30,3,7,Fitzgerald John Taylor Maloney; Frischer Charles L; Hansen Kent A,117246,8.464285714285714,2023-05-04,2023-05-30,2023-05-05 16:43:54,2023-05-31 16:06:37,346787744.0,0.05492058432736879,0.08655549175583666,-0.08915917076536506,0.04582534072142175
KFS,Kingsway Financial Services Inc,2023-09-14,2023-08-15,2023-09-13,3,6,Fitzgerald John Taylor Maloney; Frischer Charles L; Hansen Kent A,75391,8.606666666666667,2023-08-15,2023-09-13,2023-08-16 16:20:21,2023-09-14 16:15:32,346787744.0,0.00352962604396434,0.00274372184594851,-0.028407471380500704,-0.06080172494650704
KFY,Korn Ferry International,2016-06-30,2016-06-20,2016-06-29,3,5,Burnison Gary D; Kaye Stephen D; Rozek Robert P,527168,20.672000000000004,2016-06-20,2016-06-29,2016-06-22 17:18:13,2016-06-30 20:20:04,3272864768.0,0.054194821191041465,0.05885997082099692,0.1431058576633939,0.030537948020138428
KGS,"Kodiak Gas Services, Inc.",2023-07-05,2023-07-03,2023-07-03,10,10,Battle Kelly Michelle; Bonno Terry; Drumgoole Christopher; Duplantier Jon-Al; Griggs John; Hamilton Ewan William; Hogan Randall J; Lenamon William Chad; McKee Robert Michael; Roclawski Cory Anne,766400,16.0,2023-07-03,2023-07-03,2023-07-05 19:26:03,2023-07-05 19:53:13,4945991680.0,0.018111227023928977,0.005666820612478585,0.2093509988821194,0.18446122966660572
KGS,"Kodiak Gas Services, Inc.",2023-09-05,2023-08-15,2023-09-01,4,4,Bonno Terry; Hamilton Ewan William; McKee Robert Michael; Montana Margaret C,471562,18.85,2023-08-15,2023-09-01,2023-08-16 10:42:02,2023-09-05 16:59:50,4945991680.0,-0.018205526946217354,-0.006873142126717746,-0.03147473040742099,-0.020043800378187315
KMI,"Kinder Morgan, Inc.",2015-11-23,2015-10-30,2015-11-13,8,9,Dang Kimberly A; Deveau David R; Kean Steven J; Kinder Richard D; Martin Thomas A; McClain Ronald G.; Morgan Michael C; Sanders Dax,7035097,25.844444444444445,2015-10-30,2015-11-13,2015-11-02 08:19:53,2015-11-23 09:17:04,75554422784.0,0.04341749211223633,-0.048015815106990045,-0.32337682102185983,-0.1640486740425492
KMI,"Kinder Morgan, Inc.",2021-12-10,2021-12-08,2021-12-08,3,3,Hultquist Gary; Macdonald Deborah; Vagt Robert F,471913,16.28333333333333,2021-12-08,2021-12-08,2021-12-10 09:57:15,2021-12-10 14:04:13,75554422784.0,-0.005468641152066356,-0.015178388157516376,0.1581545191588708,0.2431512319954493
KMPR,Kemper Corp,2023-12-11,2023-11-20,2023-12-11,4,4,Cochran George N; Lacher Joseph P Jr; Paracchini Alberto J; Parker Stuart B.,691718,43.7175,2023-11-20,2023-12-11,2023-11-21 17:15:22,2023-12-11 18:00:54,1872408192.0,0.014218911787923671,-0.0055557974634099505,0.24805800774936815,0.1139624461840758
KMT,Kennametal Inc,2016-02-11,2016-02-09,2016-02-09,3,3,Davis Cindy L; Defeo Ronald M; Dur Philip A,362048,17.476666666666667,2016-02-09,2016-02-09,2016-02-11 08:27:46,2016-02-11 09:06:28,3091385088.0,0.042630420611585285,0.11299863302992041,0.1677775561246062,0.20513418081805646
KN,Knowles Corp,2015-06-02,2015-05-08,2015-05-29,4,4,Anderson John S.; Dickinson Paul M; Giesecke Daniel J.; Wynn James F.,246662,18.73,2015-05-08,2015-05-29,2015-05-08 16:03:39,2015-06-02 15:02:38,2236088576.0,0.04016536794954084,-0.033867619685536754,-0.018077831209605155,-0.15203620543597218
KN,Knowles Corp,2015-11-13,2015-10-29,2015-11-13,3,3,Eul Hermann; Lochridge Richard K; Macleod Donald,357137,16.133333333333333,2015-10-29,2015-11-13,2015-11-02 17:58:30,2015-11-13 15:25:26,2236088576.0,0.03645223002719167,0.0073988317028499395,-0.12891303444237112,-0.14411356801342723
KN,Knowles Corp,2016-02-19,2016-02-16,2016-02-18,4,4,Hirsch Didier; Jankov Ronald Steven; Niew Jeffrey; Walker Gordon A.,255395,10.93,2016-02-16,2016-02-18,2016-02-17 16:09:09,2016-02-19 16:13:04,2236088576.0,0.04460729357840565,0.013236910573325433,0.07764440175399323,0.04150778946042877
KN,Knowles Corp,2018-05-03,2018-04-02,2018-05-01,3,4,Hirsch Didier; Niew Jeffrey; Polacek Michael S.,149131,12.555,2018-04-02,2018-05-01,2018-04-02 21:24:05,2018-05-03 16:14:13,2236088576.0,0.029783873137425587,0.042812960287897495,0.17832736951131922,0.29217555894196257
KNSA,"Kiniksa Pharmaceuticals, Ltd.",2018-05-31,2018-05-29,2018-05-29,3,3,"Baker Bros. Advisors LP; Cormorant Asset Management, LP; Flynn James E",71246826,18.323333333333338,2018-05-29,2018-05-29,2018-05-31 16:10:36,2018-05-31 16:19:52,3438853632.0,0.03125238681165099,-0.00815836623067101,-0.09183705759666938,-0.04427612686909432
KNSL,"Kinsale Capital Group, Inc.",2016-09-09,2016-08-02,2016-08-02,5,5,Bensinger Steven J; Kenney William J. Jr.; Lippincott Robert III; Marson Ann Marie; Ritchie James Joseph,571728,16.0,2016-08-02,2016-08-02,2016-09-09 19:08:47,2016-09-09 19:14:43,9142293504.0,-0.02055641888005344,-0.04998170138439317,0.07275030549399952,0.31081319319666734
KODK,Eastman Kodak Co,2015-11-09,2015-10-30,2015-11-05,3,5,Blackstone Group L.P.; Clarke Jeff; Gso Capital Partners LP,7999040,12.858,2015-10-30,2015-11-05,2015-11-03 16:30:18,2015-11-09 16:16:20,648772032.0,-0.04796075262298316,-0.06428743368220025,-0.059255643703419625,-0.2739207251780694
KODK,Eastman Kodak Co,2017-05-18,2017-04-24,2017-05-17,3,4,Clarke Jeff; Karfunkel George; Marx Moses,14046862,10.2025,2017-04-24,2017-05-17,2017-04-26 14:42:56,2017-05-18 16:51:33,648772032.0,0.04263235427191914,-0.00923125765334798,-0.06227357050679838,-0.22608860759880034
KODK,Eastman Kodak Co,2017-08-21,2017-08-16,2017-08-18,3,4,Bullwinkle David E; Clarke Jeff; Engelberg Jeffrey D.,117303,7.2175,2017-08-16,2017-08-18,2017-08-17 16:41:09,2017-08-21 16:25:21,648772032.0,0.039111892726214625,0.03550187669238625,-0.03979528783646891,-0.5851400849998566
KODK,Eastman Kodak Co,2022-03-25,2022-03-18,2022-03-23,3,3,Kennedy Lewis Investment Management LLC; Kennedy Lewis Management LP; Sileck Michael,31080160,5.996666666666666,2022-03-18,2022-03-23,2022-03-22 21:48:15,2022-03-25 16:45:00,648772032.0,-0.00475318018469939,-0.08981915333718526,-0.17789188235423814,-0.03116928282550613
KOP,Koppers Holdings Inc.,2015-03-04,2015-03-02,2015-03-03,4,4,Ball M Leroy; Neupaver Albert J; Sullivan James A.; Tritch Stephen R,497034,17.080000000000002,2015-03-02,2015-03-03,2015-03-03 10:03:49,2015-03-04 15:14:51,724151360.0,0.039551310899700654,0.09282466606771189,0.2882337726724269,0.46499138608973967
KOP,Koppers Holdings Inc.,2016-06-01,2016-05-19,2016-05-31,3,3,Neupaver Albert J; Reeder Stephen C; Testoni Louis L,184553,24.55666666666667,2016-05-19,2016-05-31,2016-05-20 13:59:22,2016-06-01 10:55:03,724151360.0,0.03757167940216388,0.1483541474417751,0.2693387048635416,0.2503126108145801
KOP,Koppers Holdings Inc.,2018-12-04,2018-11-12,2018-12-03,4,6,Ball M Leroy; Dowd Joseph P; Johnson R. Michael; Neupaver Albert J,1971390,20.001666666666665,2018-11-12,2018-12-03,2018-11-13 13:20:34,2018-12-04 14:44:47,724151360.0,-0.021301912224500952,0.004460192006647046,0.18363695085621512,0.41904185238305103
KREF,Kkr Real Estate Finance Trust Inc.,2023-05-15,2023-04-27,2023-05-12,3,3,Lee Christen E.J.; Mattson W Patrick; Salem Matthew A,454000,10.49,2023-04-27,2023-05-12,2023-05-01 19:05:39,2023-05-15 18:32:57,472173376.0,0.024047737467818298,0.07557611432538192,0.16749062635259193,0.16888811965931771
KRG,Kite Realty Group Trust,2018-02-15,2018-02-05,2018-02-13,4,4,Bindley William E; Daniels Lee A; Peterson Barton R; Wurtzebach Charles H,1817967,14.85,2018-02-05,2018-02-13,2018-02-07 16:27:15,2018-02-15 16:24:51,5759671808.0,0.04432001224189874,0.008330337426154077,0.06913754815534212,0.011110520542125135
KRNY,Kearny Financial Corp.,2016-08-23,2016-08-09,2016-08-23,3,5,McGovern John F; Montanaro Leopold W; Petermann Christopher,90521,13.412,2016-08-09,2016-08-23,2016-08-11 14:06:07,2016-08-23 13:03:41,489227392.0,0.005320879140504831,0.008320874462305228,0.01565644256353138,0.1078610891930365
KRNY,Kearny Financial Corp.,2023-03-21,2023-03-10,2023-03-17,3,3,Mazur John J Jr; McGovern John F; Regan John F,167165,8.803333333333333,2023-03-10,2023-03-17,2023-03-13 10:36:58,2023-03-21 08:15:48,489227392.0,-0.01097634630406008,-0.03728181138261344,-0.17580224899992936,-0.22305919917868844
KRO,Kronos Worldwide Inc,2015-09-08,2015-08-21,2015-09-04,3,10,Feehan Loretta J.; O Brien Bobby D; Watson Steven L,635858,7.019999999999999,2015-08-21,2015-09-04,2015-08-24 15:23:37,2015-09-08 12:48:18,638544832.0,-0.0007847643960570139,-0.021360983342653794,0.11466539255314157,-0.1611222731036771
KRO,Kronos Worldwide Inc,2019-08-27,2019-08-09,2019-08-27,4,5,Feehan Loretta J.; Graham Robert D; Moore Cecil H Jr; Nace Andrew B,177312,10.518,2019-08-09,2019-08-27,2019-08-12 14:54:05,2019-08-27 17:25:03,638544832.0,0.043956963922285874,0.08245243065401375,0.1464389656136944,0.3390056734129623
KROS,"Keros Therapeutics, Inc.",2020-04-13,2020-04-13,2020-04-13,8,8,Arkin Bio Ventures Limited Partnership; Gordon Carl L; Kariv Tomer; Lazarus Alon; Nussbaum Ran; Orbimed Advisors LLC; Pontifax Management 4 G.P. (2015) Ltd.; Seehra Jasbir,37166352,16.0,2020-04-13,2020-04-13,2020-04-13 17:12:09,2020-04-13 17:29:33,408245312.0,0.25436171659632567,0.2859139265029471,0.16555842041651414,0.4532858485369766
KROS,"Keros Therapeutics, Inc.",2020-11-19,2020-11-17,2020-11-17,3,3,Kariv Tomer; Nussbaum Ran; Pontifax Management 4 G.P. (2015) Ltd.,9000000,50.0,2020-11-17,2020-11-17,2020-11-19 16:38:21,2020-11-19 16:40:37,408245312.0,0.03927136578827517,0.08761412798779689,-0.04333070517809423,-0.1679877555278254
KRP,"Kimbell Royalty Partners, LP",2017-02-09,2017-02-08,2017-02-08,4,4,Adams William H III; Collins Ted Jr; Martin T Scott; McInnis Jeff,436968,15.16,2017-02-08,2017-02-08,2017-02-09 16:41:08,2017-02-09 16:46:52,1568691968.0,0.0007090479359479485,-0.036032665530298935,-0.035203264358863895,-0.0751133565442863
KRP,"Kimbell Royalty Partners, LP",2017-06-26,2017-06-20,2017-06-22,3,3,Adams William H III; Taylor Brett G.; Wynne Mitch S.,183561,16.053333333333335,2017-06-20,2017-06-22,2017-06-22 19:52:25,2017-06-26 18:14:20,1568691968.0,-0.00798140868495023,0.023476248566895896,-0.015183943175496317,-0.03305966720056164
KRP,"Kimbell Royalty Partners, LP",2018-12-03,2018-11-26,2018-11-29,5,5,Adams William H III; Alcorn Peter; Daugbjerg Erik B; McInnis Jeff; Taylor Brett G.,485502,16.744,2018-11-26,2018-11-29,2018-11-28 20:04:47,2018-12-03 17:22:13,1568691968.0,0.0037430586885847106,-0.05328982030129037,-0.12292212553579485,-0.03027633535765173
KRP,"Kimbell Royalty Partners, LP",2019-09-17,2019-08-12,2019-09-10,5,5,Adams William H III; Martin T Scott; Ravnaas Robert Davis; Taylor Brett G.; Wynne Mitch S.,460983,14.675999999999998,2019-08-12,2019-09-10,2019-08-14 20:22:21,2019-09-17 17:46:58,1568691968.0,-0.052290531116767514,-0.0458871375433173,-0.11961297434516505,0.061123470821686565
KRT,Karat Packaging Inc.,2022-12-20,2022-11-17,2022-12-16,3,9,Cheng Marvin; Guo Jian; Yu Alan,1118326,13.745555555555557,2022-11-17,2022-12-16,2022-11-17 20:24:17,2022-12-20 21:21:10,481383136.0,0.01289401367300469,0.05306949070388045,0.05435579132478341,-0.028813343792537527
KRYS,"Krystal Biotech, Inc.",2017-09-25,2017-09-22,2017-09-22,3,3,Janney Daniel; Krishnan Krish S; Krishnan Suma,4000000,10.0,2017-09-22,2017-09-22,2017-09-25 17:22:04,2017-09-25 17:28:35,7711450624.0,-0.019431628716976346,-0.01949814505089298,-0.05661121524618018,-0.2624386321238158
KRYS,"Krystal Biotech, Inc.",2018-06-07,2018-05-09,2018-06-05,3,3,Krishnan Suma; Norby R Douglas; Riley Antony A,399489,10.73,2018-05-09,2018-06-05,2018-05-11 16:27:10,2018-06-07 16:08:37,7711450624.0,0.10638879432502191,0.13817712435333473,0.45954271139617253,0.269243243639522
KSS,Kohls Corp,2022-08-24,2022-08-19,2022-08-24,3,3,Boneparth Peter; Prising Jonas; Schlifske John E.,1146791,29.656666666666663,2022-08-19,2022-08-24,2022-08-22 16:02:23,2022-08-24 17:37:05,1725469824.0,0.03709355771408451,0.027418155178492443,0.05598593670336316,0.14831936445990013
KTOS,"Kratos Defense & Security Solutions, Inc.",2016-11-28,2016-11-23,2016-11-23,5,5,Anderson Scott I; Carano Bandel L; Jarvis Scot B; Judd Jane Elizabeth; Lund Deanna H,5412990,6.0,2016-11-23,2016-11-23,2016-11-28 08:01:39,2016-11-28 08:58:24,16612099072.0,0.019799156265300044,0.10035883935830492,0.03410882239332791,0.11107318736854888
KTOS,"Kratos Defense & Security Solutions, Inc.",2018-03-20,2018-03-05,2018-03-19,4,4,Carrai Phillip D; Jarvis Scot B; Judd Jane Elizabeth; Zegart Amy,184962,10.302499999999998,2018-03-05,2018-03-19,2018-03-06 17:17:28,2018-03-20 09:05:13,16612099072.0,0.03992148744245716,0.06124153449951175,0.09132906975571731,0.2045153175671346
KTOS,"Kratos Defense & Security Solutions, Inc.",2020-03-16,2020-03-12,2020-03-16,3,3,Anderson Scott I; Cervantes De Burgreen Maria; Jarvis Scot B,281001,11.87,2020-03-12,2020-03-16,2020-03-16 19:52:35,2020-03-16 20:15:29,16612099072.0,-0.06489596266168507,-0.03041200923700882,0.07959851449263367,0.19868534577675678
KW,"Kennedy-Wilson Holdings, Inc.",2015-05-14,2015-05-11,2015-05-13,3,3,Enbody Justin; McMorrow William J; Windisch Matthew,544308,24.636666666666667,2015-05-11,2015-05-13,2015-05-12 16:35:53,2015-05-14 19:26:33,1506796544.0,0.040701167196835364,0.043406224394303417,0.02955871555735068,0.03416956931442661
KW,"Kennedy-Wilson Holdings, Inc.",2015-08-26,2015-08-26,2015-08-26,3,3,Enbody Justin; Windisch Matthew; Zax Stanley R,609864,22.49333333333333,2015-08-26,2015-08-26,2015-08-26 18:00:00,2015-08-26 18:02:10,1506796544.0,-0.017677621631901896,-0.012677186394295603,-0.04088308185792289,-0.023617370256583614
KW,"Kennedy-Wilson Holdings, Inc.",2016-03-08,2016-03-03,2016-03-08,3,6,McMorrow William J; Mouton Kent Y; Windisch Matthew,2381288,20.820000000000004,2016-03-03,2016-03-08,2016-03-07 18:03:37,2016-03-08 16:43:29,1506796544.0,0.0036670218024504875,-0.02727134007373433,0.0033679283851704156,-0.04497636245423142
KYTX,"Kyverna Therapeutics, Inc.",2024-02-14,2024-02-12,2024-02-12,4,4,"Bain Capital Life Sciences Investors, LLC; Gilead Sciences, Inc.; Northpond Ventures III Gp, LLC; Vida Ventures, LLC",45388992,22.0,2024-02-12,2024-02-12,2024-02-12 17:51:02,2024-02-14 19:04:56,478044992.0,-0.014703627463577451,-0.11299127157431965,-0.22588202754673326,-0.5862148560712566
LADR,Ladder Capital Corp,2018-05-17,2018-05-07,2018-05-16,3,3,Fishman Alan H; Harney Thomas; McCormack Pamela,452004,14.74,2018-05-07,2018-05-16,2018-05-08 17:00:54,2018-05-17 16:32:35,1320322816.0,0.029307833681018303,0.025240143234316337,0.06085334997520864,0.10250284499614204
LAND,Gladstone Land Corp,2015-06-17,2015-06-15,2015-06-15,3,3,Adelgren Paul W; Parrish Lewis; Wilkinson Walter H,66560,11.066666666666668,2015-06-15,2015-06-15,2015-06-16 15:32:44,2015-06-17 13:22:40,498089696.0,-0.01841400921508718,-0.02520171861292575,-0.11459418567692858,-0.10051040363815744
LAND,Gladstone Land Corp,2015-12-22,2015-12-14,2015-12-15,3,3,Dellafiora John; Gladstone David; Parrish Lewis,446597,8.456666666666665,2015-12-14,2015-12-15,2015-12-15 12:03:09,2015-12-22 12:15:27,498089696.0,0.0038844258810735166,0.011603279848970693,0.06610310471279512,0.17078418148074137
LAND,Gladstone Land Corp,2016-09-12,2016-08-22,2016-09-09,3,3,Adelgren Paul W; Merrick Caren D; Parrish Lewis,58649,11.336666666666666,2016-08-22,2016-09-09,2016-08-23 13:33:51,2016-09-12 15:46:29,498089696.0,-0.005089195483255704,-0.00017871554162707248,-0.05806756573180272,-0.07235371341725905
LAND,Gladstone Land Corp,2017-03-16,2017-03-13,2017-03-15,5,5,Adelgren Paul W; Beckhorn Jay; English Michela A; Gladstone David; Parrish Lewis,245657,11.066,2017-03-13,2017-03-15,2017-03-15 15:38:42,2017-03-16 15:10:30,498089696.0,0.027249327543205415,0.0392225169273267,0.014342766250094563,0.016332986373506442
LAUR,"Laureate Education, Inc.",2017-03-17,2017-02-01,2017-02-06,4,4,"Cohen Steven A/sac Capital Mgmt LP; Kkr 2006 Fund (Overseas), Limited Partnership; Kkr Fund Holdings L.P.; Munoz George",108040595,13.47,2017-02-01,2017-02-06,2017-02-03 17:39:32,2017-03-17 18:02:35,4799813632.0,0.06622024309193553,0.04601829450278161,0.04581156061263103,0.3402555985651654
LB,Landbridge Co LLC,2024-07-03,2024-07-01,2024-07-01,3,3,Chase Valerie; Daul Ty P.; Watson Charles L.,2198525,17.0,2024-07-01,2024-07-01,2024-07-03 21:01:06,2024-07-03 21:04:03,5836269568.0,0.15729956351844665,0.21130163767796728,0.37933188833106546,0.5863766789717868
LC,Lendingclub Corp,2023-11-02,2023-10-31,2023-10-31,12,12,Ahmad Syed Faiz; Cutler Stephen M; Labenne Andrew; Landon Allan R; Mayopoulos Timothy J; Morris John C.; Reimann Kathryn; Sanborn Scott; Selleck Erin; Stack Fergal; Whiteside Janey; Zeisser Michael P,623109,5.192500000000001,2023-10-31,2023-10-31,2023-11-02 17:05:32,2023-11-02 18:08:34,1713379328.0,0.10487068204322125,-0.011213394835399182,0.4660307166635762,0.5709846221368664
LCII,Lci Industries,2018-06-06,2018-05-08,2018-06-04,5,5,Gero James; Henkels Virginia; Lippert Jason; Mereness Scott T; O'Sullivan Kieran M,1976041,87.22999999999999,2018-05-08,2018-06-04,2018-05-10 15:44:26,2018-06-06 16:00:16,3282918656.0,0.06911622032237674,0.04708665499177367,0.11676371130110952,0.02078153047179776
LCII,Lci Industries,2022-04-01,2022-03-08,2022-03-31,4,4,Gero James; Lippert Jason; O'Sullivan Kieran M; Schnur Jamie,2966138,108.3275,2022-03-08,2022-03-31,2022-03-10 16:12:20,2022-04-01 16:13:10,3282918656.0,0.021905325994414415,-0.015359909972572527,0.2108547340165502,0.2584266450443604
LDOS,"Leidos Holdings, Inc.",2016-03-15,2016-03-03,2016-03-14,4,4,Krone Roger A; Nussdorf Lawrence C; Reagan James; Shapard Robert S,655251,46.37499999999999,2016-03-03,2016-03-14,2016-03-04 16:54:52,2016-03-15 17:29:52,23097036800.0,0.012045958772442189,0.028937821853121104,0.039894746911058876,-0.0007180666968045202
LDOS,"Leidos Holdings, Inc.",2023-05-22,2023-05-04,2023-05-22,4,4,Bell Thomas Arthur; Dahlberg Gregory R; Howe Jerald S Jr; Shapard Robert S,996391,79.63,2023-05-04,2023-05-22,2023-05-08 16:25:17,2023-05-22 16:42:38,23097036800.0,0.045004888750860284,0.006987622881614364,0.07877006977017298,0.18766583346905108
LE,"Lands' End, Inc.",2015-06-25,2015-06-10,2015-06-24,5,5,Linden Josephine; Marchionni Federica; McClain John; Patel Jignesh; Staw Jonah,446114,23.772,2015-06-10,2015-06-24,2015-06-10 18:19:41,2015-06-25 17:45:13,492177728.0,0.002427777313351198,-0.0269803188889145,-0.06292621075446181,0.1340773735159828
LE,"Lands' End, Inc.",2016-07-01,2016-06-01,2016-06-29,3,8,Lampert Edward S; Leykum Elizabeth; Leykum Elizabeth Darst,20498846,16.05,2016-06-01,2016-06-29,2016-06-03 19:38:42,2016-07-01 17:43:38,492177728.0,-0.0003732072300874911,-0.0016606128713114732,-0.04526649739698363,-0.11831423111516859
LE,"Lands' End, Inc.",2016-10-25,2016-09-28,2016-10-21,7,12,Galvin Robert; Lampert Edward S; Leykum Elizabeth; Linden Josephine; McClain John; Patel Jignesh; Staw Jonah,7844917,14.923333333333336,2016-09-28,2016-10-21,2016-09-28 18:01:12,2016-10-25 19:20:38,492177728.0,-0.038261921412910294,-0.0037509737353152994,-0.03895538480857663,-0.09286952167679474
LE,"Lands' End, Inc.",2017-02-16,2017-02-13,2017-02-16,3,3,Linden Josephine; McClain John; Staw Jonah,278423,17.486666666666668,2017-02-13,2017-02-16,2017-02-14 17:35:43,2017-02-16 17:39:31,492177728.0,0.04585173495353323,0.011430439862567976,0.167486281307893,0.03018240116881965
LE,"Lands' End, Inc.",2017-09-07,2017-08-10,2017-09-05,3,5,Gray Peter L; Griffith Jerome; Lampert Edward S,13200989,12.047999999999998,2017-08-10,2017-09-05,2017-08-14 19:00:54,2017-09-07 17:03:12,492177728.0,0.05192902019825396,-0.00870100587596112,0.013704322259910473,-0.09331499245787633
LE,"Lands' End, Inc.",2018-12-14,2018-12-10,2018-12-13,5,5,Gooch James F; Gray Peter L; Griffith Jerome; McClain John; Patel Jignesh,269036,14.128,2018-12-10,2018-12-13,2018-12-12 16:44:07,2018-12-14 09:02:36,492177728.0,0.04058789141276309,-0.019142446797948964,0.2839915243450173,0.2081460072979222
LEG,Leggett & Platt Inc,2024-06-03,2024-05-02,2024-05-31,3,4,Blinn Mark A; Glassman Karl G; Kleiboeker Ryan Michael,580986,11.64,2024-05-02,2024-05-31,2024-05-03 16:34:58,2024-06-03 14:25:07,1528439936.0,0.058410556936958846,0.05755620947337192,0.054035112153771214,0.04019175902468253
LGIH,"Lgi Homes, Inc.",2015-03-24,2015-03-18,2015-03-23,4,5,Britton Margaret Mary; Edone Ryan; Gage Duncan S; Sansbury Bryan Christopher,540993,14.726,2015-03-18,2015-03-23,2015-03-20 17:14:56,2015-03-24 17:29:41,1134446592.0,0.005284226541848236,0.09671479455586374,0.10395424312558643,0.21035236189148931
LGND,Ligand Pharmaceuticals Inc,2019-08-06,2019-07-29,2019-08-05,4,5,Aryeh Jason; Davis Todd C; Higgins John L; Patel Sunil,830590,94.85,2019-07-29,2019-08-05,2019-07-31 18:50:43,2019-08-06 17:18:05,4019794688.0,-0.00680118019843623,0.019962131004374495,0.04815524518712322,0.16030245195142445
LILA,Liberty Latin America Ltd.,2019-08-21,2019-05-14,2019-06-05,3,3,Nair Balan; Noyes Christopher J; Zinterhofer Eric Louis,20275162,17.74333333333333,2019-05-14,2019-06-05,2019-05-14 18:15:47,2019-08-21 17:37:35,1564765568.0,0.018652962078856028,-0.028498284613833746,0.026875054152544653,0.06530533821936602
LILA,Liberty Latin America Ltd.,2021-12-16,2021-11-30,2021-12-14,3,3,Gould Paul A; Nair Balan; Noyes Christopher J,334084,11.513333333333334,2021-11-30,2021-12-14,2021-12-02 17:30:25,2021-12-16 16:07:50,1564765568.0,0.045446551367161914,0.04684644473608168,0.024419232138300884,-0.03826647693081153
LILA,Liberty Latin America Ltd.,2024-03-28,2024-02-26,2024-03-26,3,4,Gould Paul A; Malone John C; Nair Balan,12021211,6.602499999999999,2024-02-26,2024-03-26,2024-02-28 16:02:00,2024-03-28 19:00:30,1564765568.0,-0.0023368928277587298,0.047467023143489495,0.19648779686184048,0.2568035692077928
LIN,Linde Plc,2019-05-17,2019-05-15,2019-05-15,3,3,Bruch Christian; Eulitz Bernd Hugo; Lamba Sanjiv,872753,179.21,2019-05-15,2019-05-15,2019-05-17 10:20:35,2019-05-17 10:22:59,232475574272.0,0.0002982858942036648,0.01822061787984841,0.05432135919469494,0.011101871867036817
LIN,Linde Plc,2020-03-19,2020-03-12,2020-03-17,3,4,Angel Stephen F; Enders Thomas; Fehrenbach Franz,1397002,158.47500000000002,2020-03-12,2020-03-17,2020-03-12 15:59:05,2020-03-19 15:26:10,232475574272.0,0.001634700869178718,0.011164845276362856,-0.04034049862218714,0.009516185622056916
LIND,"Lindblad Expeditions Holdings, Inc.",2018-03-12,2018-03-02,2018-03-08,4,4,Dryden L. Dyson; Ein Mark; Fahey John M Jr; Hanrahan Daniel J,650138,9.3,2018-03-02,2018-03-08,2018-03-05 16:43:03,2018-03-12 16:39:40,1054276224.0,0.010851316210214512,0.08375689170231204,0.22597817822846733,0.2861043875603655
LIND,"Lindblad Expeditions Holdings, Inc.",2024-08-22,2024-08-02,2024-08-21,3,3,Kaufman Pamela O.; Lindblad Sven-Olof; Schultz Alex P,549880,7.663333333333333,2024-08-02,2024-08-21,2024-08-05 19:24:06,2024-08-22 17:46:22,1054276224.0,0.26859593106059476,0.24735801018952697,0.09768876831285866,0.5480767558239883
LINE,"Lineage, Inc.",2024-07-29,2024-07-26,2024-07-26,6,6,Archambeau Shellye L; Crisci Robert; Falotico Nancy Joy; Fleming Abigail S; Rivera Jeffrey Alvarez; Wentworth Lynn A,1228500,78.0,2024-07-26,2024-07-26,2024-07-29 17:20:47,2024-07-29 17:32:55,9970276352.0,0.05564012443448296,0.07298902563780074,-0.02017587543988164,-0.11747087170416282
LKFN,Lakeland Financial Corp,2015-03-06,2015-02-05,2015-03-05,3,4,Evans Daniel F; Niemier Charles E; O'Neill Lisa M,320198,39.435,2015-02-05,2015-03-05,2015-02-06 08:25:34,2015-03-06 09:55:22,1488835584.0,0.02043736759671355,0.0768470095059085,0.02650849547995371,0.0142926649648496
LKFN,Lakeland Financial Corp,2018-11-07,2018-10-29,2018-11-05,3,4,Christian Darrianne P; Smith Brian J; Welch M Scott,643856,42.92,2018-10-29,2018-11-05,2018-10-30 08:39:40,2018-11-07 08:46:29,1488835584.0,-0.010052562417386168,0.01562104654509,0.003258179779605075,0.04084079083867764
LKFN,Lakeland Financial Corp,2020-03-16,2020-03-10,2020-03-16,4,5,Bartels Robert E Jr; Donovan James Rickard; Evans Daniel F; Kubacki Michael L,342650,34.208,2020-03-10,2020-03-16,2020-03-11 13:50:06,2020-03-16 15:57:48,1488835584.0,0.20515156320967887,0.11559260029851903,0.16164884449640105,0.10827734515102394
LKFN,Lakeland Financial Corp,2023-05-09,2023-04-28,2023-05-09,3,4,Pichon Emily E; Smith Brian J; Welch M Scott,1533754,49.07,2023-04-28,2023-05-09,2023-05-01 11:44:29,2023-05-09 13:52:05,1488835584.0,-0.021887992725101446,-0.06164280028944491,0.04637247223593821,0.12639958075719737
LKQ,Lkq Corp,2016-03-24,2016-03-07,2016-03-24,5,5,Allen A Clinton; McGarvie Blythe J; Meister Paul M; Obrien John F; Webster William M IV,587832,30.235999999999997,2016-03-07,2016-03-24,2016-03-09 08:00:11,2016-03-24 16:00:09,8247224832.0,0.013093140043510143,0.04629142735796998,0.06378225579679131,0.06055954685086129
LKQ,Lkq Corp,2018-06-22,2018-06-01,2018-06-21,3,3,Jude Justin L; Subramanian Guhan; Zarcone Dominick P,221755,32.63,2018-06-01,2018-06-21,2018-06-05 15:58:07,2018-06-22 10:00:14,8247224832.0,0.01678160453241162,0.001168975175483089,-0.01029227552973122,-0.058303025928295504
LKQ,Lkq Corp,2024-07-29,2024-07-26,2024-07-29,4,4,Clarke Andrew C; Galloway Rick; Jude Justin L; McKay Matthew J,600552,39.81,2024-07-26,2024-07-29,2024-07-29 14:46:24,2024-07-29 14:46:58,8247224832.0,0.021156775229139613,0.027054233038493414,-0.030409931654369338,-0.13473783698362563
LLY,Lilly Eli & Co,2019-10-28,2019-10-24,2019-10-25,5,5,Ricks David A; Skovronsky Daniel; Smiley Joshua L; Tai Jackson P; White Anne E.,1452054,108.18200000000002,2019-10-24,2019-10-25,2019-10-25 12:10:48,2019-10-28 15:11:59,901937233920.0,0.008001008609035853,0.007275252586486758,0.061568780061188155,0.17379109015724348
LMB,"Limbach Holdings, Inc.",2020-09-30,2020-09-03,2020-09-29,4,5,Bacon Charles A. III; Brooks Jayme L.; Horowitz Joshua; McCann Michael M,684120,7.614,2020-09-03,2020-09-29,2020-09-04 17:41:14,2020-09-30 17:21:39,1017695040.0,0.15116687349443514,0.018235402396639788,-0.09485038308932636,0.295928583977215
LMB,"Limbach Holdings, Inc.",2021-12-16,2021-12-07,2021-12-14,3,4,Bacon Charles A. III; Horowitz Joshua; Krzeminski Laurel J,409165,7.5775,2021-12-07,2021-12-14,2021-12-09 16:08:34,2021-12-16 17:34:06,1017695040.0,0.11242298645567284,0.2520422777705049,0.21421742581870173,0.06206321680676685
LMB,"Limbach Holdings, Inc.",2022-04-04,2022-03-22,2022-03-31,6,6,Bacon Charles A. III; Brooks Jayme L.; Horowitz Joshua; Krzeminski Laurel J; McCann Michael M; Young Norbert W.,149779,6.928333333333332,2022-03-22,2022-03-31,2022-03-24 16:15:59,2022-04-04 12:10:24,1017695040.0,0.02443337794433753,-0.016159893962935934,0.023218937286319186,-0.0637334048108692
LNC,Lincoln National Corp,2020-03-13,2020-03-10,2020-03-13,3,3,Buckingham Lisa; Glass Dennis R; Solon Kenneth S.,164620,28.433333333333337,2020-03-10,2020-03-13,2020-03-10 17:18:49,2020-03-13 16:17:18,6478281216.0,-0.03945110230930604,-0.19759865436969293,0.2169256988701893,0.7446996890180868
LNG,Cheniere Energy Inc,2016-11-14,2016-10-17,2016-11-14,3,4,Fusco Jack A; Markowitz Sean N; Merksamer Samuel J.,2610191,37.4375,2016-10-17,2016-11-14,2016-10-19 17:57:23,2016-11-14 18:24:48,54078337024.0,0.047566588823199085,0.09564585081076649,0.13807218933743548,0.29111091045878545
LNG,Cheniere Energy Inc,2017-09-12,2017-08-16,2017-09-11,3,3,Fusco Jack A; Markowitz Sean N; Wortley Michael J,1256937,42.126666666666665,2017-08-16,2017-09-11,2017-08-17 18:52:53,2017-09-12 08:51:20,54078337024.0,-0.005970668192574746,0.03551165316749816,0.028471216432616853,0.03259965482525895
LNKB,"Linkbancorp, Inc.",2022-09-16,2022-09-14,2022-09-14,17,17,Allison Timothy J; Delaye Jennifer; Flake Anson; Horton Tiffanie; Jones William Lloyd; Koppenhaver David H; Lundblad Carl D; Michetti Joseph C Jr; Parmer George; Pierson Debra; Poillon Diane; Pommerening William E; Samuel Andrew S; Smith Brent S.; Snyder Kristen; Tressler Steven I; Weymers Wesley M,2393858,7.510588235294118,2022-09-14,2022-09-14,2022-09-16 12:18:12,2022-09-16 15:08:11,330004256.0,-0.011908914821472494,0.04637541098112563,0.06780241657339658,0.17341966922829855
LNKB,"Linkbancorp, Inc.",2023-02-23,2023-02-21,2023-02-21,4,4,Flake Anson; Koppenhaver David H; Parmer George; Snyder Kristen,8700011,7.8,2023-02-21,2023-02-21,2023-02-23 17:21:54,2023-02-23 17:24:43,330004256.0,0.014224878459395351,0.021429532258766093,-0.1888061342533527,-0.40555766630158785
LNKB,"Linkbancorp, Inc.",2024-06-17,2024-05-16,2024-06-13,5,7,Doane David Carl; Jones William Lloyd; Lundblad Carl D; Parmer George; Pommerening William E,2109935,6.691428571428571,2024-05-16,2024-06-13,2024-05-16 17:15:59,2024-06-17 13:09:17,330004256.0,-0.023570440833484696,-0.02822239134759763,0.17116509928130608,0.009925974740336185
LOAR,Loar Holdings Inc.,2024-04-29,2024-04-29,2024-04-29,3,3,Crow M Chad; Danmola Taiwo K.; McGetrick Margaret A,6000036,28.0,2024-04-29,2024-04-29,2024-04-29 16:54:19,2024-04-29 16:55:37,6797927936.0,0.06486044815788283,0.011612301672965897,0.16322681963412955,0.1897269616927202
LOB,"Live Oak Bancshares, Inc.",2015-11-24,2015-10-26,2015-11-20,6,7,Cameron William Henderson; Glossman Diane Beth; Hoffsis Glen F.; Lucht David G; Seward Gregory W; Williams William L. III,656057,14.932857142857143,2015-10-26,2015-11-20,2015-10-27 17:05:23,2015-11-24 16:41:34,1677880960.0,0.025155532494524957,-0.026470996214417064,-0.10260184813924556,-0.04637848524504917
LOB,"Live Oak Bancshares, Inc.",2018-12-14,2018-12-11,2018-12-13,9,10,Cameron William Henderson; Garriott Huntley; Hoffsis Glen F.; Landis H K; Mahan James S III; Petty Miltom Emmett; Seward Gregory W; Underwood Neil Lawrence; Williams William L. III,6642574,14.99,2018-12-11,2018-12-13,2018-12-12 17:48:39,2018-12-14 16:52:00,1677880960.0,0.0028290506492444356,0.0034013627976164917,-0.10835749358675373,-0.06058121493656077
LOB,"Live Oak Bancshares, Inc.",2020-03-13,2020-03-10,2020-03-11,4,4,Cameron William Henderson; Garriott Huntley; Seward Gregory W; Underwood Neil Lawrence,1178706,11.5175,2020-03-10,2020-03-11,2020-03-11 14:31:05,2020-03-13 12:12:28,1677880960.0,-0.11323527029292157,-0.06080082236734752,0.14928527131323976,0.33977024013570567
LOB,"Live Oak Bancshares, Inc.",2022-02-11,2022-02-09,2022-02-09,3,3,Bradford Tonya Williams; Losch William C III; Williams William L. III,1417318,64.12666666666667,2022-02-09,2022-02-09,2022-02-11 18:25:29,2022-02-11 18:28:13,1677880960.0,0.049525351404044016,0.06618731988121163,-0.16567356878236106,-0.21700920482992814
LOW,Lowes Companies Inc,2019-06-21,2019-05-24,2019-06-19,3,3,Ellison Marvin R; Frieson Donald; Wardell Lisa W,1174605,96.21333333333332,2019-05-24,2019-06-19,2019-05-28 16:30:21,2019-06-21 08:32:31,144557211648.0,-0.021179915478462652,-0.000374441224087807,-0.0021882003357770463,0.09524025124183155
LPG,Dorian Lpg Ltd.,2015-10-05,2015-09-01,2015-10-01,5,6,Hadjipateras Alexander C.; Hadjipateras John C; Kalborg Ted; Tan Christina; Young Theodore B.,693736,11.085,2015-09-01,2015-10-01,2015-09-09 17:29:10,2015-10-05 16:52:20,1552465792.0,0.07229226208608908,0.03310958003036779,0.06769048064933236,-0.0076420310172462536
LPG,Dorian Lpg Ltd.,2016-03-31,2016-03-24,2016-03-30,3,3,Hadjipateras John C; Lycouris John; Young Theodore B.,109722,9.053333333333333,2016-03-24,2016-03-30,2016-03-25 16:48:29,2016-03-31 17:43:30,1552465792.0,0.012151900443462926,-0.0009654947643126244,0.040330817786379924,-0.21960963050105586
LQDA,Liquidia Corp,2022-09-14,2022-09-06,2022-09-13,3,3,Caligan Partners LP; Jeffs Roger; Kaseta Michael,1696910,5.726666666666667,2022-09-06,2022-09-13,2022-09-07 09:15:32,2022-09-14 20:48:40,2764716288.0,0.014349281115495383,-0.062117952401992804,-0.12639775928410346,-0.05442928024688454
LQDA,Liquidia Corp,2023-12-18,2023-12-14,2023-12-14,3,3,Caligan Partners LP; Jeffs Roger; Manning Paul B,11000001,7.16,2023-12-14,2023-12-14,2023-12-14 16:42:49,2023-12-18 17:02:01,2764716288.0,0.047320265461883615,0.5462655410989703,0.7831663385485275,1.0445596881120338
LRMR,"Larimar Therapeutics, Inc.",2024-05-31,2024-02-14,2024-02-16,3,3,Flynn James E; Hamilton Thomas Edward; Thomas Frank E,38021991,9.493333333333334,2024-02-14,2024-02-16,2024-02-15 16:21:16,2024-05-31 16:56:58,471603072.0,0.27739313138775357,0.3288904310973879,0.40580981807712657,0.05721495524384168
LTH,"Life Time Group Holdings, Inc.",2021-10-14,2021-10-12,2021-10-12,12,12,"Almendares Jimena; Danhakl John G; Galashan John Kristofer; Green Ltf Holdings II LP; Jss Ltf Holdings Ltd; Landau David A; Lasher Stuart G.; Lifeco LLC; Msd Capital L P; Partners Group Private Equity (Master Fund), LLC; Simon Property Group Inc /De/; Tpg Group Holdings (Sbs) Advisors, Inc.",385380684,18.0,2021-10-12,2021-10-12,2021-10-13 17:00:27,2021-10-14 20:37:22,5802421248.0,-0.04985208669463159,-0.02218970721893898,0.21774663964807695,-0.13207421764085658
LUMN,"Lumen Technologies, Inc.",2022-12-01,2022-11-04,2022-11-29,4,6,Bejar Martha Helena; Clontz Steven T; Glenn T Michael; Jones Hal,392195,5.96,2022-11-04,2022-11-29,2022-11-07 17:07:30,2022-12-01 20:37:04,7107710976.0,0.009201496096846395,0.015264400811291878,0.041765943207501044,-0.3822120819106386
LUV,Southwest Airlines Co,2016-08-04,2016-08-02,2016-08-03,3,3,Cunningham William H Dr; Kelly Gary C; Van De Ven Michael G,1354350,35.71666666666667,2016-08-02,2016-08-03,2016-08-03 18:14:53,2016-08-04 16:53:20,24694155264.0,0.04565348289051885,0.0264780874590147,0.030573222425955948,0.10681321913176
LXEO,"Lexeo Therapeutics, Inc.",2023-11-09,2023-11-07,2023-11-07,3,3,"Longitude Capital Partners Iv, LLC; Lundbeckfond Invest A/s; Omega Fund Vi, L.P.",12499982,11.0,2023-11-07,2023-11-07,2023-11-09 20:32:53,2023-11-09 20:36:25,516020416.0,0.005473335524707634,0.012607579498021826,0.3738265416832114,0.45396028769893926
LXFR,Luxfer Holdings Plc,2023-11-17,2023-10-31,2023-11-17,3,3,Butcher Andrew; Mullen Patrick K; Webster Stephen,158341,8.483333333333333,2023-10-31,2023-11-17,2023-10-31 18:12:15,2023-11-17 21:11:16,338294304.0,0.0017507032919927834,-0.0023054545844065633,-0.026419821172705804,-0.14293736099615095
LXP,Lxp Industrial Trust,2022-06-15,2022-05-09,2022-05-20,4,5,Frary Richard; Gupta Arun; Handwerker Jamie; Noe Nancy Elizabeth,402546,11.138,2022-05-09,2022-05-20,2022-05-12 15:58:01,2022-06-15 17:08:05,2871570432.0,-0.0002195660123083254,0.02837024962579293,-0.023461893372854314,-0.06318316339930763
LXRX,"Lexicon Pharmaceuticals, Inc.",2017-11-17,2017-11-10,2017-11-15,3,4,"Coats Lonnel; Invus Public Equities, L.P.; Wade Jeffrey L",7499124,9.785,2017-11-10,2017-11-15,2017-11-14 18:55:28,2017-11-17 20:09:56,672764672.0,-0.028762662169965703,-0.018225341787203808,-0.002165789136648888,-0.2681153692679207
LXU,Lsb Industries Inc,2015-06-02,2015-05-11,2015-06-01,7,9,Benham Webster L III; Massimo Louis S; Mittag Andrew K; Murdy William F; Roedel Richard; Sanders Richard S Jr; White Lynn F,626784,42.19222222222223,2015-05-11,2015-06-01,2015-05-11 14:40:49,2015-06-02 16:38:53,859017280.0,0.023441812253880645,0.02526321369023743,-0.06650939391154487,-0.3858363695676996
LYB,Lyondellbasell Industries N.V.,2019-09-03,2019-08-14,2019-08-29,3,3,Ai Investments Holdings LLC; Bindra Jagjeet S.; Patel Bhavesh V.,57641075,72.31333333333333,2019-08-14,2019-08-29,2019-08-14 16:47:50,2019-09-03 20:42:45,18753513472.0,-0.012118463882651032,0.09521120438613928,0.11570175390268633,0.14811942507342657
LYFT,"Lyft, Inc.",2019-04-04,2019-04-02,2019-04-02,3,3,Jarrett Valerie B; Miura-Ko R. Ann; Wilderotter Mary Agnes,586800,72.0,2019-04-02,2019-04-02,2019-04-04 20:47:25,2019-04-04 20:49:58,5275458560.0,0.0560648349234365,-0.13467809704600975,-0.2295462429122347,-0.15156651226669848
LYFT,"Lyft, Inc.",2023-08-29,2023-08-11,2023-08-28,3,3,Aggarwal Prashant; Risher John David; Stephenson Dave,2247953,11.043333333333331,2023-08-11,2023-08-28,2023-08-15 09:15:43,2023-08-29 16:07:44,5275458560.0,0.11755366630308894,0.05930605740010342,0.11710026667881857,-0.03034212531669933
LYTS,Lsi Industries Inc,2015-05-13,2015-04-29,2015-05-13,3,3,Foster Paul T; Toney Shawn; Wells Dennis W.,11688,9.006666666666666,2015-04-29,2015-05-13,2015-04-30 13:58:04,2015-05-13 15:03:34,646013824.0,-0.013975870191241357,0.0007301822094287758,0.043808863276172616,0.09657280809368418
LYTS,Lsi Industries Inc,2017-09-18,2017-08-18,2017-09-14,5,6,Foerster Andrew; Galeese James E; Japlon Howard E.; Stowell Ronald S; Wells Dennis W.,261771,5.888333333333333,2017-08-18,2017-09-14,2017-08-21 15:09:31,2017-09-18 09:35:49,646013824.0,0.08429339899087429,0.014847263236186126,-0.01500087374284731,-0.01694107179713633
LYV,"Live Nation Entertainment, Inc.",2020-03-17,2020-03-11,2020-03-13,4,4,Fu Ping; Kahan James S; Rapino Michael; Rowles Michael,1296094,40.5025,2020-03-11,2020-03-13,2020-03-12 19:38:03,2020-03-17 11:26:11,38054350848.0,-0.18817704506806898,0.16287443015750913,0.05180433283335595,0.054094574459553124
M,"Macy'S, Inc.",2019-05-28,2019-05-17,2019-05-23,3,3,Blake Francis S; Gennette Jeffrey; Lawton III Harry A,432899,21.653333333333336,2019-05-17,2019-05-23,2019-05-21 09:48:02,2019-05-28 09:44:14,4860343296.0,0.012616912699866978,0.03699036930102417,-0.0349413822710285,-0.2940627292588933
MAC,Macerich Co,2019-05-31,2019-05-08,2019-05-30,3,6,Coppola Edward C; Kingsmore Scott W; O Hern Thomas E,1300056,38.98166666666666,2019-05-08,2019-05-30,2019-05-09 14:30:31,2019-05-31 11:17:35,5361270272.0,0.009757734355896552,-0.07176990579686571,-0.17106419271394835,-0.25855488322502995
MAC,Macerich Co,2019-08-21,2019-08-07,2019-08-21,4,6,Coppola Edward C; Hash Steve; O Hern Thomas E; Volk Kenneth,1504776,30.015,2019-08-07,2019-08-21,2019-08-09 11:53:25,2019-08-21 18:11:50,5361270272.0,0.02288939219603403,0.014137528095619967,0.03995410458207638,-0.06015378959738649
MAC,Macerich Co,2020-03-31,2020-03-11,2020-03-30,8,12,Anderson Dana K; Coppola Edward C; Healey Doug J; Kingsmore Scott W; Menard Ann C; O Hern Thomas E; Soboroff Steven L; Volk Kenneth,1498102,8.194999999999999,2020-03-11,2020-03-30,2020-03-13 20:05:32,2020-03-31 17:02:49,5361270272.0,-0.01397188035360275,0.20966147072147345,-0.043103987947928024,0.26927541766670404
MAC,Macerich Co,2022-09-26,2022-09-16,2022-09-26,6,7,Coppola Edward C; Healey Doug J; Kingsmore Scott W; Menard Ann C; O Hern Thomas E; Volk Kenneth,853884,8.245714285714286,2022-09-16,2022-09-26,2022-09-20 18:52:17,2022-09-26 18:41:40,5361270272.0,-0.002866334782172242,0.03166727939264524,0.5177054960865646,0.4441721506791718
MAC,Macerich Co,2024-05-10,2024-05-06,2024-05-10,5,5,Healey Doug J; Hsieh Jackson; Kingsmore Scott W; Menard Ann C; Volk Kenneth,2359150,15.268,2024-05-06,2024-05-10,2024-05-06 15:20:33,2024-05-10 13:40:18,5361270272.0,-0.00013195785656372472,-0.003886507094712943,-0.09816589757164806,-0.04638811109144614
MAT,Mattel Inc /de/,2019-02-25,2019-02-19,2019-02-22,4,4,Dolan Michael J; Euteneuer Joseph J; Kreiz Ynon; Lynch Roger,1807147,13.8575,2019-02-19,2019-02-22,2019-02-20 16:29:18,2019-02-25 19:07:45,5016311808.0,0.021388249525247094,0.05663820379289186,-0.07750684146168507,-0.24840738263365603
MATV,"Mativ Holdings, Inc.",2022-10-05,2022-08-12,2022-09-09,4,10,Keenan Jeffrey; Rogers John; Schertell Julie; Warlick Anderson Davis,1588244,24.183,2022-08-12,2022-09-09,2022-08-12 17:18:03,2022-10-05 17:01:00,550638784.0,0.03171213662662997,0.010399547545178134,-0.2354709965582844,-0.11178492985767663
MATV,"Mativ Holdings, Inc.",2022-12-19,2022-11-14,2022-12-14,3,8,Cook William M; Keenan Jeffrey; Rogers John,973787,20.75625,2022-11-14,2022-12-14,2022-11-16 16:16:01,2022-12-19 16:24:18,550638784.0,0.011698050505046131,0.11774086753656576,0.29080902515664575,0.05345786913179995
MATX,"Matson, Inc.",2018-01-26,2017-08-21,2017-08-28,4,4,Fargo Thomas B; Lau Constance H; Watanabe Jeffrey N; Wine Joel M,316895,23.9725,2017-08-21,2017-08-28,2017-08-22 18:34:00,2018-01-26 15:15:21,5357403648.0,0.20826446847099156,0.13556466342425777,0.001510200135969808,0.001487391263586435
MBIN,Merchants Bancorp,2017-10-31,2017-10-27,2017-10-27,10,10,Dunlap Michael J.; Evans Scott A.; Gilroy Sue Anne; Koors Jerry F.; Kucer Susan Dehner; Macke John F.; O'Brien Patrick D.; Perry John W.; Sellers Anne E.; Shane David N.,1061984,16.0,2017-10-27,2017-10-27,2017-10-31 16:05:45,2017-10-31 16:09:16,1975700992.0,0.015246177320515475,0.036381638281852036,0.16865367382845609,0.12070379265106879
MBIN,Merchants Bancorp,2019-03-26,2019-03-22,2019-03-22,7,7,Belser Richard L.; Dunlap Michael J.; Dury Michael R.; Koors Jerry F.; Kucer Susan Dehner; O'Brien Patrick D.; Shane David N.,2872500,25.0,2019-03-22,2019-03-22,2019-03-26 16:53:35,2019-03-26 16:55:35,1975700992.0,0.04519576832258254,0.06743406126629425,0.09226738073331431,-0.23284249473269014
MBIN,Merchants Bancorp,2021-03-18,2021-03-16,2021-03-16,5,5,Juster Andrew; Koors Jerry F.; Kucer Susan Dehner; Sellers Anne E.; Shane David N.,1060000,25.0,2021-03-16,2021-03-16,2021-03-18 16:04:17,2021-03-18 16:06:52,1975700992.0,0.026256543409583943,0.02189935668579157,-0.020180997785773203,-0.03295768335419158
MBIN,Merchants Bancorp,2022-09-23,2022-09-22,2022-09-23,7,7,Catchings Tamika; Dury Michael R.; Juster Andrew; O'Brien Patrick D.; Oznick Terry A; Sellers Anne E.; Shane David N.,1602500,25.0,2022-09-22,2022-09-23,2022-09-23 16:09:00,2022-09-23 16:10:13,1975700992.0,0.010908018515757067,-0.008973362734563617,-0.036839373933706954,-0.030513571659300465
MBIN,Merchants Bancorp,2024-11-22,2024-11-18,2024-11-21,4,4,Catchings Tamika; Dury Michael R.; O'Brien Patrick D.; Shane David N.,2158367,28.5525,2024-11-18,2024-11-21,2024-11-20 16:11:14,2024-11-22 08:45:25,1975700992.0,0.044766906539521756,0.021294180191040235,,
MBLY,Mobileye Global Inc.,2022-10-31,2022-10-28,2022-10-28,7,7,Desheh Eyal; Gelsinger Patrick P; McCaskill Claire C.; Pambianchi Christine M; Shashua Amnon; Yeary Frank D; Yeboah-Amankwah Safroadu,16636410,21.0,2022-10-28,2022-10-28,2022-10-31 18:00:11,2022-10-31 18:15:59,6865672704.0,-0.029173177960033714,-0.01779610886107219,0.2504147667945187,0.27794125002027537
MBX,"Mbx Biosciences, Inc.",2024-09-17,2024-09-16,2024-09-16,15,15,"Aynechi Tiba; Baskett Forest; Behbahani Ali; Chang Carmen; Florence Anthony A. Jr.; Frazier Life Sciences X, L.P.; Gordon Carl L; Heron Patrick J; Makhzoumi Mohamad; Mathers Edward T; New Enterprise Associates 17, L.P.; Orbimed Advisors LLC; Sandell Scott D; Walker Paul Edward; Yang Rick",136000000,16.0,2024-09-16,2024-09-16,2024-09-17 20:05:10,2024-09-17 20:28:00,1371316352.0,-0.02746471583227872,0.04374948975869963,-0.027103536838985365,-0.032240545993272196
MCB,Metropolitan Bank Holding Corp.,2017-11-09,2017-11-08,2017-11-08,6,6,Gold David J; Mitchell Terence J; Patent Robert C; Ramirez Maria F; Rojeski Karen; Usdan Robert I,7489230,35.0,2017-11-08,2017-11-08,2017-11-09 16:09:16,2017-11-09 16:25:56,1024443648.0,-0.0019758965783677196,0.05375888438301468,0.12274480809966293,0.17264800290590543
MCB,Metropolitan Bank Holding Corp.,2020-03-19,2020-03-13,2020-03-19,7,9,Capra Laura; Fredston Dale C; Gavrin David M; Gutman Harvey; Perri Gerard A; Ramirez Maria F; Reinhardt William,175356,22.628888888888888,2020-03-13,2020-03-19,2020-03-13 13:41:36,2020-03-19 16:46:17,1024443648.0,0.1918228856459243,0.44338114584502164,0.19930828943065504,0.45900852127426006
MCB,Metropolitan Bank Holding Corp.,2023-03-17,2023-03-13,2023-03-17,11,11,Defazio Mark R; Fabiano Anthony J; Fredston Dale C; Gold David J; Gutman Harvey; Mitchell Terence J; Patent Robert C; Ramirez Maria F; Reinhardt William; Sigrist Greg; Wolf George J Jr,802227,28.40272727272727,2023-03-13,2023-03-17,2023-03-13 13:04:44,2023-03-17 13:05:33,1024443648.0,-0.11015040228924633,-0.10368367509382326,-0.3819570868314246,-0.12291380459220369
MCD,McDonalds Corp,2019-11-18,2019-11-06,2019-11-14,4,4,Hernandez Enrique Jr; Kempczinski Christopher J; Mulligan John J; Rogers John W Jr,1430223,193.805,2019-11-06,2019-11-14,2019-11-06 16:23:18,2019-11-18 18:18:01,237037993984.0,-0.0031810923358804866,-0.015790584240056194,-0.005280013791637339,0.03826280446324204
MCY,Mercury General Corp,2020-06-02,2020-05-07,2020-06-01,4,13,Hosseini Abby; Joseph George; Minnich Brandt; Tirador Gabriel,26874480,37.058461538461536,2020-05-07,2020-06-01,2020-05-11 12:21:04,2020-06-02 17:38:05,5055874048.0,0.026073217532632142,0.04148003852344928,-0.04406164202171836,-0.017948374660759603
MDRX,"Allscripts Healthcare Solutions, Inc.",2018-12-17,2018-12-12,2018-12-14,5,5,Aspinall Mara G.; Black Paul; Garrison Greg; Judge Jonathan; Spruill Yancey L.,490512,10.148,2018-12-12,2018-12-14,2018-12-13 16:46:56,2018-12-17 07:37:48,516185984.0,-0.007218437602344974,-0.0733665036782476,0.09237412616098983,-0.06800242248625965
MDU,Mdu Resources Group Inc,2015-02-27,2015-02-17,2015-02-26,3,4,Goodin David L; Norland Cynthia J; Schwartz Doran N,173978,22.3225,2015-02-17,2015-02-26,2015-02-18 17:21:50,2015-02-27 17:34:38,4218461184.0,-0.03360666713706684,-0.038189189708158544,0.012811889675501953,-0.07208095943817094
MDU,Mdu Resources Group Inc,2019-05-31,2019-05-17,2019-05-30,3,3,Goodin David L; Ryan Edward A; Sparby David M,272054,24.819999999999997,2019-05-17,2019-05-30,2019-05-20 15:13:14,2019-05-31 15:04:45,4218461184.0,0.03675735256193502,0.015950112956022,-0.02038526594887946,0.05222196664371159
MDU,Mdu Resources Group Inc,2020-05-18,2020-05-12,2020-05-18,7,7,Barney David C; Barth Stephanie A; Goodin David L; Johnson Dennis W; Link Margaret A; Sparby David M; Vollmer Jason L,458849,20.164285714285715,2020-05-12,2020-05-18,2020-05-13 12:48:49,2020-05-18 17:22:25,4218461184.0,0.041050713346115986,0.08217721762033392,0.0448859068294174,0.0053439468275133795
MDXG,"Mimedx Group, Inc.",2015-11-16,2015-10-30,2015-11-13,3,3,Evans Charles Robert; Haden Alexandra O; Petit Parker H,1111345,7.78,2015-10-30,2015-11-13,2015-10-30 17:12:07,2015-11-16 16:04:17,704966336.0,0.03327563105654607,0.07227539083621526,0.20688856588514803,0.052423561515805184
MEC,"Mayville Engineering Company, Inc.",2019-06-14,2019-05-13,2019-06-12,8,9,Butz Todd M; Carlson Allen J; Christen Timothy L; Kamphuis Robert D; Michels Patrick D; Rothman Jay O.; Sanderson Clifford O; St. Peter John A,1334234,15.38888888888889,2019-05-13,2019-06-12,2019-05-15 16:07:43,2019-06-14 16:03:34,428920800.0,0.01951778438401297,-0.05979832361777371,-0.10783279240024313,-0.16876086375741406
MEC,"Mayville Engineering Company, Inc.",2019-11-04,2019-10-30,2019-11-04,5,5,Butz Todd M; Christen Timothy L; Kamphuis Robert D; Raber Ryan F; Rothman Jay O.,499629,9.062,2019-10-30,2019-11-04,2019-10-31 17:43:20,2019-11-04 14:24:09,428920800.0,-0.035515894984940455,-0.07836487671006742,-0.15058818255480122,-0.3041150478234177
MEC,"Mayville Engineering Company, Inc.",2020-03-16,2020-03-10,2020-03-13,4,4,Christen Timothy L; Johnson Craig E; Kamphuis Robert D; St. Peter John A,298846,5.7775,2020-03-10,2020-03-13,2020-03-11 16:30:32,2020-03-16 15:01:32,428920800.0,0.1579408347257606,0.1977180459979423,-0.06180289542731421,0.08227417069806342
MEC,"Mayville Engineering Company, Inc.",2024-11-08,2024-11-07,2024-11-07,4,4,Butz Todd M; Lehr Rachele Marie; Leuba Sean P; Reddy Jagadeesh A,158752,16.134999999999998,2024-11-07,2024-11-07,2024-11-07 13:57:42,2024-11-08 14:38:26,428920800.0,0.029948299869505535,0.037818193017737034,-0.034622647669965256,
MEG,"Montrose Environmental Group, Inc.",2020-07-29,2020-07-27,2020-07-27,7,7,Afsari Nasym; Dicks Allan; Graham Peter; Manthripragada Vijay; Newmark Robin; Presby J Thomas; Revuelta Jose,2332500,15.0,2020-07-27,2020-07-27,2020-07-29 18:35:30,2020-07-29 18:56:28,1002883008.0,0.02576343784608892,0.08604892500011019,0.35937060489500694,0.2281222815692434
MEG,"Montrose Environmental Group, Inc.",2023-03-07,2023-03-03,2023-03-03,3,3,Field Janet Risi; Presby J Thomas; Price James K,1217367,36.31666666666666,2023-03-03,2023-03-03,2023-03-07 18:00:15,2023-03-07 18:00:31,1002883008.0,0.005313890341945626,-0.12352057120174509,-0.21173584985828853,-0.09758524635737109
METC,"Ramaco Resources, Inc.",2017-08-21,2017-08-17,2017-08-17,3,3,Atkins Randall Whittaker; Bauersachs Michael Dale; Cryder Bruce E,201379,6.983333333333334,2017-08-17,2017-08-17,2017-08-18 16:59:22,2017-08-21 16:15:17,1023473408.0,0.0471565470554669,0.15045600176501495,-0.07120606244601646,-0.48310887501328126
MFA,"Mfa Financial, Inc.",2015-11-10,2015-11-06,2015-11-09,3,3,Gorin William S; Knutson Craig L; Meyers Terence B,64779,6.763333333333333,2015-11-06,2015-11-09,2015-11-10 11:15:47,2015-11-10 11:18:13,1034220544.0,0.031396565331664794,0.028912860206020796,0.044186650392661564,0.07943558221564828
MFA,"Mfa Financial, Inc.",2022-09-16,2022-09-14,2022-09-15,4,4,Josephs Robin; Knutson Craig L; Wulfsohn Bryan; Yarad Stephen D.,108607,10.7575,2022-09-14,2022-09-15,2022-09-16 14:00:21,2022-09-16 14:03:37,1034220544.0,0.03003656484759487,-0.03077100312744363,-0.010434387964247338,0.09058179218538442
MG,"Mistras Group, Inc.",2019-06-05,2019-05-13,2019-06-03,3,6,Debenedictis Nicholas; Stamatakis Manuel N.; Wolk Jonathan H,324193,13.79,2019-05-13,2019-06-03,2019-05-14 17:47:03,2019-06-05 16:02:45,487103456.0,-0.04434037839016469,-0.06495005482895988,-0.00791446290448028,0.008791268572992061
MGEE,Mge Energy Inc,2018-03-15,2018-03-06,2018-03-13,3,3,Berbee James G; Keebler Jeffrey M; Millner Regina M,69960,55.25,2018-03-06,2018-03-13,2018-03-07 15:17:43,2018-03-15 09:45:00,2970451200.0,0.017232385117221916,0.058354591218532814,0.08589271783821617,0.003150376428084911
MGEE,Mge Energy Inc,2018-06-07,2018-05-15,2018-06-05,3,3,Anderson Marcia M; Berbee James G; Renlund Cari Anne,19133,57.64666666666667,2018-05-15,2018-06-05,2018-05-16 16:03:16,2018-06-07 16:38:54,2970451200.0,-0.0063880029515039904,0.027063922532998053,0.11380225998464577,0.11320022254214335
MGEE,Mge Energy Inc,2019-03-27,2019-03-05,2019-03-25,4,4,Anderson Marcia M; Berbee James G; Keebler Jeffrey M; Millner Regina M,76444,65.66749999999999,2019-03-05,2019-03-25,2019-03-07 10:26:04,2019-03-27 14:16:30,2970451200.0,0.008616049971659323,-0.021239100195605376,-0.01657541162405396,0.0022943128962562565
MGEE,Mge Energy Inc,2020-09-11,2020-08-14,2020-09-10,3,5,Anderson Marcia M; Berbee James G; Possin James L,108944,65.51,2020-08-14,2020-09-10,2020-08-18 15:36:18,2020-09-11 11:56:33,2970451200.0,0.005255565463590184,-0.02164024225235095,0.05464081189273373,0.027247387161393632
MGEE,Mge Energy Inc,2022-03-15,2022-03-01,2022-03-11,3,3,Berbee James G; Lorenz James Jerome; Possin James L,117928,73.73666666666666,2022-03-01,2022-03-11,2022-03-03 12:17:03,2022-03-15 12:36:46,2970451200.0,-0.027915394974268315,-0.07069642117069908,0.02510553208090749,0.0782178219217734
MGM,Mgm Resorts International,2020-04-10,2020-03-30,2020-04-09,8,12,Herman Alexis; Hornbuckle William; Jammet Mary Chris; Meister Keith A.; Rafiq Atif; Salem Paul J; Sanders Corey Ian; Spierkel Gregory M,27672156,12.313333333333333,2020-03-30,2020-04-09,2020-03-31 15:00:15,2020-04-10 20:19:26,9805205504.0,0.013583367855466433,-0.08228848620265927,0.13800472936787544,-0.021105688000063516
MGM,Mgm Resorts International,2024-08-06,2024-08-05,2024-08-05,3,3,Halkyard Jonathan S; Hornbuckle William; Salem Paul J,7312534,33.84333333333333,2024-08-05,2024-08-05,2024-08-06 17:04:58,2024-08-06 17:12:00,9805205504.0,0.0670888598552295,0.07238402903375962,-0.0002571972346940843,0.090948134824274
MGPI,Mgp Ingredients Inc,2017-08-31,2017-05-30,2017-06-14,3,3,Buttshaw Michael Rodger; Glaser Stephen J; Thomas K. Pigott,41283,51.25666666666666,2017-05-30,2017-06-14,2017-06-15 17:56:45,2017-08-31 16:51:17,395433280.0,-0.014038328261125943,0.030680645156110353,0.03267417493411795,0.19239081027510796
MGPI,Mgp Ingredients Inc,2020-03-19,2020-03-12,2020-03-13,4,4,Dunn Terrence P; Gall Brandon; Glaser Stephen J; Griffin Augustus C.,297358,24.8825,2020-03-12,2020-03-13,2020-03-19 19:04:44,2020-03-19 19:05:30,395433280.0,0.08884402383709844,0.041728760522168784,0.46006628683520834,0.27708302547956887
MGPI,Mgp Ingredients Inc,2021-12-03,2021-11-23,2021-12-01,3,3,Lux Donn S.; Lux Michele; Strandjord M Jeannine,1756310,81.04666666666667,2021-11-23,2021-12-01,2021-11-24 09:42:05,2021-12-03 16:15:59,395433280.0,-0.007829923162223196,-0.05113278097237761,-0.025120604284330383,0.025502235802610795
MIDD,Middleby Corp,2020-03-26,2020-03-13,2020-03-13,5,5,Fitzgerald Timothy John; McCarthy Cathy L; Nerbonne Robert A; Palisi Chapin Sarah; Ziyad Nassem,1761258,74.16,2020-03-13,2020-03-13,2020-03-18 20:32:19,2020-03-26 18:36:37,8217135104.0,0.013357788539505977,-0.07680569600088105,-0.029471440356188428,0.15223282151201234
MIDD,Middleby Corp,2022-05-25,2022-05-12,2022-05-24,3,3,Fitzgerald Timothy John; Nerbonne Robert A; Ziyad Nassem,1470936,135.89666666666668,2022-05-12,2022-05-24,2022-05-16 18:42:11,2022-05-25 18:32:38,8217135104.0,0.01440425686071789,0.013818585012461693,-0.07598259732713664,0.032136695776152635
MIRM,"Mirum Pharmaceuticals, Inc.",2019-07-24,2019-07-22,2019-07-22,17,17,"Barris Peter J; Baskett Forest; Behbahani Ali; Chang Carmen; Florence Anthony A. Jr.; Flynn James E; Frazier Life Sciences Ix, L.P.; Heron Patrick J; Makhzoumi Mohamad; Makower Joshua; Mott David M; New Enterprise Associates 16, L.P.; Novo Holdings A/s; O'Donnell Niall; Sandell Scott D; Sonsini Peter W.; Walker Paul Edward",112605000,15.0,2019-07-22,2019-07-22,2019-07-23 16:32:08,2019-07-24 16:57:12,5257460736.0,-0.016317259347816804,-0.027023120287369196,-0.22675297340015665,-0.43251402694626595
MIRM,"Mirum Pharmaceuticals, Inc.",2024-03-18,2019-09-06,2019-09-16,6,7,Brege Laura; Clements Ian; Fischer Laurent; Longpre Lara; Peetz Christopher; Vig Pamela,355146,10.764285714285714,2019-09-06,2019-09-16,2019-09-10 19:10:44,2024-03-18 17:40:14,5257460736.0,-0.002568139562550753,-0.04303049428549388,-0.04661242691550027,-0.05325241250470203
MKL,Markel Corp,2022-05-12,2022-05-06,2022-05-10,3,3,Gayner Thomas Sinnickson; Markel Anthony F; Puckett A. Lynne,272648,1310.2833333333335,2022-05-06,2022-05-10,2022-05-09 16:50:10,2022-05-12 16:58:59,25785157632.0,0.01010263140294243,0.06424601813533226,0.022442124623137993,-0.134178302918454
MKL,Markel Corp,2023-02-17,2023-02-03,2023-02-17,3,3,Gayner Thomas Sinnickson; Harris Greta J; Leopold Diane,764977,1328.0566666666666,2023-02-03,2023-02-17,2023-02-06 16:45:41,2023-02-17 16:39:35,25785157632.0,0.03400575520332272,0.028517677113981788,-0.029789338738887894,0.01795633390919571
MKL,Markel Corp,2023-05-25,2023-04-28,2023-05-24,4,4,Cunningham Lawrence A; Gayner Thomas Sinnickson; Housel Morgan E.; Puckett A. Lynne,260643,1341.885,2023-04-28,2023-05-24,2023-05-02 16:31:14,2023-05-25 16:32:00,25785157632.0,-0.01406280449666597,-0.00785063267240349,-0.025785423122582918,0.041155817198402334
MKL,Markel Group Inc.,2023-11-13,2023-11-03,2023-11-08,4,4,Besca Mark; Cunningham Lawrence A; Gayner Thomas Sinnickson; Puckett A. Lynne,325206,1317.775,2023-11-03,2023-11-08,2023-11-06 16:37:39,2023-11-13 16:34:22,25785157632.0,0.005270103684297034,0.021352117899454903,-0.04042044581306925,-0.07552986643075266
MKL,Markel Group Inc.,2024-02-06,2024-02-02,2024-02-02,3,3,Cunningham Lawrence A; Gayner Thomas Sinnickson; Puckett A. Lynne,285175,1410.5933333333332,2024-02-02,2024-02-02,2024-02-05 16:38:42,2024-02-06 16:33:47,25785157632.0,0.0077386332256479395,0.012756024588828296,0.007648872985872579,0.08292871427218484
MLI,Mueller Industries Inc,2018-11-20,2018-10-25,2018-11-19,4,5,Christopher Gregory L.; Gladstein Gary S; Hermanson Terry; Herzog Charles P Jr,642292,25.074,2018-10-25,2018-11-19,2018-10-26 14:29:03,2018-11-20 12:30:19,13129581568.0,0.003382806892677115,-0.02889347579161139,0.034465680954507305,0.32978508486780056
MLKN,"Millerknoll, Inc.",2023-07-20,2023-07-17,2023-07-18,4,4,Kro Lisa A; Smith Michael R; Smith Mike C.; Volkema Michael A,419811,17.0475,2023-07-17,2023-07-18,2023-07-20 18:19:32,2023-07-20 18:20:08,1363443968.0,0.030710736275495143,0.08210140167472757,0.09063082370484954,0.43403127728640567
MLYS,"Mineralys Therapeutics, Inc.",2023-02-16,2023-02-14,2023-02-14,5,5,"Akkaraju Srinivas; Hbm Healthcare Investments (Cayman) Ltd.; Levy Adam Scott; Ra Capital Management, L.P.; Slingsby Brian Taylor",44100000,16.0,2023-02-14,2023-02-14,2023-02-16 16:54:03,2023-02-16 21:00:28,2256280064.0,0.010686368169443239,0.03530402528548271,-0.12413412508264887,-0.10351665050558889
MMS,"Maximus, Inc.",2022-06-15,2022-06-14,2022-06-15,3,3,Caswell Bruce; Haley John J; Ruddy Raymond B,2587335,59.453333333333326,2022-06-14,2022-06-15,2022-06-14 17:59:38,2022-06-15 18:31:28,4146782464.0,0.05127110373433519,0.05899693496958025,0.06076118291231425,-0.018921859104526595
MMS,"Maximus, Inc.",2024-12-18,2024-11-29,2024-12-17,5,5,Caswell Bruce; Haley John J; Rajan Gayathri; Ruddy Raymond B; Warren Michael J.,753692,72.25999999999999,2024-11-29,2024-12-17,2024-12-03 19:34:33,2024-12-18 17:10:28,4146782464.0,0.05859126176385332,0.04768618163888605,,
MNPR,Monopar Therapeutics,2019-12-20,2019-12-18,2019-12-18,4,4,Hendricks Diane; Leo Karl; Tactic Pharma LLC; Tsuchimoto Kim R,6005110,8.0,2019-12-18,2019-12-18,2019-12-20 18:30:38,2019-12-20 19:10:14,346692480.0,-0.18554143370289655,-0.305479916930946,-0.4702943949173971,-0.4890197587537841
MNR,Monmouth Real Estate Investment Corp,2015-03-18,2015-02-17,2015-03-16,4,6,Haimm Brian; Landy Michael P; Miller Kevin S.; Nagelberg Allison,64083,10.966666666666669,2015-02-17,2015-03-16,2015-02-18 11:25:23,2015-03-18 15:29:59,2169285888.0,,,,
MNR,Monmouth Real Estate Investment Corp,2015-05-18,2015-04-15,2015-05-15,3,5,Haimm Brian; Landy Michael P; Miller Kevin S.,14900,9.832,2015-04-15,2015-05-15,2015-04-16 14:57:05,2015-05-18 11:19:47,2169285888.0,,,,
MNR,Monmouth Real Estate Investment Corp,2015-09-17,2015-08-31,2015-09-15,3,3,"Landy Michael P; Miller Kevin S.; Umh Properties, Inc.",168882,8.986666666666666,2015-08-31,2015-09-15,2015-08-31 12:02:53,2015-09-17 13:20:30,2169285888.0,,,,
MNR,Monmouth Real Estate Investment Corp,2016-03-16,2016-02-16,2016-03-15,5,6,"Herstik Neal; Landy Michael P; Miller Kevin S.; Nagelberg Allison; Umh Properties, Inc.",187000,10.233333333333334,2016-02-16,2016-03-15,2016-02-17 17:27:51,2016-03-16 17:05:53,2169285888.0,,,,
MNR,Monmouth Real Estate Investment Corp,2016-07-18,2016-06-15,2016-07-15,3,4,"Landy Michael P; Miller Kevin S.; Umh Properties, Inc.",165652,12.535,2016-06-15,2016-07-15,2016-06-16 15:27:41,2016-07-18 13:21:17,2169285888.0,,,,
MNR,Monmouth Real Estate Investment Corp,2016-09-19,2016-09-15,2016-09-15,3,3,"Landy Michael P; Miller Kevin S.; Umh Properties, Inc.",163879,13.339999999999998,2016-09-15,2016-09-15,2016-09-16 10:12:44,2016-09-19 12:50:18,2169285888.0,,,,
MNR,Monmouth Real Estate Investment Corp,2016-12-19,2016-11-15,2016-12-15,4,5,"Landy Michael P; Miller Kevin S.; Rytter Katie; Umh Properties, Inc.",168500,13.112,2016-11-15,2016-12-15,2016-11-16 10:48:46,2016-12-19 11:01:53,2169285888.0,,,,
MNR,Monmouth Real Estate Investment Corp,2017-03-27,2017-03-07,2017-03-27,4,6,Herstik Neal; Landy Michael P; Miller Kevin S.; Wolgin Steven B,242420,17.25333333333333,2017-03-07,2017-03-27,2017-03-10 12:32:01,2017-03-27 11:10:43,2169285888.0,,,,
MNR,Monmouth Real Estate Investment Corp,2017-08-16,2017-07-17,2017-08-15,3,5,Landy Michael P; Miller Kevin S.; Nagelberg Allison,32000,14.436000000000002,2017-07-17,2017-08-15,2017-07-18 11:11:31,2017-08-16 12:11:01,2169285888.0,,,,
MNR,Monmouth Real Estate Investment Corp,2017-12-19,2017-12-15,2017-12-18,3,3,"Landy Michael P; Miller Kevin S.; Umh Properties, Inc.",180274,17.35666666666667,2017-12-15,2017-12-18,2017-12-18 12:57:10,2017-12-19 11:38:14,2169285888.0,,,,
MNR,Monmouth Real Estate Investment Corp,2018-03-19,2018-02-23,2018-03-15,5,5,"Elflein Catherine B.; Landy Michael P; Miller Kevin S.; Nagelberg Allison; Umh Properties, Inc.",226739,14.188,2018-02-23,2018-03-15,2018-02-23 15:59:31,2018-03-19 15:00:20,2169285888.0,,,,
MNR,Monmouth Real Estate Investment Corp,2018-06-28,2018-06-15,2018-06-22,5,5,"Haimm Brian; Landy Eugene W; Landy Michael P; Miller Kevin S.; Umh Properties, Inc.",182845,14.896,2018-06-15,2018-06-22,2018-06-18 14:31:38,2018-06-28 11:23:50,2169285888.0,,,,
MNR,Monmouth Real Estate Investment Corp,2018-10-16,2018-10-15,2018-10-15,3,3,Herstik Neal; Landy Michael P; Miller Kevin S.,13000,14.43,2018-10-15,2018-10-15,2018-10-16 13:21:49,2018-10-16 13:59:40,2169285888.0,,,,
MNR,Monmouth Real Estate Investment Corp,2018-12-21,2018-12-17,2018-12-20,4,5,"Haimm Brian; Landy Michael P; Miller Kevin S.; Umh Properties, Inc.",178749,13.576000000000002,2018-12-17,2018-12-20,2018-12-18 15:32:06,2018-12-21 11:44:18,2169285888.0,,,,
MNR,Monmouth Real Estate Investment Corp,2019-03-18,2019-02-15,2019-03-15,3,5,"Landy Michael P; Miller Kevin S.; Umh Properties, Inc.",252000,12.764,2019-02-15,2019-03-15,2019-02-19 15:49:32,2019-03-18 14:40:01,2169285888.0,,,,
MNR,Monmouth Real Estate Investment Corp,2019-07-16,2019-06-17,2019-07-15,4,7,"Landy Michael P; Miller Kevin S.; Rytter Katie; Umh Properties, Inc.",273864,13.305714285714288,2019-06-17,2019-07-15,2019-06-18 12:26:55,2019-07-16 11:41:43,2169285888.0,,,,
MNR,Monmouth Real Estate Investment Corp,2019-10-16,2019-09-16,2019-10-15,4,7,"Landy Michael P; Miller Kevin S.; Otto Gregory Thomas; Umh Properties, Inc.",279305,13.878571428571425,2019-09-16,2019-10-15,2019-09-18 11:50:22,2019-10-16 12:03:34,2169285888.0,,,,
MNR,Monmouth Real Estate Investment Corp,2019-12-18,2019-12-16,2019-12-18,4,5,"Landy Michael P; Miller Kevin S.; Rytter Katie; Umh Properties, Inc.",273235,14.256,2019-12-16,2019-12-18,2019-12-17 16:32:44,2019-12-18 16:22:14,2169285888.0,,,,
MNR,Monmouth Real Estate Investment Corp,2020-03-30,2020-03-11,2020-03-27,6,11,"Cronheim Daniel D; Landy Michael P; Miller Kevin S.; Molke Richard P; Umh Properties, Inc.; Wolgin Steven B",543721,13.164545454545454,2020-03-11,2020-03-27,2020-03-12 10:23:14,2020-03-30 08:59:46,2169285888.0,,,,
MNR,Monmouth Real Estate Investment Corp,2020-09-17,2020-08-17,2020-09-15,3,5,Landy Michael P; Miller Kevin S.; Otto Gregory Thomas,12544,13.928,2020-08-17,2020-09-15,2020-08-19 12:51:36,2020-09-17 16:52:20,2169285888.0,,,,
MNR,Monmouth Real Estate Investment Corp,2020-12-17,2020-11-16,2020-12-16,3,6,Landy Michael P; Miller Kevin S.; Rytter Katie,21593,15.343333333333334,2020-11-16,2020-12-16,2020-11-18 09:00:13,2020-12-17 11:34:17,2169285888.0,,,,
MNRO,Monro Muffler Brake Inc,2017-08-09,2017-07-25,2017-08-07,3,3,McCluski Stephen C; Mellor Robert E; Ponton Brett,328163,47.13666666666666,2017-07-25,2017-08-07,2017-07-26 14:02:04,2017-08-09 09:08:46,602494592.0,-0.0017176225074129192,-0.044208506753815935,0.0668588103840313,-0.004716271358488067
MOD,Modine Manufacturing Co,2019-11-21,2019-11-19,2019-11-20,3,3,Bowser Scott L; Burke Thomas Andrew; Lucareli Michael B,136923,6.8566666666666665,2019-11-19,2019-11-20,2019-11-21 11:18:35,2019-11-21 18:26:21,11195887616.0,0.10206744547478741,0.0927757523775199,0.06503998901808328,0.19911720242740083
MODG,Topgolf Callaway Brands Corp.,2022-12-05,2022-11-17,2022-12-05,3,3,Armacost Samuel H; Brewer Oliver G III; Lynch Brian P.,536572,21.36,2022-11-17,2022-12-05,2022-11-21 16:30:45,2022-12-05 17:33:04,2699411712.0,0.025332628314132966,0.01819972244581325,0.06730739572179978,0.075238490254245
MODG,Topgolf Callaway Brands Corp.,2023-06-08,2023-05-11,2023-06-08,4,6,Brewer Oliver G III; Fine Rebecca; Lynch Brian P.; Ogunlesi Adebayo O.,2578770,17.471666666666668,2023-05-11,2023-06-08,2023-05-11 16:16:02,2023-06-08 16:15:23,2699411712.0,-0.005301388317545008,-0.027928601391027374,-0.06622553142442,-0.192379341349176
MODG,Topgolf Callaway Brands Corp.,2023-11-27,2023-11-10,2023-11-22,3,3,Brewer Oliver G III; Flanagan Laura Jean; Thomas Jennifer L.,188563,11.213333333333331,2023-11-10,2023-11-22,2023-11-14 16:52:05,2023-11-27 16:28:25,2699411712.0,0.04588045534456786,0.11514416894447166,0.19821133916668265,0.10624952414253097
MOFG,"Midwestone Financial Group, Inc.",2018-02-27,2018-01-30,2018-02-27,9,10,Cantrell James M; Donohue Richard R; Funk Charles N; Kramer Kevin E; McCormick Tracy S; Monson Kevin W; Stanoch Ruth E; True Douglas K; West Stephen L,230012,33.102999999999994,2018-01-30,2018-02-27,2018-01-31 15:38:59,2018-02-27 14:48:47,1017475776.0,0.017883118644850926,0.04161115749856381,0.07406822764871834,0.07066694074718749
MOFG,"Midwestone Financial Group, Inc.",2020-03-16,2020-03-11,2020-03-13,4,5,Donohue Richard R; Funk Charles N; Greeff Douglas H; Hayek Matthew J,93948,22.544,2020-03-11,2020-03-13,2020-03-11 13:51:29,2020-03-16 12:24:10,1017475776.0,0.027410616301282942,-0.04876489087680169,-0.15199099113767933,-0.24789360191730714
MOFG,"Midwestone Financial Group, Inc.",2023-05-25,2023-05-02,2023-05-25,10,12,Albert Larry D; Devaisher Len D; Donohue Richard R; Hauschildt Jennifer Leigh; Hayek Matthew J; Heinonen Ruth Eliina; Kaeding Nathaniel J; McCormick Tracy S; Monson Kevin W; Reeves Charles N,489714,18.9275,2023-05-02,2023-05-25,2023-05-03 11:57:06,2023-05-25 15:08:14,1017475776.0,-0.021213408702734693,-0.002073029292865902,0.018880974907970804,0.021670643507383014
MOFG,"Midwestone Financial Group, Inc.",2024-09-30,2024-09-30,2024-09-30,13,13,Albert Larry D; Chaney Carl J; Devaisher Len D; Funk Charles N; Godwin Janet E; Greeff Douglas H; Hayek Matthew J; Kaeding Nathaniel J; McCormick Tracy S; Monson Kevin W; Ray Barry S; Reeves Charles N; Sims Gary L,746000,25.0,2024-09-30,2024-09-30,2024-09-30 16:38:21,2024-09-30 16:40:34,1017475776.0,-0.004470940863209538,-0.010311341651409012,0.17050699279107695,0.03266298094511888
MOS,Mosaic Co,2016-03-16,2016-02-16,2016-03-14,8,8,Ebel Gregory L; Gitzel Timothy S.; Isaacson Mark J.; Johnson Denise C; Lumpkins Robert L; Monahan William T; O'Rourke James Calvin; Popowich James L.,863768,24.98875,2016-02-16,2016-03-14,2016-02-16 17:46:05,2016-03-16 17:20:20,8500203520.0,0.03443319871481476,-0.028548453901790616,-0.03035791416290423,-0.08922069756128448
MOS,Mosaic Co,2017-05-08,2017-05-04,2017-05-05,3,3,Ebel Gregory L; Johnson Denise C; Mack Richard L,687394,23.473333333333333,2017-05-04,2017-05-05,2017-05-04 15:45:38,2017-05-08 13:24:54,8500203520.0,0.002790309529917545,-0.0025033249056996,-0.06502780372952566,-0.08231188414679047
MOS,Mosaic Co,2019-05-10,2019-05-08,2019-05-10,4,4,Freeland Clint; Isaacson Mark J.; Koenig Emery N.; O'Rourke James Calvin,414172,23.7825,2019-05-08,2019-05-10,2019-05-09 17:46:53,2019-05-10 16:56:05,8500203520.0,-0.011056742872091685,-0.03307998593770711,-0.036448911049634214,-0.07572805272227146
MOS,Mosaic Co,2020-03-17,2020-03-13,2020-03-17,3,3,Bernardes Oscar; Isaacson Mark J.; Pires Luciano Siani,153709,9.686666666666667,2020-03-13,2020-03-17,2020-03-17 12:53:52,2020-03-17 19:45:34,8500203520.0,-0.2961026489569448,0.05565724642324188,-0.023630465383558397,0.0015850961750036863
MPB,Mid Penn Bancorp Inc,2015-12-18,2015-12-04,2015-12-17,3,3,Abel Robert A; Klinger Robert E; Noone John E,42639,17.099999999999998,2015-12-04,2015-12-17,2015-12-04 11:41:04,2015-12-18 10:05:58,752310720.0,0.0035781180312930427,-0.018712645231287905,0.012168292852671403,-0.07568318350732961
MPB,Mid Penn Bancorp Inc,2016-02-29,2016-02-01,2016-02-29,3,6,Neiderer Kelly K; Noone John E; Williams Edward P.,156088,15.245000000000005,2016-02-01,2016-02-29,2016-02-01 13:34:20,2016-02-29 16:44:07,752310720.0,-0.0020574779548003796,-0.008057901728631967,-0.05088957909765379,0.0006983873762287374
MPB,Mid Penn Bancorp Inc,2016-08-18,2016-08-02,2016-08-17,3,3,Abel Robert A; Klinger Robert E; Peduzzi Michael D,89552,17.743333333333336,2016-08-02,2016-08-17,2016-08-03 11:03:44,2016-08-18 13:15:52,752310720.0,-0.00022733591402324116,0.03061664132939379,0.07830505638574681,0.1128562022385391
MPB,Mid Penn Bancorp Inc,2017-05-11,2017-05-01,2017-05-11,3,3,Abel Robert A; Neiderer Kelly K; Peduzzi Michael D,50546,27.266666666666666,2017-05-01,2017-05-11,2017-05-02 12:30:16,2017-05-11 16:57:14,752310720.0,0.005558456355915009,-0.0037124836366263514,-0.05550244140117899,-0.03541041681841883
MPB,Mid Penn Bancorp Inc,2017-10-02,2017-09-29,2017-09-29,9,9,Abel Robert A; Boyer Steven T; De Soto Matthew G; Grubic Robert C; Kerwin Gregory M; Klinger Robert E; Moisey Robert J; Mowery Theodore W; Quandel Noble C Jr,20993,29.399999999999995,2017-09-29,2017-09-29,2017-10-02 15:31:53,2017-10-02 16:25:09,752310720.0,-0.006487879520235773,-0.021030874080038675,-0.03241291709856642,0.05618374202278531
MPB,Mid Penn Bancorp Inc,2018-01-02,2017-12-29,2017-12-29,9,9,Abel Robert A; Boyer Steven T; De Soto Matthew G; Grubic Robert C; Kerwin Gregory M; Klinger Robert E; Moisey Robert J; Mowery Theodore W; Quandel Noble C Jr,20887,33.1,2017-12-29,2017-12-29,2018-01-02 14:11:39,2018-01-02 17:27:44,752310720.0,0.00762043638088028,-0.0015887553214537498,-0.029867271019391906,-0.024790231503060922
MPB,Mid Penn Bancorp Inc,2018-04-02,2018-03-30,2018-03-30,10,10,Abel Robert A; Boyer Steven T; De Soto Matthew G; Grubic Robert C; Kerwin Gregory M; Klinger Robert E; Moisey Robert J; Mowery Theodore W; Noone John E; Quandel Noble C Jr,29968,31.95,2018-03-30,2018-03-30,2018-04-02 14:46:00,2018-04-02 15:51:03,752310720.0,0.013739107307609633,0.04103425596270449,0.07682719055600429,0.08215107540325084
MPB,Mid Penn Bancorp Inc,2018-11-21,2018-10-30,2018-11-20,9,12,Abel Robert A; Boyer Steven T; De Soto Matthew G; Klinger Robert E; Moisey Robert J; Mowery Theodore W; Noone John E; Specht William A III; Webb Justin T.,464581,26.195000000000004,2018-10-30,2018-11-20,2018-10-31 16:03:39,2018-11-21 12:24:46,752310720.0,0.008237319081886962,-0.029726993796505008,-0.07138488106749008,-0.16218881118962347
MPB,Mid Penn Bancorp Inc,2019-04-01,2019-02-28,2019-03-29,11,13,Abel Robert A; Boyer Steven T; De Soto Matthew G; Frank Joel L.; Grubic Robert C; Kerwin Gregory M; Klinger Robert E; Moisey Robert J; Mowery Theodore W; Novak Alan P.; Quandel Noble C Jr,108616,24.53923076923077,2019-02-28,2019-03-29,2019-03-01 16:43:32,2019-04-01 16:28:21,752310720.0,-0.022967285733258347,-0.0186645681178641,0.04483820744250977,-0.03697956780010614
MPB,Mid Penn Bancorp Inc,2019-07-02,2019-06-28,2019-06-28,11,11,Abel Robert A; Boyer Steven T; De Soto Matthew G; Frank Joel L.; Grubic Robert C; Kerwin Gregory M; Klinger Robert E; Moisey Robert J; Mowery Theodore W; Novak Alan P.; Quandel Noble C Jr,33333,24.95,2019-06-28,2019-06-28,2019-07-01 13:37:21,2019-07-02 11:19:18,752310720.0,-0.010227048350622603,0.001426075335307031,-0.049056318206018745,0.002224996903902987
MPB,Mid Penn Bancorp Inc,2019-10-01,2019-09-30,2019-09-30,12,12,Abel Robert A; Boyer Steven T; Brumbaugh Kimberly J; De Soto Matthew G; Frank Joel L.; Grubic Robert C; Kerwin Gregory M; Klinger Robert E; Moisey Robert J; Mowery Theodore W; Novak Alan P.; Quandel Noble C Jr,35806,25.63,2019-09-30,2019-09-30,2019-10-01 14:07:14,2019-10-01 15:11:17,752310720.0,0.0016474379058566413,-0.05299930330720981,0.03412370030695411,0.03484059526259631
MPB,Mid Penn Bancorp Inc,2020-05-15,2020-04-29,2020-05-14,4,7,Brumbaugh Kimberly J; De Soto Matthew G; Noone John E; Smith Patrick M.,221592,18.73714285714286,2020-04-29,2020-05-14,2020-04-30 09:29:33,2020-05-15 15:50:27,752310720.0,0.14113486629112648,0.10527183688232333,-0.022798450183237673,0.030907227583622632
MPB,Mid Penn Bancorp Inc,2020-07-22,2020-03-10,2020-03-31,15,19,Abel Robert A; Boyer Steven T; Brumbaugh Kimberly J; De Soto Matthew G; Frank Joel L.; Grubic Robert C; Kerwin Gregory M; Klinger Robert E; Moisey Robert J; Mowery Theodore W; Peduzzi Michael D; Quandel Noble C Jr; Ritrievi Rory G; Sparks David E; Specht William A III,167041,19.05842105263158,2020-03-10,2020-03-31,2020-03-10 17:02:02,2020-07-22 14:35:20,752310720.0,-0.00904339255039488,0.06874060201740995,-0.0011825287824931419,0.08733705354913979
MPB,Mid Penn Bancorp Inc,2020-10-09,2020-09-09,2020-09-30,13,14,Abel Robert A; Boyer Steven T; Brumbaugh Kimberly J; De Soto Matthew G; Frank Joel L.; Grubic Robert C; Kerwin Gregory M; Klinger Robert E; Moisey Robert J; Mowery Theodore W; Novak Alan P.; Peduzzi Michael D; Quandel Noble C Jr,101785,17.56357142857143,2020-09-09,2020-09-30,2020-09-11 08:48:25,2020-10-09 14:52:09,752310720.0,0.008772999935787285,0.055007342047758145,0.10910612850118229,0.18307857038789144
MPB,Mid Penn Bancorp Inc,2021-01-05,2020-12-31,2020-12-31,12,12,Abel Robert A; Boyer Steven T; Brumbaugh Kimberly J; De Soto Matthew G; Frank Joel L.; Grubic Robert C; Kerwin Gregory M; Klinger Robert E; Moisey Robert J; Mowery Theodore W; Novak Alan P.; Quandel Noble C Jr,37538,21.9,2020-12-31,2020-12-31,2021-01-05 10:35:22,2021-01-05 11:28:33,752310720.0,0.08327334834373445,0.08984421119298958,0.03418990042778436,0.15115397700728783
MPB,Mid Penn Bancorp Inc,2021-05-03,2021-03-31,2021-04-30,20,28,Abel Robert A; Boyer Steven T; Brumbaugh Kimberly J; De Soto Matthew G; Dickinson Joan E; Frank Joel L.; Grubic Robert C; Kerwin Gregory M; Klinger Robert E; Micklewright Scott W; Moisey Robert J; Mowery Theodore W; Noone John E; Novak Alan P.; Peduzzi Michael D; Quandel Noble C Jr; Ritrievi Rory G; Smith Patrick M.; Sparks David E; Webb Justin T.,977517,25.775714285714287,2021-03-31,2021-04-30,2021-04-01 13:55:39,2021-05-03 17:37:20,752310720.0,0.005507714745839776,0.039744466562235736,0.06624561587587863,-0.0757100655122035
MPB,Mid Penn Bancorp Inc,2021-10-01,2021-09-30,2021-09-30,12,12,Abel Robert A; Boyer Steven T; Brumbaugh Kimberly J; De Soto Matthew G; Frank Joel L.; Grubic Robert C; Kerwin Gregory M; Klinger Robert E; Moisey Robert J; Mowery Theodore W; Novak Alan P.; Quandel Noble C Jr,33750,27.55,2021-09-30,2021-09-30,2021-10-01 14:44:37,2021-10-01 16:05:56,752310720.0,0.007698954233614219,0.00690350379625726,0.008481635382228792,0.047616078264530515
MPB,Mid Penn Bancorp Inc,2022-03-03,2022-02-04,2022-03-01,4,5,De Soto Matthew G; Gathagan Maureen M.; Mowery Theodore W; Noone John E,78215,28.144,2022-02-04,2022-03-01,2022-02-08 12:24:17,2022-03-03 12:09:20,752310720.0,-0.014856217751987089,0.0065855544083505135,-0.04602467314882919,0.055501913526512126
MPB,Mid Penn Bancorp Inc,2022-05-20,2022-05-06,2022-05-19,3,4,De Soto Matthew G; Mowery Theodore W; Noone John E,151300,25.455,2022-05-06,2022-05-19,2022-05-09 14:00:03,2022-05-20 12:57:33,752310720.0,0.02880643086965118,0.03487322117799674,0.07764135159435337,0.12755861647973843
MPB,Mid Penn Bancorp Inc,2022-10-03,2022-09-30,2022-09-30,9,9,Abel Robert A; Brumbaugh Kimberly J; De Soto Matthew G; Gathagan Maureen M.; Grubic Robert C; Hudson Brian Arden Sr.; Kerwin Gregory M; Mowery Theodore W; Quandel Noble C Jr,27208,28.73,2022-09-30,2022-09-30,2022-10-03 13:29:22,2022-10-03 15:46:18,752310720.0,-0.009824723493790488,0.028247817409423392,0.06131440124167553,-0.002155504602402214
MPB,Mid Penn Bancorp Inc,2023-01-03,2022-12-30,2022-12-30,9,9,Abel Robert A; Brumbaugh Kimberly J; De Soto Matthew G; Gathagan Maureen M.; Grubic Robert C; Hudson Brian Arden Sr.; Kerwin Gregory M; Mowery Theodore W; Quandel Noble C Jr,27213,29.97,2022-12-30,2022-12-30,2023-01-03 14:52:28,2023-01-03 16:10:51,752310720.0,-0.0004748082572259005,-0.0052951138530352715,-0.03015965792329145,-0.2003820679006385
MPB,Mid Penn Bancorp Inc,2023-04-03,2023-03-08,2023-03-31,10,15,Abel Robert A; Brumbaugh Kimberly J; De Soto Matthew G; Gathagan Maureen M.; Grubic Robert C; Hudson Brian Arden Sr.; Kerwin Gregory M; Mowery Theodore W; Noone John E; Quandel Noble C Jr,352642,26.187333333333346,2023-03-08,2023-03-31,2023-03-09 16:58:19,2023-04-03 16:19:11,752310720.0,-0.03455551832273662,-0.030091535280661885,-0.22173425422735993,-0.16790914475896979
MPB,Mid Penn Bancorp Inc,2023-07-05,2023-06-30,2023-06-30,8,8,Abel Robert A; Brumbaugh Kimberly J; De Soto Matthew G; Frank Joel L.; Gathagan Maureen M.; Grubic Robert C; Hudson Brian Arden Sr.; Mowery Theodore W,45484,22.08,2023-06-30,2023-06-30,2023-07-05 11:47:50,2023-07-05 15:22:36,752310720.0,-0.016673485497445517,-0.009868586373104726,-0.04603799859372648,-0.07634736764305805
MPB,Mid Penn Bancorp Inc,2023-10-02,2023-09-29,2023-09-29,8,8,Abel Robert A; Brumbaugh Kimberly J; De Soto Matthew G; Frank Joel L.; Gathagan Maureen M.; Grubic Robert C; Hudson Brian Arden Sr.; Mowery Theodore W,45553,20.13,2023-09-29,2023-09-29,2023-10-02 14:46:20,2023-10-02 15:21:33,752310720.0,0.012288290349822595,0.00514132824224256,-0.04138480837027203,0.11446341798554327
MPB,Mid Penn Bancorp Inc,2024-01-03,2023-12-29,2023-12-29,8,8,Abel Robert A; Brumbaugh Kimberly J; De Soto Matthew G; Evans Albert J.; Frank Joel L.; Grubic Robert C; Hudson Brian Arden Sr.; Mowery Theodore W,35426,24.28,2023-12-29,2023-12-29,2024-01-02 16:20:08,2024-01-03 12:53:26,752310720.0,-0.006775322996799171,-0.02146283856444975,-0.1400253859694105,-0.2739280931043664
MPB,Mid Penn Bancorp Inc,2024-04-01,2024-02-27,2024-03-28,9,11,Abel Robert A; Brumbaugh Kimberly J; De Soto Matthew G; Evans Albert J.; Frank Joel L.; Grubic Robert C; Hudson Brian Arden Sr.; Mowery Theodore W; Noone John E,121771,20.168181818181814,2024-02-27,2024-03-28,2024-02-28 13:32:09,2024-04-01 15:09:40,752310720.0,-0.005906153543498882,0.007816572880731232,0.09624758029046765,-0.0071132550081094426
MPB,Mid Penn Bancorp Inc,2024-07-02,2024-06-28,2024-06-28,7,7,Abel Robert A; Brumbaugh Kimberly J; De Soto Matthew G; Evans Albert J.; Frank Joel L.; Hudson Brian Arden Sr.; Mowery Theodore W,30488,21.949999999999996,2024-06-28,2024-06-28,2024-07-02 09:08:15,2024-07-02 09:38:02,752310720.0,-0.01581152603620961,-0.015534862086950874,0.2108303960549035,0.30740431773633503
MPB,Mid Penn Bancorp Inc,2024-10-02,2024-09-30,2024-09-30,7,7,Abel Robert A; Brumbaugh Kimberly J; De Soto Matthew G; Evans Albert J.; Frank Joel L.; Hudson Brian Arden Sr.; Mowery Theodore W,30456,29.82999999999999,2024-09-30,2024-09-30,2024-10-02 12:30:08,2024-10-02 12:53:04,752310720.0,-0.0010138322293571367,-0.011526147290857658,0.07990632097543426,-0.04400096660903752
MPLX,Mplx LP,2015-09-14,2015-08-26,2015-09-10,3,3,Griffith Timothy T.; Heminger Gary R.; Wilson C. Richard,1083028,48.21666666666666,2015-08-26,2015-09-10,2015-08-28 13:58:39,2015-09-14 14:59:07,60017012736.0,-0.03477514390805625,-0.028229426395059654,-0.28831995184157877,-0.3570138944958682
MPLX,Mplx LP,2019-08-13,2019-08-07,2019-08-09,3,4,Heminger Gary R.; Peiffer Garry L.; Sandman Dan D,3158518,27.225,2019-08-07,2019-08-09,2019-08-09 11:55:46,2019-08-13 08:26:28,60017012736.0,-0.0036926082705740493,0.022650519135711145,0.050323567747824205,-0.11005122456946004
MRCY,Mercury Systems Inc,2023-08-22,2023-08-18,2023-08-18,4,4,Ballhaus William L; Jana Partners LLC; Krone Roger A; Lance Howard L,4329985,37.9875,2023-08-18,2023-08-18,2023-08-22 16:40:55,2023-08-22 21:19:25,5367108608.0,0.03606318521313434,0.03552785882347487,-0.01840403447233574,-0.1121232910876776
MRCY,Mercury Systems Inc,2024-02-13,2024-02-09,2024-02-09,5,5,"Ballhaus William L; Farnsworth David E.; Jana Partners Management, LP; Lance Howard L; Nearhos Barry R",37868870,27.73,2024-02-09,2024-02-09,2024-02-12 20:40:45,2024-02-13 17:00:15,5367108608.0,0.027233554509531466,-0.042675685207058,-0.08167446941887802,-0.07667123436955281
MRVI,"Maravai Lifesciences Holdings, Inc.",2020-11-30,2020-11-24,2020-11-25,8,8,Gray Susannah; Hance Robert B; Hopfield Jessica; Hull Carl; Lucier Gregory T; Oreshack Kurt; Prahalad Murali; Sellers Lisa,4706376,26.9925,2020-11-24,2020-11-25,2020-11-25 19:52:02,2020-11-30 16:34:32,1351982464.0,-0.053443757264940994,-0.09515053109552551,-0.11942215219692176,0.06487489396275459
MRVL,Marvell Technology Group Ltd,2018-12-28,2018-12-20,2018-12-26,3,3,Hu Jean X.; Strachan Michael G; Switz Robert E,405575,14.776666666666666,2018-12-20,2018-12-26,2018-12-21 17:20:06,2018-12-28 18:48:29,67701096448.0,0.023752823116967914,0.032525267711912775,0.13073866415168744,0.1301528773460381
MSBI,"Midland States Bancorp, Inc.",2017-08-16,2017-08-02,2017-08-15,5,7,Golden Deborah A; Ludwig Jeffrey G.; McDaniel Jerry L.; McDonnell Jeffrey M; Schultz Robert F.,604952,30.412857142857145,2017-08-02,2017-08-15,2017-08-11 10:24:46,2017-08-16 14:31:04,486206848.0,-0.020119785256906386,-0.005621022121979569,0.03053765410372833,-0.03797628048760249
MSBI,"Midland States Bancorp, Inc.",2018-12-17,2018-12-07,2018-12-14,3,4,McDonnell Jeffrey M; Schultz Robert F.; Tucker Douglas J.,123553,22.935,2018-12-07,2018-12-14,2018-12-10 09:46:02,2018-12-17 13:31:00,486206848.0,-0.00435245281349661,0.01674012709813677,0.05553419264392856,0.056261115117960836
MSBI,"Midland States Bancorp, Inc.",2020-05-13,2020-04-28,2020-05-13,3,3,Ludwig Jeffrey G.; McDonnell Jeffrey M; Schultz John M,200840,14.776666666666666,2020-04-28,2020-05-13,2020-04-29 10:39:38,2020-05-13 12:36:00,486206848.0,-0.01615581426855306,0.004745115355140994,-0.026126805642553874,-0.08581741165169987
MSBI,"Midland States Bancorp, Inc.",2023-03-21,2023-03-10,2023-03-14,3,4,Schultz Robert F.; Smith Jeffrey C.; Tucker Douglas J.,55645,23.755,2023-03-10,2023-03-14,2023-03-13 09:38:25,2023-03-21 13:52:32,486206848.0,0.0018557336016286063,-0.004723827956916615,-0.1509313708238118,-0.11561046647615392
MTCH,"Match Group, Inc.",2015-11-23,2015-11-19,2015-11-19,7,7,Levin Joseph; McInerney Thomas; Seymon Pamela; Spoon Alan G; Stein Mark J; Swidler Gary; Winiarski Gregg,3198000,12.0,2015-11-19,2015-11-19,2015-11-23 17:35:42,2015-11-23 17:41:01,7411161600.0,-0.0646646435497531,-0.07036092749635703,-0.04379557671362089,-0.24730386865064957
MTDR,Matador Resources Co,2018-12-17,2018-11-14,2018-12-14,18,25,Adams Craig N; Baribault Reynald; Baty Robert Gaines; Burkert Craig T; Byerley William M; Clifton Matthew P; Foran Joseph Wm; Forrester Rogers Julia P.; Goodwin Billy E; Hairford Matthew V; Krug George G; Lancaster David E; Macalik Robert T; Parker Timothy E.; Posner David M.; Robinson Bradley M; Singleton Van H II; Stewart Kenneth L.,1078851,22.1044,2018-11-14,2018-12-14,2018-11-15 21:08:17,2018-12-17 08:41:10,6648480768.0,-0.029969359129170203,-0.09203973276362365,0.08025401111266839,-0.015108893290230796
MTDR,Matador Resources Co,2019-06-11,2019-05-24,2019-06-07,4,4,Adams Craig N; Hairford Matthew V; Robinson Bradley M; Stewart Kenneth L.,222160,16.825000000000003,2019-05-24,2019-06-07,2019-05-29 08:31:40,2019-06-11 16:17:30,6648480768.0,-0.017006532848295786,0.04992437002534711,0.025450928769692682,-0.11169378260672558
MTDR,Matador Resources Co,2019-08-19,2019-08-05,2019-08-15,8,9,Adams Craig N; Foran Joseph Wm; Hairford Matthew V; Lancaster David E; Macalik Robert T; Parker Timothy E.; Posner David M.; Robinson Bradley M,464379,14.704444444444444,2019-08-05,2019-08-15,2019-08-05 18:05:55,2019-08-19 08:18:05,6648480768.0,0.033656045900332776,-0.010373206830935344,0.0353732621715237,-0.08335486975710604
MTDR,Matador Resources Co,2019-12-04,2019-11-14,2019-12-03,4,6,Byerley William M; Ehrman Monika U; Foran Joseph Wm; Macalik Robert T,468854,14.18,2019-11-14,2019-12-03,2019-11-14 17:30:29,2019-12-04 08:37:18,6648480768.0,0.03654575974699781,0.08572726038468348,0.15813122260547652,-0.2666638356875274
MTDR,Matador Resources Co,2020-09-09,2020-08-06,2020-09-04,4,4,Baty Robert Gaines; Ehrman Monika U; Parker Timothy E.; Stewart Kenneth L.,45590,9.4525,2020-08-06,2020-09-04,2020-08-10 08:10:42,2020-09-09 08:30:32,6648480768.0,-0.06725786817738422,0.01863280656076216,-0.07273358250843831,0.11365302927757637
MTDR,Matador Resources Co,2020-11-18,2020-10-30,2020-11-17,6,7,Baty Robert Gaines; Burkert Craig T; Byerley William M; Ehrman Monika U; Foran Joseph Wm; Goodwin Billy E,155357,7.218571428571429,2020-10-30,2020-11-17,2020-11-03 07:57:19,2020-11-18 07:36:31,6648480768.0,0.044178954522934744,0.2605699443888472,0.3470226984767093,1.1327865990760853
MTDR,Matador Resources Co,2021-12-16,2021-11-23,2021-12-15,6,6,Adams Craig N; Baribault Reynald; Baty Robert Gaines; Ehrman Monika U; Goodwin Billy E; Macalik Robert T,264226,37.61833333333334,2021-11-23,2021-12-15,2021-11-24 16:17:59,2021-12-16 07:10:26,6648480768.0,0.0009190762991111434,0.006524773855365318,0.2552016361664542,0.4607100211444062
MTDR,Matador Resources Co,2023-03-20,2023-03-08,2023-03-16,7,8,Baribault Reynald; Baty Robert Gaines; Byerley William M; Elsener William Thomas; Foran Joseph Wm; Goodwin Billy E; Parker Timothy E.,494348,47.07375,2023-03-08,2023-03-16,2023-03-09 08:01:04,2023-03-20 06:10:12,6648480768.0,0.07724269371412662,0.06066349410079952,-0.017329475847810638,0.028590084524100945
MTDR,Matador Resources Co,2023-12-14,2023-11-16,2023-12-13,6,8,Appel Shelley F; Baty Robert Gaines; Ehrman Monika U; Foran Joseph Wm; Macalik Robert T; Parker Timothy E.,542401,53.42125,2023-11-16,2023-12-13,2023-11-16 16:20:01,2023-12-14 16:14:56,6648480768.0,0.03476925729837799,0.054131066621858404,-0.0016513879812904975,0.12479416249894282
MTDR,Matador Resources Co,2024-08-20,2024-08-02,2024-08-16,3,3,Calvert Christopher P; Foran Joseph Wm; Macalik Robert T,195570,55.620000000000005,2024-08-02,2024-08-16,2024-08-05 16:49:23,2024-08-20 16:28:40,6648480768.0,-0.021944784047130184,-0.0020835771840328476,-0.12402568661598856,-0.05484039067208801
MTDR,Matador Resources Co,2024-12-17,2024-12-06,2024-12-13,3,3,Ehrman Monika U; Elsener William Thomas; Foran Joseph Wm,165988,56.42333333333334,2024-12-06,2024-12-13,2024-12-10 07:18:02,2024-12-17 07:22:55,6648480768.0,-0.015157593828452942,-0.030071676978075335,,
MTW,Manitowoc Co Inc,2022-09-01,2022-08-01,2022-08-31,4,7,Cooney Anne M; Pfeifer John Charles; Ravenscroft Aaron H.; Regan Brian P,152128,10.441428571428572,2022-08-01,2022-08-31,2022-08-03 16:40:56,2022-09-01 17:29:08,509752992.0,-0.005125775168799862,-0.001673028227745288,-0.07309554357879244,-0.037376395210758306
MUR,Murphy Oil Corp,2020-03-19,2020-03-12,2020-03-19,4,5,Gardner John B; Jeffery Barry F.R.; Murphy Robert Madison; Schmale Neal E,1721993,6.098000000000001,2020-03-12,2020-03-19,2020-03-13 09:34:06,2020-03-19 19:23:06,4977302528.0,0.2184108802095639,0.281335682016409,1.030590935440973,1.9497288869826548
MUSA,Murphy USA Inc.,2017-03-01,2017-02-06,2017-03-01,3,4,Corrigan John P; Deming Claiborne P; Miller David B,2691942,65.325,2017-02-06,2017-03-01,2017-02-07 17:19:10,2017-03-01 17:12:20,7599678464.0,0.028808892853537715,0.047971340605866164,0.16723695637758462,0.049476843251581526
MVBF,Mvb Financial Corp,2016-08-17,2016-03-31,2016-03-31,6,6,Alvarez David B; Brooks Stephen R; Mazza Larry F; Nelson Kelly R; Pallotta J Christopher; Staton Jimmy D,128299,13.606666666666667,2016-03-31,2016-03-31,2016-03-31 16:20:59,2016-08-17 15:14:14,339422816.0,-0.004129525827623937,-0.028929315791869525,-0.007254501541619773,-0.07427563470281606
MVBF,Mvb Financial Corp,2019-05-30,2019-05-14,2019-05-28,3,3,Pallotta J Christopher; Robinson Donald T; Spielman Cheryl,61470,15.723333333333334,2019-05-14,2019-05-28,2019-05-15 19:36:48,2019-05-30 19:12:12,339422816.0,0.0020254526377904147,-0.01971413966244495,-0.031896630252754354,0.034539416698808445
MYE,Myers Industries Inc,2015-09-14,2015-08-25,2015-09-11,3,3,Crowe John B; Liebau Frederic Jack Jr; Lisman Bruce M,104360,13.283333333333331,2015-08-25,2015-09-11,2015-08-26 12:04:56,2015-09-14 10:13:12,804683264.0,0.03913446002370735,0.06650273068447099,0.07211083127970808,0.08655724768218209
MYE,Myers Industries Inc,2018-05-30,2018-05-25,2018-05-30,3,3,Liebau Frederic Jack Jr; Lisman Bruce M; Scaccetti Jane,47075,18.786666666666665,2018-05-25,2018-05-30,2018-05-30 18:08:51,2018-05-30 18:20:25,804683264.0,-0.004579624949514027,0.02767355273955885,-0.0854376627619916,0.08367471251145098
MYE,Myers Industries Inc,2020-05-12,2020-05-08,2020-05-12,4,4,Coffin Sarah R; Defeo Ronald M; Lisman Bruce M; McGaugh Michael P.,463305,11.9125,2020-05-08,2020-05-12,2020-05-12 17:13:27,2020-05-12 17:16:48,804683264.0,-0.017280676510775916,0.027431888928545534,0.06699444445064562,0.1683758447657897
MYE,Myers Industries Inc,2020-11-23,2020-11-13,2020-11-20,4,4,Coffin Sarah R; Foley William A; Lutey Lori A.; McGaugh Michael,297344,16.9675,2020-11-13,2020-11-20,2020-11-17 17:08:07,2020-11-23 17:10:09,804683264.0,-0.00308229675647409,-0.05370686331386543,0.19305290113437046,0.15930490408941456
MYE,Myers Industries Inc,2021-03-18,2021-03-16,2021-03-17,4,4,Coffin Sarah R; Defeo Ronald M; Kramer Jeffrey; McGaugh Michael,465338,19.75,2021-03-16,2021-03-17,2021-03-17 17:32:53,2021-03-18 16:54:52,804683264.0,0.04992350599221618,-0.02975118189061865,0.07580862413657763,-0.022411468552301805
MYE,Myers Industries Inc,2021-08-27,2021-08-10,2021-08-25,3,4,Foley William A; Lisman Bruce M; McGaugh Michael,266001,22.1325,2021-08-10,2021-08-25,2021-08-11 16:18:57,2021-08-27 17:00:22,804683264.0,0.004017045806024466,-0.009484082215696077,-0.06870267485925419,-0.13094757654308442
MYE,Myers Industries Inc,2022-03-18,2022-03-15,2022-03-16,6,6,Coffin Sarah R; Defeo Ronald M; Liebau Frederic Jack Jr; Lisman Bruce M; Lutey Lori A.; McGaugh Michael,407677,18.543333333333333,2022-03-15,2022-03-16,2022-03-15 17:10:37,2022-03-18 17:58:14,804683264.0,0.022675754337238008,0.024506713814777203,0.14069915441183678,0.3148746973993397
MYE,Myers Industries Inc,2023-03-14,2023-03-06,2023-03-14,5,5,Bright Yvette Dapremont; Kramer Jeffrey; Lisman Bruce M; Lutey Lori A.; McGaugh Michael,135940,20.892000000000003,2023-03-06,2023-03-14,2023-03-06 16:10:13,2023-03-14 16:09:37,804683264.0,0.0036657915595497137,0.012993257038094619,-0.09457647048005768,-0.07031835762358285
MYE,Myers Industries Inc,2024-12-10,2024-11-25,2024-12-05,7,7,Basque Dave; Bright Yvette Dapremont; Foley William A; Kramer Jeffrey; Liebau Frederic Jack Jr; Lisman Bruce M; Lutey Lori A.,325925,11.805714285714288,2024-11-25,2024-12-05,2024-11-26 12:11:57,2024-12-10 17:46:04,804683264.0,0.02837851766787214,0.016308632683952773,,
NATR,Natures Sunshine Products Inc,2016-05-31,2016-05-13,2016-05-26,3,7,Bunker Stephen M; Probert Gregory; Wynnefield Partners Small Cap Value LP,475660,9.05857142857143,2016-05-13,2016-05-26,2016-05-17 16:30:30,2016-05-31 13:02:57,475807200.0,0.16059081746028792,0.14633316911984662,0.20219696845081359,0.47731162288877704
NAUT,"Nautilus Biotechnology, Inc.",2021-08-26,2021-08-12,2021-08-24,3,3,McIlwain Matthew S; Mowry Anna; Murphy Matthew B.,457773,7.66,2021-08-12,2021-08-24,2021-08-13 21:01:12,2021-08-26 19:29:53,304395360.0,0.01872621655719109,0.005791217694561146,-0.256925983870983,-0.408007377520226
NAVI,Navient Corp,2020-05-15,2020-05-04,2020-05-13,3,3,Arnold Frederick; Heleen Mark L; Unger Laura S,114129,6.8933333333333335,2020-05-04,2020-05-13,2020-05-05 16:32:40,2020-05-15 08:54:00,838557696.0,0.03675630768782323,-0.013245838071380689,0.011231369685854364,0.18092836195079665
NBBK,"Nb Bancorp, Inc.",2024-01-17,2023-12-28,2024-01-11,7,8,Ayoub Paul J.; Evangelista Paul A; Jackson Angela; Lynch Christopher R.; Nolan Joseph R Jr; Pascucci Hope; Raza Muhammad,469093,13.745,2023-12-28,2024-01-11,2023-12-29 16:07:46,2024-01-17 13:57:58,988191552.0,0.007475693674772854,0.03895131990430101,-0.06549560704753299,-0.12345060766989269
NBBK,"Nb Bancorp, Inc.",2024-03-22,2024-03-01,2024-03-19,6,8,Campanelli Joseph P; Evangelista Paul A; Jackson Angela; Lapointe Jean-Pierre; Nolan Joseph R Jr; Orfanello Francis,780999,13.8975,2024-03-01,2024-03-19,2024-03-05 15:07:31,2024-03-22 14:18:14,988191552.0,0.0002707385370759319,-0.006497455703513011,0.10428026111776578,0.008822633158092952
NBBK,"Nb Bancorp, Inc.",2024-08-27,2024-08-02,2024-08-26,3,3,Campanelli Joseph P; Evangelista Paul A; Lapointe Jean-Pierre,198694,17.820000000000004,2024-08-02,2024-08-26,2024-08-02 16:47:06,2024-08-27 09:17:15,988191552.0,-0.004079506178463421,0.0005071080838154884,-0.08875527651361481,0.0050267827729169046
NC,Nacco Industries Inc,2015-12-30,2015-12-17,2015-12-29,9,36,Butler Helen Rankin; Butler John C Jr; Rankin Alfred M Et Al; Rankin Alison A; Rankin Bruce T; Rankin Roger F; Rankin Victoire G; Williams Clara R; Williams David B,2182670,42.35750000000001,2015-12-17,2015-12-29,2015-12-21 15:33:10,2015-12-30 12:27:14,423725440.0,-0.019949654445235887,0.044057794254749205,0.16929094318908966,0.3012413361022963
NC,Nacco Industries Inc,2020-11-13,2020-11-11,2020-11-11,3,3,Taplin Britton T; Taplin Diahn; Taplin Frank F,7723305,16.55,2020-11-11,2020-11-11,2020-11-13 16:35:29,2020-11-13 17:18:34,423725440.0,0.07582557119335354,0.1288813840707257,0.16187660580224983,0.09777463449826995
NC,Nacco Industries Inc,2021-01-26,2021-01-22,2021-01-22,20,20,"Btr 2020 Gst Trust F/b/o Anne F. Rankin; Btr 2020 Gst Trust F/b/o Chloe R. Seelbach; Btr 2020 Gst Trust F/b/o Claiborne R. Rankin, Jr.; Btr 2020 Gst Trust F/b/o Clara R. Williams; Btr 2020 Gst Trust F/b/o Elisabeth M. Rankin; Btr 2020 Gst Trust F/b/o Helen R. Butler; Btr 2020 Gst Trust F/b/o James T. Rankin; Btr 2020 Gst Trust F/b/o Julia R. Kuipers; Btr 2020 Gst Trust F/b/o Matthew M. Rankin; Btr 2020 Gst Trust F/b/o Thomas P.K. Rankin; Butler Helen Rankin; Butler John C Jr; Rankin Alison A; Rankin Chloe O; Rankin Claiborne R; Rankin Corbin; Rankin Roger F; Rankin Thomas T; Williams Clara R; Williams David B",998436,15.19,2021-01-22,2021-01-22,2021-01-26 13:59:57,2021-01-26 14:56:36,423725440.0,0.043160116716607244,0.09595250865021698,-0.07206101784334107,-0.0956103992192926
NCNO,"Ncino, Inc.",2020-07-16,2020-07-16,2020-07-16,4,4,Collins Steven A; Glover Joshua L; Orenstein Gregory; Sellers Jeanette,1064850,31.0,2020-07-16,2020-07-16,2020-07-16 18:00:18,2020-07-16 18:03:11,1949161728.0,0.023351386303699595,-0.014092849592978185,0.07033860576265227,0.021963646973089057
NECB,"Northeast Community Bancorp, Inc./Md/",2021-09-14,2021-08-20,2021-09-13,4,6,Cavanaugh Diane B; Cirillo Charles Michael; Martinek Charles A; McKenzie John F,74081,10.516666666666667,2021-08-20,2021-09-13,2021-08-20 13:38:39,2021-09-14 08:35:04,322125440.0,0.0008235234298299421,0.04269378305815297,-0.00843822730967414,-0.04453276838704667
NECB,"Northeast Community Bancorp, Inc./Md/",2022-05-24,2022-05-09,2022-05-23,4,5,Cirillo Charles Michael; Martinek Kenneth A; McKenzie John F; Thomas Kenneth H,326062,10.978,2022-05-09,2022-05-23,2022-05-11 18:28:45,2022-05-24 11:06:30,322125440.0,0.007048097898373795,-0.026466254206289896,0.10026098808998574,0.11608481227140288
NEE,Nextera Energy Inc,2022-02-01,2022-01-27,2022-01-31,5,5,Barrat Sherry S; Gursahaney Naren K; Kujawa Rebecca J; Lane Amy B; Robo James L,5841642,73.18599999999999,2022-01-27,2022-01-31,2022-01-27 13:53:36,2022-02-01 08:09:08,192913293312.0,-0.021528713226405594,-0.03633947624427836,0.09380723071925323,-0.007890419234803492
NEE,Nextera Energy Inc,2023-03-02,2023-02-06,2023-03-01,7,7,Camaren James Lawrence; Crews Terrell Kirk II; Hachigian Kirk S; Lane Amy B; Pimentel Armando Jr; Porges David L; Stall John A,2930138,73.83285714285714,2023-02-06,2023-03-01,2023-02-06 18:11:33,2023-03-02 16:16:15,192913293312.0,0.03273695457623904,0.06373054464731387,0.06776711127583934,-0.0033486104026654306
NEOG,Neogen Corp,2022-08-17,2022-07-27,2022-08-16,5,5,Adent John Edward; Borel James C; Green Ronald D; Tobin James P; Vetter Darci L,654977,22.616,2022-07-27,2022-08-16,2022-07-28 13:04:54,2022-08-17 20:15:35,2371033088.0,-0.033179366611327255,-0.029270460326028758,-0.18382420909185015,-0.201823403328787
NEOG,Neogen Corp,2023-11-03,2023-10-11,2023-11-03,4,4,Boehm William T; Jones Douglas Edward; Naemura David H.; Tobin James P,379737,15.3625,2023-10-11,2023-11-03,2023-10-11 16:21:01,2023-11-03 13:59:46,2371033088.0,0.01316654787920668,-0.044887212898552575,0.17320571440653865,-0.14933900570921943
NEOG,Neogen Corp,2024-04-17,2024-04-10,2024-04-17,4,4,Adent John Edward; Borel James C; Jones Douglas Edward; Naemura David H.,662087,12.5725,2024-04-10,2024-04-17,2024-04-10 14:25:24,2024-04-17 12:04:37,2371033088.0,-0.010950605955775572,0.01353612784050462,0.04681157491629495,0.25374831158576483
NEWT,"Newtekone, Inc.",2023-03-23,2023-03-02,2023-03-23,10,12,Downs Peter Mathison; Leger Nicholas J; Mulia Salvatore Francis; Perez-Hickman Fernando; Razon-Feingold Halli; Salute Richard J; Schwartz Michael Adam; Sloane Barry; Young Nicolas; Zink Gregory L,912235,12.71,2023-03-02,2023-03-23,2023-03-02 09:52:59,2023-03-23 12:34:18,358202464.0,0.023747638157215478,0.045586703626966596,-0.08245844975818184,0.3064125209127877
NEWT,"Newtekone, Inc.",2023-09-15,2023-08-15,2023-09-14,4,6,Downs Peter Mathison; Salute Richard J; Sloane Barry; Zink Gregory L,135543,16.808333333333334,2023-08-15,2023-09-14,2023-08-15 13:59:34,2023-09-15 11:20:28,358202464.0,-0.027406511822374968,-0.07392808596477907,-0.02436312756985881,-0.19565508611013793
NEWT,"Newtekone, Inc.",2024-05-24,2024-05-15,2024-05-22,3,3,Sloane Barry; Young Nicolas; Zink Gregory L,162483,13.85,2024-05-15,2024-05-22,2024-05-15 10:03:31,2024-05-24 10:06:56,358202464.0,0.014135668592977657,0.0386473293279328,-0.04948997015558576,-0.08781979016583019
NEWT,"Newtekone, Inc.",2024-09-24,2024-09-18,2024-09-23,4,4,Mulia Salvatore Francis; Salute Richard J; Sloane Barry; Zink Gregory L,494665,11.645,2024-09-18,2024-09-23,2024-09-18 10:05:35,2024-09-24 11:51:12,358202464.0,0.01114508055172947,0.03385671878940144,0.11666402259172726,0.05280541876536726
NEWT,"Newtekone, Inc.",2024-12-23,2024-11-26,2024-12-23,5,6,Brunet Craig Jeffry; Downs Peter Mathison; Salute Richard J; Sloane Barry; Zink Gregory L,118399,13.173333333333332,2024-11-26,2024-12-23,2024-11-26 09:40:04,2024-12-23 13:40:48,358202464.0,0.022200186926444543,0.029095953721365087,,
NFBK,"Northfield Bancorp, Inc.",2020-05-14,2020-05-01,2020-05-12,5,7,Fasanella David; French Tara L; Klein Steven M; Ryan Patrick Louis; Stahlin Paul,422994,10.77,2020-05-01,2020-05-12,2020-05-01 14:17:05,2020-05-14 12:21:34,565900224.0,-0.01459501830715837,0.033812083018042616,0.02695851013474715,-0.16268168728200072
NFBK,"Northfield Bancorp, Inc.",2020-08-24,2020-07-31,2020-08-21,3,3,Connors John P Jr; Fasanella David; Stahlin Paul,113416,9.52,2020-07-31,2020-08-21,2020-08-03 16:29:00,2020-08-24 16:42:11,565900224.0,-0.004322050997257909,-0.02584082411864541,0.0530676641535035,0.1397604653383715
NFBK,"Northfield Bancorp, Inc.",2024-06-14,2024-06-10,2024-06-13,9,9,Catino Annette; Connors John P Jr; Fasanella David; Harrison Timothy C; Jacobs William R.; Klein Steven M; Kulkarni Rachana A; Patafio Frank P.; Ryan Patrick Louis,586862,7.807777777777777,2024-06-10,2024-06-13,2024-06-11 16:53:12,2024-06-14 14:33:22,565900224.0,0.011452768695976667,0.05005494337754235,0.5870929795529429,0.4168937168878708
NFE,New Fortress Energy LLC,2019-04-02,2019-03-28,2019-04-01,4,5,Edens Wesley R; Grain David J; Nardone Randal A; Wilkinson Matthew,13815752,10.448,2019-03-28,2019-04-01,2019-03-28 19:11:30,2019-04-02 16:20:35,338617856.0,0.09946348552762285,0.06670038067886397,0.04941484701533938,-0.04366519418826442
NFE,New Fortress Energy LLC,2019-06-03,2019-05-17,2019-05-31,4,8,Grain David J; Griffin C. William; Mack John J; Wanner Katherine,2393850,12.5125,2019-05-17,2019-05-31,2019-05-20 18:24:27,2019-06-03 16:15:30,338617856.0,-0.0650646804518954,-0.130651535041294,-0.011616346721027293,0.3461729017966746
NFJ,"Allianzgi Nfj Dividend, Interest & Premium Strategy Fund",2017-12-22,2017-12-20,2017-12-21,4,4,Macleod James S; Mowrey John R.; Oliver Thomas W Jr; Parker Jeffrey D,275156,13.395,2017-12-20,2017-12-21,2017-12-22 11:59:07,2017-12-22 15:45:37,1262757120.0,-0.010280161111195674,-0.016942818735128595,-0.014346280827017166,-0.009409706396299566
NGL,Ngl Energy Partners LP,2015-12-07,2015-11-23,2015-12-04,4,5,Coady Shawn W; Collingsworth James M; Krimbill H Michael; Osterman Vincent J,1073315,14.55,2015-11-23,2015-12-04,2015-11-23 17:27:08,2015-12-07 09:16:07,1468870272.0,-0.20661204595824145,-0.3032445463398533,-0.1987181944253421,-0.2715679448530136
NGNE,Neurogene Inc.,2024-11-27,2024-11-22,2024-11-26,3,3,"Cvijic Christine Mikail; McMinn Rachel; Samsara Biocapital Gp, LLC",2720023,22.236666666666665,2024-11-22,2024-11-26,2024-11-25 21:29:04,2024-11-27 16:39:29,340620704.0,-0.05675451250585695,-0.19162078864016063,,
NGVC,"Natural Grocers by Vitamin Cottage, Inc.",2016-06-06,2016-05-10,2016-06-02,4,4,Campbell Michael T; Halle Richard; Isely Kemper; Isely Raquel M.,202936,13.329999999999998,2016-05-10,2016-06-02,2016-05-12 12:50:26,2016-06-06 16:24:44,613140992.0,0.025551780083649334,-0.007777001598925026,-0.02746011237856405,-0.12075633385132523
NGVC,"Natural Grocers by Vitamin Cottage, Inc.",2017-08-14,2017-08-08,2017-08-11,4,4,Campbell Michael T; Cerkovnik Edward; Isely Elizabeth; Isely Kemper,119710,6.1450000000000005,2017-08-08,2017-08-11,2017-08-09 17:33:41,2017-08-14 18:22:33,613140992.0,-0.07229012478819685,-0.030939663053558997,-0.1441313945789343,-0.26642258649205164
NHI,National Health Investors Inc,2015-06-11,2015-05-12,2015-06-09,3,4,Jobe James R; McCabe Robert A Jr; Mendelsohn D. Eric,161583,65.7325,2015-05-12,2015-06-09,2015-05-14 17:36:33,2015-06-11 16:28:43,4132640256.0,0.010842370363588594,0.01609130872746878,0.019057388435713807,-0.06321728445462427
NHI,National Health Investors Inc,2015-08-31,2015-08-24,2015-08-31,5,6,Adams W Andrew; Jobe James R; McCabe Robert A Jr; Mendelsohn D. Eric; Webb Robert T,502124,56.251666666666665,2015-08-24,2015-08-31,2015-08-25 16:30:32,2015-08-31 16:13:56,4132640256.0,-0.005608422270368618,-0.02164092608963053,0.05316422215747729,0.009055235716144638
NHI,National Health Investors Inc,2018-02-27,2018-02-22,2018-02-26,3,3,McCabe Robert A Jr; Mendelsohn D. Eric; Spaid John L,183918,65.37,2018-02-22,2018-02-26,2018-02-23 16:35:18,2018-02-27 17:09:38,4132640256.0,0.0007742176671176049,0.03344693662944276,0.08548364199329606,0.10883001644800727
NHI,National Health Investors Inc,2020-03-25,2020-03-12,2020-03-23,3,3,Adams W Andrew; Mendelsohn D. Eric; Webb Robert T,1296417,46.53333333333333,2020-03-12,2020-03-23,2020-03-13 16:04:26,2020-03-25 17:57:38,4132640256.0,0.1797380678441729,-0.013586707748521776,-0.010296728554717527,0.1542808370468789
NHI,National Health Investors Inc,2021-10-01,2021-09-09,2021-09-30,3,6,McCabe Robert A Jr; Mendelsohn D. Eric; Webb Robert T,591350,56.99333333333334,2021-09-09,2021-09-30,2021-09-10 16:51:27,2021-10-01 16:41:54,4132640256.0,0.010884583142791171,-0.038824636066223106,-0.033525197426099496,-0.041855909278993186
NIC,Nicolet Bankshares Inc,2023-04-24,2023-04-21,2023-04-24,3,3,Colon Hector; Merkatoris Susan L; Moore Hubert Phillip Jr,107405,56.87,2023-04-21,2023-04-24,2023-04-21 16:45:56,2023-04-24 16:29:03,3311665152.0,0.00942662969439012,-0.006631229350471779,0.22540503631571673,0.2817507680041693
NLCP,"Newlake Capital Partners, Inc.",2022-12-05,2022-11-11,2022-12-01,3,7,Coniglio Anthony; Kadens Peter A.; Meyer Lisa,113712,17.032857142857143,2022-11-11,2022-12-01,2022-11-15 16:00:51,2022-12-05 16:32:54,325597248.0,0.0059187471607354825,-0.011224555943159964,0.03618297277425597,-0.019726604541596582
NLCP,"Newlake Capital Partners, Inc.",2023-06-07,2023-05-12,2023-06-06,3,3,Kadens Peter A.; Martay Peter Wiser; Meyer Lisa,60471,12.44,2023-05-12,2023-06-06,2023-05-15 16:58:49,2023-06-07 16:27:47,325597248.0,-0.004180194405475124,-0.05921924248719734,0.11875808742026028,0.12605137117601894
NLCP,"Newlake Capital Partners, Inc.",2024-04-01,2024-03-13,2024-03-28,4,5,Coniglio Anthony; Dugan Gordon F; Kadens Peter A.; Meyer Lisa,39349,17.858,2024-03-13,2024-03-28,2024-03-14 13:23:39,2024-04-01 14:12:04,325597248.0,0.008349524945924003,-0.07304831766690167,0.08024498199347785,0.011635303976321953
NLY,Annaly Capital Management Inc,2017-09-01,2017-08-07,2017-09-01,3,3,Bovich Francine J.; Finkelstein David L; Segalas Donnell,1629482,12.306666666666668,2017-08-07,2017-09-01,2017-08-09 17:26:20,2017-09-01 17:36:53,16551635968.0,-0.007821757814868713,-0.01334948503706812,-0.031677848541613374,-0.10016343429287022
NLY,Annaly Capital Management Inc,2017-12-01,2017-11-06,2017-12-01,3,3,Keyes Kevin; Segalas Donnell; Votek Glenn,3783793,11.396666666666668,2017-11-06,2017-12-01,2017-11-07 14:58:36,2017-12-01 18:10:41,16551635968.0,0.030704087607387298,0.018678930859348908,-0.07548078502511524,-0.12960075755302614
NLY,Annaly Capital Management Inc,2019-05-20,2019-05-06,2019-05-17,4,4,Finkelstein David L; Green Anthony C; Hamilton Thomas Edward; Keyes Kevin,5173424,9.5525,2019-05-06,2019-05-17,2019-05-07 09:23:06,2019-05-20 07:08:06,16551635968.0,-0.008754599420301656,-0.016418718328202964,-0.048473442866714844,-0.021991313421637182
NLY,Annaly Capital Management Inc,2020-05-15,2020-05-04,2020-05-15,5,5,Coffey Timothy P; Finkelstein David L; Green Anthony C; Hamilton Thomas Edward; Wolfe Serena,2289719,5.9799999999999995,2020-05-04,2020-05-15,2020-05-04 18:02:50,2020-05-15 16:58:24,16551635968.0,0.010334950900967366,0.03239977338713662,0.06816352106222179,0.1497609406045306
NMIH,"Nmi Holdings, Inc.",2015-12-10,2015-11-12,2015-12-08,4,7,Embler Michael J; Jones James G; Leatherberry William J; Ozanne James,504298,7.155714285714287,2015-11-12,2015-12-08,2015-11-13 17:44:12,2015-12-10 16:21:55,3003229952.0,0.01831195231175886,-0.006434732864176729,-0.21833112961866452,-0.26037944458368434
NMIH,"Nmi Holdings, Inc.",2016-05-26,2016-05-02,2016-05-26,3,3,Leatherberry William J; Mathis Patrick L; Ozanne James,215400,6.1066666666666665,2016-05-02,2016-05-26,2016-05-04 16:38:54,2016-05-26 19:20:57,3003229952.0,0.026611412607034257,-0.008062206461274646,-0.0873867346101268,0.1818977323412252
NMRA,"Neumora Therapeutics, Inc.",2023-09-29,2023-09-19,2023-09-28,5,10,"Amgen Inc; Arch Venture Partners X, LLC; Arch Venture Partners Xii, LLC; Burow Kristina; Gosebruch Henry O",86938108,13.73,2023-09-19,2023-09-28,2023-09-19 19:52:07,2023-09-29 18:55:02,520011648.0,-0.1643472446890818,-0.08407465687284399,-0.15226782527383953,0.2100249325259953
NPCE,Neuropace Inc,2021-04-23,2021-04-21,2021-04-21,6,6,Accelmed Partners II L.P.; Fischer Frank M; Garfield Greg Shaw; Norton Evan; Orbimed Advisors LLC; Ridley Irina,25109969,17.0,2021-04-21,2021-04-21,2021-04-23 19:26:10,2021-04-23 20:32:57,460645952.0,0.03672661756173157,-0.044252129083677594,-0.08015200791664734,-0.10709084822930304
NPK,National Presto Industries Inc,2015-03-18,2015-03-18,2015-03-18,3,3,Cardozo Richard N; Quinn Patrick J; Stienessen Joseph G,33595,59.25,2015-03-18,2015-03-18,2015-03-18 16:18:19,2015-03-18 16:56:06,979100672.0,0.039008080204830264,0.05831396543854661,0.04932387907791669,0.21483279172249947
NPO,"Enpro Industries, Inc",2016-05-17,2016-05-09,2016-05-17,7,7,Botts Thomas M.; Brueck Felix M.; Burns B. Bernard Jr.; Harnett Gordon D; Humphrey John; O'Neal William C.; Van Der Graaf Kees,363427,46.901428571428575,2016-05-09,2016-05-17,2016-05-10 10:28:37,2016-05-17 15:05:10,5454999040.0,0.007993187511980748,0.0289727131958315,-0.0782318745915257,0.03310551920185567
NREF,"Nexpoint Real Estate Finance, Inc.",2020-04-10,2020-03-11,2020-04-08,4,8,Dondero James D; Goetz Matthew; McGraner Matt; Mitts Brian,1224927,10.50625,2020-03-11,2020-04-08,2020-03-13 16:15:26,2020-04-10 16:15:39,332299072.0,0.11232650031455327,-0.00579251643762535,0.4016585699182682,0.255230933387965
NREF,"Nexpoint Real Estate Finance, Inc.",2022-10-11,2022-09-06,2022-10-06,4,13,Dondero James D; Goetz Matthew; McGraner Matt; Mitts Brian,1022293,21.14846153846154,2022-09-06,2022-10-06,2022-09-08 18:29:34,2022-10-11 06:16:18,332299072.0,0.05136152283747586,0.06004983045255252,0.1801373183327235,0.07429016347520556
NREF,"Nexpoint Real Estate Finance, Inc.",2023-01-11,2022-12-29,2023-01-09,3,3,Dondero James D; McGraner Matt; Mitts Brian,95893,17.669999999999998,2022-12-29,2023-01-09,2022-12-30 16:30:20,2023-01-11 17:07:48,332299072.0,0.029718150598423865,0.08212013868638579,0.0844323737197119,-0.11523169172917869
NRG,"Nrg Energy, Inc.",2015-12-10,2015-12-07,2015-12-10,5,5,Andrews Kirkland B; Dallas Terry G; Gutierrez Mauricio; Hill David Russell; Young Walter R Jr,316814,9.382,2015-12-07,2015-12-10,2015-12-07 14:47:06,2015-12-10 16:17:44,34790641664.0,-0.022012543262812545,-0.09529306000611804,-0.01519408490296803,0.2122423013142466
NRG,"Nrg Energy, Inc.",2022-12-16,2022-12-15,2022-12-16,6,6,Carrillo Antonio; Coben Lawrence S; Cox Heather; Donohue Elisabeth B; Gutierrez Mauricio; Hobby Paul W,1478639,31.575,2022-12-15,2022-12-16,2022-12-16 12:29:01,2022-12-16 12:29:44,34790641664.0,0.010452443299428515,0.014617860892109258,0.03954596607849736,-0.01752552090506554
NRIM,Northrim Bancorp Inc,2015-06-16,2015-06-01,2015-06-15,5,6,Copeland Mark G; Karp David W; McCambridge David J; Nelson Murphy Krystal; Wight David G,158930,25.16,2015-06-01,2015-06-15,2015-06-02 17:07:47,2015-06-16 12:35:50,531563744.0,-0.052790191652752894,-0.014410918623319224,-0.049109376440645724,0.1232071516548251
NRIM,Northrim Bancorp Inc,2015-09-10,2015-08-25,2015-09-10,4,5,Cash Larry S; Hanneman Karl L; Nelson Murphy Krystal; Thomas Linda C,38873,26.978,2015-08-25,2015-09-10,2015-08-25 20:33:06,2015-09-10 19:24:40,531563744.0,-0.004339122569328557,-0.027841814678054466,-0.038667947133376845,-0.06613079927741694
NRIM,Northrim Bancorp Inc,2016-06-16,2016-05-26,2016-06-14,9,9,Cash Larry S; Copeland Mark G; Drabek Anthony; Frye Latosha M; Hanneman Karl L; McCambridge David J; Nelson Murphy Krystal; Swalling John C; Wight David G,153476,26.427777777777777,2016-05-26,2016-06-14,2016-05-26 16:38:14,2016-06-16 14:55:42,531563744.0,-0.03955640043285247,-0.0023479541037525475,0.039673777706899616,-0.05943131499477161
NRIM,Northrim Bancorp Inc,2016-08-22,2016-08-09,2016-08-18,3,3,Karp David W; Nelson Krystal Murphy; Thomas Linda C,48009,25.763333333333332,2016-08-09,2016-08-18,2016-08-09 20:30:37,2016-08-22 12:18:01,531563744.0,0.007451748103492584,0.008673315190756536,0.016186923785447282,0.08585880413865099
NRIM,Northrim Bancorp Inc,2017-09-15,2017-08-16,2017-09-13,7,7,Cash Larry S; Hanneman Karl L; Karp David W; Nelson Krystal Murphy; Swalling John C; Thomas Linda C; Wight David G,138714,28.49142857142857,2017-08-16,2017-09-13,2017-08-17 16:52:50,2017-09-15 14:59:48,531563744.0,0.04932943738293716,0.11976150215453574,0.14098496653535486,0.11336079447933178
NRIM,Northrim Bancorp Inc,2019-05-31,2019-05-02,2019-05-31,6,7,Drabek Anthony; Hanneman Karl L; Karp David W; McCambridge David J; Nelson Krystal Murphy; Swalling John C,141908,34.16142857142857,2019-05-02,2019-05-31,2019-05-02 18:31:15,2019-05-31 18:08:03,531563744.0,0.003910837259834543,-0.03779279953719494,-0.011557965255726943,0.046241317597632836
NRIM,Northrim Bancorp Inc,2020-06-12,2020-06-01,2020-06-12,5,5,Drabek Anthony; McCambridge David J; Nelson Krystal Murphy; Schutt Aaron Michael; Wight David G,126226,24.374,2020-06-01,2020-06-12,2020-06-02 13:07:07,2020-06-12 19:13:47,531563744.0,0.05122300682524905,-0.014189983178293897,-0.0781514385126072,0.17905266565740163
NRIM,Northrim Bancorp Inc,2021-06-09,2021-06-03,2021-06-09,3,3,Drabek Anthony; Karp David W; McCambridge David J,74086,44.903333333333336,2021-06-03,2021-06-09,2021-06-03 19:46:20,2021-06-09 13:28:20,531563744.0,-0.02542145739603041,-0.0018245952227812223,-0.1201084321241932,-0.13016128448795283
NRIM,Northrim Bancorp Inc,2021-08-25,2021-08-03,2021-08-24,4,5,Marushack Joseph; Nelson Krystal Murphy; Swalling John C; Wight David G,117018,41.053999999999995,2021-08-03,2021-08-24,2021-08-04 11:29:11,2021-08-25 13:59:04,531563744.0,-0.003033715423352623,0.026439211822276265,0.1166253573778282,0.07519324342109313
NRIM,Northrim Bancorp Inc,2022-03-16,2022-02-28,2022-03-16,3,3,Hanneman Karl L; Karp David W; Thomas Linda C,160975,44.36666666666667,2022-02-28,2022-03-16,2022-03-01 10:38:28,2022-03-16 15:29:10,531563744.0,-0.030722238750625852,-0.03344525397329501,-0.08931458902578182,-0.009026302869162062
NRIM,Northrim Bancorp Inc,2022-06-02,2022-05-05,2022-06-02,5,5,Karp David W; Marushack Joseph; McCambridge David J; Swalling John C; Thomas Linda C,175948,41.178,2022-05-05,2022-06-02,2022-05-06 12:36:36,2022-06-02 14:01:38,531563744.0,0.04442994364488784,0.03961739254845076,0.06055649441373101,0.003948899082213186
NRIM,Northrim Bancorp Inc,2023-03-16,2023-03-02,2023-03-14,3,4,Ballard Jed W; Romano Marilyn; Wight David G,171495,48.497499999999995,2023-03-02,2023-03-14,2023-03-03 11:20:52,2023-03-16 19:39:08,531563744.0,-0.004326844884156911,-0.014067413247162541,-0.31219415994166033,-0.21720909854724735
NRIM,Northrim Bancorp Inc,2023-05-31,2023-05-02,2023-05-30,8,9,Ballard Jed W; Karp David W; Marushack Joseph; McCambridge David J; Schierhorn Joseph M; Schutt Aaron Michael; Swalling John C; Wight David G,382865,36.55222222222222,2023-05-02,2023-05-30,2023-05-02 12:51:04,2023-05-31 16:33:27,531563744.0,0.028175624373250274,0.0901077024208774,0.033923388104382335,0.0908706399168111
NSA,National Storage Affiliates Trust,2016-12-05,2015-04-28,2015-05-20,7,8,Chapman George L; Fischer Tamara D; Howard Kevin Maxen; Hylbert Paul William Jr; Meisinger Chad Leroy; Nordhagen Arlen Dale; Van Mourick Mark,1283934,13.61375,2015-04-28,2015-05-20,2015-04-30 16:42:32,2016-12-05 16:17:56,5093865984.0,0.03402097384359659,0.08868600313822839,0.07350436495398682,0.1625237017842569
NSA,National Storage Affiliates Trust,2020-03-19,2020-03-12,2020-03-18,3,4,Fischer Tamara D; Nordhagen Arlen Dale; Treadwell Steven B,1820535,23.6575,2020-03-12,2020-03-18,2020-03-16 19:15:11,2020-03-19 19:00:02,5093865984.0,0.09097293954340913,0.02216699578664061,-0.002645959073711124,0.1073727576871486
NSA,National Storage Affiliates Trust,2022-11-08,2022-11-04,2022-11-07,6,6,Cramer David; Fischer Tamara D; Hylbert Paul William Jr; Nordhagen Arlen Dale; Van Mourick Mark; Warren J. Timothy,2674412,37.818333333333335,2022-11-04,2022-11-07,2022-11-08 16:38:04,2022-11-08 16:39:51,5093865984.0,0.012918263695783527,-0.004007894158564396,-0.03893233224750936,0.07387040386343346
NSC,Norfolk Southern Corp,2024-06-17,2024-05-29,2024-06-14,6,7,Anderson Richard H; Fahmy Sameh; Huffard John C Jr; Kelleher Thomas Colm; Lamphere Gilbert H; Mongeau Claude,3751197,220.44,2024-05-29,2024-06-14,2024-05-31 15:31:52,2024-06-17 11:33:49,71247724544.0,-0.0012430582409843627,-0.03671057669703082,0.11681136583845309,0.13075785475538737
NSC,Norfolk Southern Corp,2024-12-16,2024-12-11,2024-12-13,4,4,Anderson Richard H; Clyburn William Jr.; Fahmy Sameh; George Mark R,286636,249.0675,2024-12-11,2024-12-13,2024-12-12 16:27:47,2024-12-16 08:16:04,71247724544.0,-0.015362702441571119,-0.029998238105560793,,
NSIT,Insight Enterprises Inc,2023-02-23,2023-02-14,2023-02-21,3,4,"Cowley Samuel C; Crown Timothy A; Valueact Holdings, L.P.",12366502,128.3625,2023-02-14,2023-02-21,2023-02-16 17:54:35,2023-02-23 16:19:04,2672518400.0,0.027468471590706423,0.056759860295093834,0.07859628678074126,-0.04224648112808005
NTLA,"Intellia Therapeutics, Inc.",2016-05-13,2016-05-11,2016-05-11,5,5,"Baker Bros. Advisors LP; Gordon Carl L; Novartis Institutes For Biomedical Research, Inc.; Orbimed Advisors LLC; Temasek Holdings (Private) Ltd",22999986,18.0,2016-05-11,2016-05-11,2016-05-11 16:25:53,2016-05-13 16:58:58,1575866112.0,0.060107325570077474,0.15811121103071513,0.08516922839536245,-0.2648064977451231
NTRS,Northern Trust Corp,2023-10-25,2023-10-23,2023-10-24,3,3,Levy Susan Cohen; O'Grady Michael; Tyler Jason J.,1736269,64.54333333333334,2023-10-23,2023-10-24,2023-10-25 17:56:20,2023-10-25 17:59:04,26432147456.0,0.048184703343163604,0.05468938270465906,0.18676613267426223,0.14134214781034826
NTST,Netstreit Corp.,2020-08-18,2020-08-17,2020-08-17,3,3,Blocher Andrew P; Troxell Matthew A; Wittman Lori,373500,18.0,2020-08-17,2020-08-17,2020-08-18 19:34:50,2020-08-18 19:47:19,2304665344.0,-0.008946840732313777,-0.012350490897327537,0.011092041387467999,-0.03984597294050429
NVST,Envista Holdings Corp,2019-09-24,2019-09-20,2019-09-20,6,6,Aghdaei Amir; Bludworth Curt W; Eriksson Patrik; Kappler Jeffrey; Reis Mischa; Yu Howard H,616000,22.0,2019-09-20,2019-09-20,2019-09-24 16:14:22,2019-09-24 16:19:29,4714100224.0,-0.024688257613080467,-0.039123371626811565,-0.013085508586781147,-0.06432630839935682
NVST,Envista Holdings Corp,2023-11-20,2023-11-06,2023-11-16,4,4,Aghdaei Amir; Conley Eric; Keller Stephen; Nance Mark E,417078,21.925,2023-11-06,2023-11-16,2023-11-07 16:18:01,2023-11-20 17:49:32,4714100224.0,0.015820502779854362,-0.007478148729861633,-0.043768051667183006,-0.1518018822083551
NWBI,"Northwest Bancshares, Inc.",2020-05-22,2020-04-30,2020-05-21,6,6,Hunter Timothy M; McKnight William F; Paup Mark A; Reitzes Mark T.; Tullio David M; White Jeffrey R,249926,9.731666666666667,2020-04-30,2020-05-21,2020-05-04 14:45:58,2020-05-22 11:55:31,1843882496.0,0.032437608623304026,-0.01232519089383044,-0.08952304760845486,-0.09259520920839437
NWBI,"Northwest Bancshares, Inc.",2021-06-03,2021-05-13,2021-06-03,3,3,Hunter Timothy M; McKnight William F; Tullio David M,217799,14.043333333333331,2021-05-13,2021-06-03,2021-05-17 09:10:03,2021-06-03 16:17:27,1843882496.0,0.008093829884530335,-0.0078034127313667545,-0.06790317001668666,-0.12570321689667763
NWBI,"Northwest Bancshares, Inc.",2023-05-17,2023-04-26,2023-05-16,5,5,Campana Robert M; Hunter Timothy M; Paup Mark A; Torchio Louis J; Tullio David M,331997,10.792,2023-04-26,2023-05-16,2023-04-26 14:00:19,2023-05-17 12:27:29,1843882496.0,0.026497781164948497,0.018825475376899936,-0.0788328256750106,0.04669958651442263
NWL,Newell Brands Inc,2017-06-08,2017-02-07,2017-02-14,3,3,Davies Richard B; Tarchetti Mark; Viault Raymond G,1284004,46.116666666666674,2017-02-07,2017-02-14,2017-02-08 08:44:22,2017-06-08 16:17:37,1831904000.0,0.006502462491377314,0.030520858953212215,-0.019100588601370205,-0.09398306928348554
NXRT,"Nexpoint Residential Trust, Inc.",2015-04-28,2015-04-01,2015-04-24,4,12,Dondero James D; Goetz Matthew; McGraner Matt; Mitts Brian,11940890,13.8875,2015-04-01,2015-04-24,2015-04-02 20:46:48,2015-04-28 16:49:55,1406030336.0,-0.0011994204344514259,0.02821303514262863,0.0736446038667451,-0.01863166813197159
NXRT,"Nexpoint Residential Trust, Inc.",2015-06-30,2015-06-23,2015-06-29,4,6,Goetz Matthew; Laffer Arthur B; McGraner Matt; Mitts Brian,72606,13.988333333333332,2015-06-23,2015-06-29,2015-06-24 16:43:50,2015-06-30 16:22:39,1406030336.0,0.01603308912398571,-0.0008982673644657435,-0.0715968890817853,0.11796968309312283
NXRT,"Nexpoint Residential Trust, Inc.",2016-10-05,2016-09-09,2016-10-04,3,3,Dondero James D; Goetz Matthew; McGraner Matt,178512,18.91333333333333,2016-09-09,2016-10-04,2016-09-13 16:24:58,2016-10-05 17:15:38,1406030336.0,-0.025843644787513553,-0.004751076947159705,0.05602382583867227,0.18338203001692244
NXRT,"Nexpoint Residential Trust, Inc.",2021-05-13,2020-02-21,2020-03-19,3,4,Dondero James D; Goetz Matthew; Laffer Arthur B,5622424,41.05,2020-02-21,2020-03-19,2020-03-13 16:15:54,2021-05-13 19:27:48,1406030336.0,0.007192799276666939,0.003203677315512632,0.08289218293607692,0.12721859343390296
OBT,"Orange County Bancorp, Inc. /De/",2021-08-19,2021-08-05,2021-08-18,16,17,Coulter Michael J; Gilfeather Michael J; Heimbach Louis; Holcombe Gregory F; Listner Michael; Metzger Susan G; Morrison William D; Peacock Robert L; Rizzo Virginia K; Rouis Jonathan F; Rowley Richard B; Ruhl Joseph A; Saturno Terry R; Scacco Gustave J; Skuthan Frank; Sousa Gregory,1352258,33.55823529411765,2021-08-05,2021-08-18,2021-08-09 12:49:39,2021-08-19 14:15:24,441102432.0,-0.009223790990252612,-0.0017134988558960007,0.05730038314456343,0.04188251379500052
OCFC,Oceanfirst Financial Corp,2022-05-18,2022-05-12,2022-05-17,3,3,Katsoulis Nicos; Lebel Joseph III; Turner Patricia Lynne,68628,20.833333333333332,2022-05-12,2022-05-17,2022-05-13 11:16:54,2022-05-18 16:03:59,1063447296.0,0.010731885022347454,0.021678356384151054,0.0653703147833209,0.057094717967830055
OCFC,Oceanfirst Financial Corp,2023-03-16,2023-03-13,2023-03-15,3,4,Lebel Joseph III; Murphy Joseph M. Jr.; Tsimbinos Steven James,168111,22.007499999999997,2023-03-13,2023-03-15,2023-03-15 11:56:21,2023-03-16 09:53:44,1063447296.0,-0.02246284370150864,-0.04642743998636156,-0.2317597087229779,-0.24382214291091042
OCFC,Oceanfirst Financial Corp,2023-05-16,2023-04-25,2023-05-12,4,8,Barrett Patrick Sean; Lebel Joseph III; Maher Christopher; Murphy Joseph M. Jr.,235023,15.53,2023-04-25,2023-05-12,2023-04-26 11:59:20,2023-05-16 15:36:07,1063447296.0,0.07537952604157327,0.1264418361130033,0.13302220736330583,0.33281100727577395
ODC,Oil-Dri Corp of America,2018-10-25,2018-10-16,2018-10-23,4,4,Chube Ellen-Blair; Cole J Steven; Selig Allan H; Sullivan Mary Beth,116744,30.025,2018-10-16,2018-10-23,2018-10-17 16:51:49,2018-10-25 16:19:15,995591872.0,0.0063061660402747854,0.01988277010927808,-0.06906643262246825,-0.07156155124273955
OFG,Ofg Bancorp,2015-12-16,2015-12-03,2015-12-16,4,6,Colon Jorge; Fernandez Jose Rafael; Kumar Ganesh; Ortiz Cesar A,128155,6.864999999999999,2015-12-03,2015-12-16,2015-12-04 11:16:03,2015-12-16 15:06:24,1734588672.0,0.014760782731966793,0.1486337064752674,-0.14833105292692672,0.07036956389606797
OFG,Ofg Bancorp,2020-03-26,2020-03-18,2020-03-24,4,5,De Jesus Nestor; Fernandez Jose Rafael; Kumar Ganesh; Perez Edwin,445700,9.733999999999998,2020-03-18,2020-03-24,2020-03-19 19:20:33,2020-03-26 19:02:57,1734588672.0,0.10138982763922244,-0.01925379136697325,-0.0014233771172682541,-0.0486137238174531
OFG,Ofg Bancorp,2020-09-23,2020-08-31,2020-09-22,3,5,Arizmendi Maritza; Fernandez Jose Rafael; Kumar Ganesh,518236,12.786,2020-08-31,2020-09-22,2020-09-01 09:59:30,2020-09-23 19:59:07,1734588672.0,0.009260363323939647,-0.00021429533300909576,0.1428157946599049,0.3121928794436175
OFIX,Orthofix Medical Inc.,2021-11-22,2021-11-18,2021-11-22,5,5,Burzik Catherine M; Doug Rice; Elting Kimberley A.; Paolucci Michael E; Serbousek Jon Carl,236962,30.589999999999996,2021-11-18,2021-11-22,2021-11-18 17:22:55,2021-11-22 18:02:17,523081472.0,0.027241223720955943,0.013623685141531783,0.017855056296759653,0.1074156988450986
OGE,Oge Energy Corp.,2023-03-15,2023-02-27,2023-03-14,3,3,Gates Cathy R.; Hauser David L; Rainbolt David E,221909,35.86333333333334,2023-02-27,2023-03-14,2023-03-01 15:09:56,2023-03-15 15:57:34,10069565440.0,0.011179565901795918,-0.010168161844146928,0.022591440584237565,-0.06456770967192527
OI,Owens Illinois Inc /de/,2016-03-02,2016-02-11,2016-02-29,4,4,Bertsch Jan; Connors Timothy M.; Hellman Peter S; Roberts Hugh H,267806,14.365,2016-02-11,2016-02-29,2016-02-12 16:10:16,2016-03-02 19:54:50,1926075136.0,0.03833832984369545,-0.03598363444522423,0.1543791602688891,0.20884136141239207
OII,Oceaneering International Inc,2018-12-28,2018-12-21,2018-12-28,3,3,Curtis Alan R; Larson Roderick A.; Lawrence David K,144187,11.61,2018-12-21,2018-12-28,2018-12-21 16:45:58,2018-12-28 14:38:59,3509094144.0,0.00849563672296183,0.18950919544068556,0.17634639101289085,0.18007472089439247
OII,Oceaneering International Inc,2022-09-30,2022-09-23,2022-09-29,3,4,Beachy Karen H; Childress Earl; Webster Steven A,374003,7.745,2022-09-23,2022-09-29,2022-09-26 18:18:45,2022-09-30 18:57:28,3509094144.0,0.09934697193341258,0.15185178818635414,0.732405033848512,1.0932580147262514
OKE,Oneok Inc /new/,2020-03-25,2020-03-10,2020-03-25,7,8,Derksen Brian L; Gibson John William; Helderman Mark W; Hulse Walter S III; Parker Gary David; Spears Mary M; Spencer Terry K,2933106,20.94625,2020-03-10,2020-03-25,2020-03-12 16:36:12,2020-03-25 15:49:03,53393055744.0,0.03052795466308389,-0.1415896453889749,0.21069988731992084,0.3728480091929667
OLMA,"Olema Pharmaceuticals, Inc.",2020-11-23,2020-11-19,2020-11-23,3,3,"Bvf Partners L P/il; Cormorant Asset Management, LP; Graham G. Walmsley",51686346,19.0,2020-11-19,2020-11-23,2020-11-20 20:02:43,2020-11-23 16:59:52,1878146944.0,-0.058810126420829056,0.08443481341378534,-0.19680144423374457,-0.03945914749757384
OLN,Olin Corp,2015-12-01,2015-11-04,2015-11-25,10,11,Bogus Donald W; Bunch C Robert; Fischer John E.; Larrimore Randall W; Pain George H; Rompala Richard M; Sampson John Maurice; Schulz Philip J; Smith Vince J; Varilek James A,4491955,19.87272727272727,2015-11-04,2015-11-25,2015-11-06 13:15:06,2015-12-01 12:22:58,2767056128.0,-0.02587518418375001,-0.04264922429337625,-0.17229170179959663,-0.22617684180173314
OLN,Olin Corp,2016-03-03,2016-02-11,2016-03-01,7,8,Benoist Gray G; Curley Stephen C; Dawson Pat D; Larrimore Randall W; Rupp Joseph D; Sampson John Maurice; Varilek James A,1796364,13.485,2016-02-11,2016-03-01,2016-02-16 08:43:59,2016-03-03 14:31:06,2767056128.0,0.014910195508265334,-0.04374854813035434,0.14115089959461802,0.38634885151767384
OLN,Olin Corp,2018-02-20,2018-02-12,2018-02-16,3,3,Bogus Donald W; Larrimore Randall W; Shipp Earl L,431504,32.12,2018-02-12,2018-02-16,2018-02-13 09:12:24,2018-02-20 09:22:42,2767056128.0,0.028039500128616113,-0.021974540501227158,-0.0677649484058086,0.021141441638177882
OLN,Olin Corp,2018-11-21,2018-11-01,2018-11-20,5,5,Bogus Donald W; Larrimore Randall W; Sampson John Maurice; Shipp Earl L; Sutton Scott McDougald,1007616,20.96,2018-11-01,2018-11-20,2018-11-05 11:04:51,2018-11-21 11:21:11,2767056128.0,0.0314771416137376,0.05124384101074164,0.11626261910288571,0.2773980224940049
OLN,Olin Corp,2019-08-27,2019-08-06,2019-08-23,6,7,Alderman Heidi S; Bunch C Robert; Shipp Earl L; Smith Vince J; Sutton Scott McDougald; Vermillion Teresa M,551174,17.28142857142857,2019-08-06,2019-08-23,2019-08-08 10:18:06,2019-08-27 10:23:32,2767056128.0,0.023327621081446148,0.056347099724271876,0.11412986673751235,0.01636433601299836
OLN,Olin Corp,2020-08-24,2020-08-10,2020-08-20,3,4,Bunch C Robert; Sutton Scott McDougald; Varilek James A,601105,10.835,2020-08-10,2020-08-20,2020-08-12 15:37:09,2020-08-24 11:27:57,2767056128.0,0.10992781126189244,0.12017570454152393,0.47012802913888474,1.197264470609404
OMF,"Onemain Holdings, Inc.",2016-03-02,2016-03-01,2016-03-02,7,7,Anderson John Charles; Borchers Bradford D.; Ho Timothy S; Hogan David P.; Hurzeler Robert; Levine Jay N.; Parker Scott T,1310520,23.447142857142858,2016-03-01,2016-03-02,2016-03-02 20:01:52,2016-03-02 21:02:55,6467014144.0,0.09317902357243679,0.00459736029926705,0.09533224095149673,0.22279239181993904
OMF,"Onemain Holdings, Inc.",2016-11-21,2016-11-10,2016-11-17,5,5,Anderson John Charles; Ho Timothy S; Hogan David P.; Kotval Anahaita N.; Levine Jay N.,1635896,18.524,2016-11-10,2016-11-17,2016-11-10 15:39:09,2016-11-21 16:26:59,6467014144.0,-0.0010318057115143997,-0.029502024840462715,0.12398789086744344,0.3221251880482494
ON,On Semiconductor Corp,2016-02-16,2016-02-11,2016-02-11,3,3,Jackson Keith D; McCranie J Daniel; Ressel Teresa,1458827,7.099999999999999,2016-02-11,2016-02-11,2016-02-16 08:41:45,2016-02-16 16:57:15,25518837760.0,0.08390838979591231,0.10388227343733947,0.26381907799010085,0.2159727126339135
ONB,Old National Bancorp /in/,2015-05-27,2015-04-29,2015-05-27,10,11,Braun Alan W; Ellerbrook Niel C; Goebel Andrew E; Jones Robert G; Kamin John R.; Ryan James C III; Shepard Randall T; Stanley Kelly N; Williams Daugherty Julie; Wolking Christopher A,419678,13.730909090909092,2015-04-29,2015-05-27,2015-04-29 10:23:23,2015-05-27 14:43:17,9171441664.0,0.009973143301951204,0.027295015377488463,0.08023300033898317,0.07581327227607937
ONB,Old National Bancorp /in/,2022-05-04,2022-04-28,2022-05-02,4,4,Falconer Brendon B; Ryan James C III; Sander Mark G; Scudder Michael L,377761,15.275,2022-04-28,2022-05-02,2022-05-02 17:02:16,2022-05-04 18:08:41,9171441664.0,0.006809896215537514,0.021696806099931742,0.038255173308373136,0.12542823423309013
ONB,Old National Bancorp /in/,2023-05-11,2023-04-28,2023-05-09,4,4,Brown Thomas Lynn; Hayley Kathryn; Moran John V; Ryan James C III,317678,14.7425,2023-04-28,2023-05-09,2023-05-02 18:38:51,2023-05-11 16:59:32,9171441664.0,0.009646837155593335,0.05874238077533289,0.08959805116153086,0.3333916579100691
ONTF,On24 Inc.,2021-08-24,2021-08-18,2021-08-24,3,3,Sharan Sharat; Trempont Dominique; Zwarenstein Barry,1540217,20.98,2021-08-18,2021-08-24,2021-08-19 17:44:13,2021-08-24 20:32:24,341984960.0,0.05492074297502114,0.0176463693372213,-0.10769289812117333,-0.26448544809698293
OOMA,Ooma Inc,2015-09-29,2015-09-28,2015-09-28,3,3,Jackson Spencer D.; Narula Ravi; Stang Eric B,77853,6.8,2015-09-28,2015-09-28,2015-09-29 16:56:19,2015-09-29 16:57:48,351950496.0,0.03858418036205258,0.05148203860628198,-0.07733944506594126,-0.08100548822618592
OPAL,Opal Fuels Inc.,2022-12-16,2022-12-01,2022-12-15,4,4,Anthony Ann T; Fogarty Kevin Michael; Maurer Jonathan Gilbert; Nisar Nadeem,662983,8.0375,2022-12-01,2022-12-15,2022-12-05 16:03:13,2022-12-16 16:07:13,357194144.0,0.07757446308628402,-0.0016130382822472367,-0.011829298187368664,0.07195739469461748
OPCH,"Option Care Health, Inc.",2021-05-20,2021-05-10,2021-05-19,4,4,Kraemer Harry M Jansen Jr; Pate R Carter; Rademacher John Charles; Shapiro Michael H.,923031,16.77,2021-05-10,2021-05-19,2021-05-12 14:08:48,2021-05-20 17:44:26,4952460288.0,0.04772933404365598,0.05466583045258666,0.17832925214818873,0.12845030628701726
OPCH,"Option Care Health, Inc.",2023-08-21,2023-08-11,2023-08-17,3,3,Kraemer Harry M Jansen Jr; Pate R Carter; Smyser Collin,2041522,34.54666666666666,2023-08-11,2023-08-17,2023-08-15 17:24:45,2023-08-21 17:08:33,4952460288.0,0.01636391611019139,-0.014053562218169668,-0.03457245683868837,-0.18301123357545734
OPK,"Opko Health, Inc.",2015-06-11,2015-05-11,2015-06-10,3,6,Baron Robert A; Frost Phillip Md Et Al; Lerner Richard A,753859,15.42,2015-05-11,2015-06-10,2015-05-12 06:28:48,2015-06-11 08:47:29,944601536.0,-0.027842161487550143,-0.050289911415378974,0.057635075599066776,-0.2509466215642837
OPK,"Opko Health, Inc.",2015-09-21,2015-08-21,2015-09-18,3,16,Frost Phillip Md Et Al; Hsiao Jane Ph D; Logal Adam,8809998,10.68125,2015-08-21,2015-09-18,2015-08-24 07:53:41,2015-09-21 06:04:10,944601536.0,-0.061777393391583835,-0.14323127536665792,-0.14514091715308164,-0.119625652092199
OPK,"Opko Health, Inc.",2016-04-01,2016-03-01,2016-03-31,3,15,Frost Phillip Md Et Al; Hsiao Jane Ph D; Rubin Steven D,2809110,10.047999999999998,2016-03-01,2016-03-31,2016-03-02 07:14:42,2016-04-01 08:11:24,944601536.0,-0.0025898814613554144,0.037686770967099825,-0.05790025191683579,-0.12735266027894365
OPK,"Opko Health, Inc.",2017-05-12,2017-04-11,2017-05-11,3,19,Frost Phillip Md Et Al; Hsiao Jane Ph D; Rubin Steven D,10590772,7.422105263157896,2017-04-11,2017-05-11,2017-04-12 06:12:08,2017-05-12 10:53:56,944601536.0,-0.042032852304489166,-0.060593754239450015,-0.017046635199476246,-0.16949708799053897
ORC,"Orchid Island Capital, Inc.",2015-04-06,2015-03-31,2015-04-06,3,3,Cauley Robert E; Filipps Frank P; Parker Ava L,58154,13.24,2015-03-31,2015-04-06,2015-03-31 12:44:16,2015-04-06 17:31:15,1405410304.0,0.01524746017830858,0.024310347287245238,0.03178444787736123,-0.13577424035653907
ORC,"Orchid Island Capital, Inc.",2017-03-07,2017-02-27,2017-03-03,4,4,Cauley Robert E; Filipps Frank P; Haas G Hunter IV; Heuvelen John Van,1108350,9.5475,2017-02-27,2017-03-03,2017-02-27 17:13:36,2017-03-07 16:15:12,1405410304.0,-0.032700301216433414,-0.012232991962543793,0.14617738345992792,0.06172403666012638
ORGO,Organogenesis Holdings Inc.,2019-09-16,2019-09-06,2019-09-13,5,7,"Ades Alan A.; Avista Capital Managing Member Iv, LLC; Katz Michael W; Mackie Wayne D; Nussdorf Glenn H",8160054,5.522857142857143,2019-09-06,2019-09-13,2019-09-10 18:30:03,2019-09-16 16:59:07,364237824.0,-0.027721735007074533,0.0865224988519262,0.2093063407646576,-0.22582577423264882
ORGO,Organogenesis Holdings Inc.,2021-12-06,2021-11-12,2021-12-02,3,6,"Gn 2016 Organo 10-Year Grat U/A/D September 30, 2016; Katz Michael W; Nussdorf Glenn H",606240,10.013333333333334,2021-11-12,2021-12-02,2021-11-19 17:03:10,2021-12-06 17:48:41,364237824.0,0.05213251133424168,-0.02061607680191191,-0.1905927648052419,-0.040837204218728496
ORI,Old Republic International Corp,2016-11-09,2016-10-28,2016-11-08,5,6,Dew Jimmy A; Hellauer James C; Van Mieghem Dennis P; Walker Steven R; Zucaro Aldo C,427141,16.743333333333332,2016-10-28,2016-11-08,2016-10-31 11:57:54,2016-11-09 13:25:24,10484456448.0,0.007598947733324035,0.023883771088567762,0.07804610655374411,0.17441100627002992
ORI,Old Republic International Corp,2020-05-07,2020-04-08,2020-05-06,4,6,Bateman Steven J; Kovaleski Charles J; Taubitz Fredricka; Zucaro Aldo C,228878,15.166666666666666,2020-04-08,2020-05-06,2020-04-10 14:27:31,2020-05-07 13:02:13,10484456448.0,0.07567505460076052,0.0051804201851330944,0.07534320551217522,-0.00011767214341462662
ORI,Old Republic International Corp,2020-08-10,2020-07-08,2020-08-06,3,3,Bateman Steven J; Kovaleski Charles J; Zucaro Aldo C,123657,16.05666666666667,2020-07-08,2020-08-06,2020-07-09 09:20:19,2020-08-10 13:30:30,10484456448.0,0.02437169787506499,-0.033835206324468015,-0.10495306071975585,0.0137775880194142
ORI,Old Republic International Corp,2021-09-09,2021-08-11,2021-09-08,3,4,Caldwell Lisa J; Kennedy Michael Denard; Kovaleski Charles J,54531,25.6675,2021-08-11,2021-09-08,2021-08-12 11:44:47,2021-09-09 08:56:27,10484456448.0,0.0077331344513758005,-0.0017400115816632589,0.046286367983190635,0.010383274340099335
ORI,Old Republic International Corp,2022-03-21,2022-03-01,2022-03-18,3,3,Adachi Barbara; Kennedy Michael Denard; Kovaleski Charles J,70073,25.78,2022-03-01,2022-03-18,2022-03-02 09:00:54,2022-03-21 08:45:24,10484456448.0,0.004798050011673105,-0.011348482646121871,-0.06709705903451968,0.0001606230994835034
ORN,Orion Group Holdings Inc,2024-03-07,2024-03-04,2024-03-06,3,3,Boone Travis J; Caliel Michael J; Earle Edward Chipman,189210,7.010000000000001,2024-03-04,2024-03-06,2024-03-04 17:52:04,2024-03-07 17:13:00,537517952.0,0.1660248532952031,0.16106960642346024,0.1167639303858572,0.3122022372988007
ORN,Orion Group Holdings Inc,2024-08-08,2024-07-31,2024-08-08,3,3,Boone Travis J; Smith Quentin P. Jr.; Sullivan Mary E,97361,7.353333333333333,2024-07-31,2024-08-08,2024-07-31 16:09:21,2024-08-08 17:50:30,537517952.0,0.028262148982112212,0.02429036948452401,-0.10048293687315246,-0.1527063216016603
ORRF,Orrstown Financial Services Inc,2018-11-26,2018-10-25,2018-11-23,10,12,Boyle David P; Fignar Robert J; Hornberger David Todd; Joiner Cindy Jeannette; Keller Mark K; Longenecker Thomas D; Quinn Thomas R Jr; Rice Michael John; Stoner Floyd E; Zullinger Joel R,152725,20.433333333333337,2018-10-25,2018-11-23,2018-10-25 13:13:43,2018-11-26 15:09:52,712208128.0,-0.022998067133876532,-0.047720947404378045,-0.042626643783318485,-0.06393208787361182
ORRF,Orrstown Financial Services Inc,2020-03-17,2020-03-11,2020-03-13,3,3,Fignar Robert J; Holt Christopher D; Snoke Glenn W,34575,16.433333333333334,2020-03-11,2020-03-13,2020-03-17 16:43:26,2020-03-17 16:44:08,712208128.0,-0.0308579703765145,-0.011967929483596151,-0.011831221126466618,-0.24091028623259336
ORRF,Orrstown Financial Services Inc,2020-10-28,2020-10-23,2020-10-27,3,3,Brugger Thomas R; Holt Christopher D; Hornberger David Todd,88646,13.75,2020-10-23,2020-10-27,2020-10-26 16:29:35,2020-10-28 16:24:07,712208128.0,0.03823161639801265,-0.007772169124007577,0.2074281236883646,0.21422340428964404
ORRF,Orrstown Financial Services Inc,2023-03-01,2023-01-31,2023-02-28,4,4,Dyckman Matthew; Joiner Cindy Jeannette; Longenecker Thomas D; Modi Meera R,42029,24.195,2023-01-31,2023-02-28,2023-02-02 17:15:23,2023-03-01 16:57:31,712208128.0,-0.001737701426766547,-0.02236497013957872,-0.20045702752360894,-0.24968396802826776
ORRF,Orrstown Financial Services Inc,2024-08-16,2024-08-09,2024-08-15,3,3,Brown Sarah M; Giambalvo John W; Joiner Cindy Jeannette,57342,32.37,2024-08-09,2024-08-15,2024-08-12 16:28:13,2024-08-16 16:24:10,712208128.0,0.03535946358981734,0.07342112747605833,0.054081325831193405,0.17360567256038717
OSBC,Old Second Bancorp Inc,2017-03-13,2017-02-08,2017-03-10,3,4,Bonifas Edward; Tapscott James F; Temple Rocks Patti,117040,10.855,2017-02-08,2017-03-10,2017-02-08 12:03:48,2017-03-13 12:19:35,1048117568.0,0.03543399399149172,-0.009637470963642092,0.08375881793792628,0.021766202215849573
OSBC,Old Second Bancorp Inc,2017-05-23,2017-05-01,2017-05-22,3,5,Bonifas Edward; Finn Barry; Temple Rocks Patti,105944,11.676,2017-05-01,2017-05-22,2017-05-02 15:21:39,2017-05-23 11:27:57,1048117568.0,0.004070058382467323,-0.008016102834708105,-0.0005770979158585821,-0.04056538564437617
OSBC,Old Second Bancorp Inc,2017-09-08,2017-08-16,2017-09-08,4,4,Bonifas Edward; Collins Gary S; Tapscott James F; Temple Rocks Patti,91563,11.355,2017-08-16,2017-09-08,2017-08-17 12:23:31,2017-09-08 17:30:09,1048117568.0,0.004346262850841498,0.0731503926966317,0.2667160543679894,0.16522104468606602
OSBC,Old Second Bancorp Inc,2018-12-18,2018-12-06,2018-12-18,3,3,Collins Gary S; Eccher James; Tapscott James F,33121,13.29,2018-12-06,2018-12-18,2018-12-06 16:33:41,2018-12-18 15:40:41,1048117568.0,0.009057575373415783,0.03187484938131957,0.035026487351968116,-0.022871074392688096
OSBC,Old Second Bancorp Inc,2021-09-07,2021-08-09,2021-09-01,7,10,Adams Bradley S.; Bonifas Edward; Collins Gary S; Eccher James; Klaeser Dennis L; McLean Hugh H; Tapscott James F,1174815,11.687,2021-08-09,2021-09-01,2021-08-11 16:17:12,2021-09-07 12:11:33,1048117568.0,0.020877197606770093,0.037446778727168395,0.11735577553088328,0.05220896364613903
OSCR,"Oscar Health, Inc.",2021-09-17,2021-08-20,2021-09-16,3,13,"Kushner Joshua; Schlosser Mario; Thrive Partners VII Growth Gp, LLC",150116807,15.977692307692308,2021-08-20,2021-09-16,2021-08-24 20:43:08,2021-09-17 17:05:43,4070215168.0,0.006813163965995295,-0.025049580687748207,-0.042311434908375745,-0.4486705262513879
OSPN,Onespan Inc.,2021-08-23,2021-08-09,2021-08-20,6,7,Boroditsky Marc; Johnson Marianne; McConnell Michael J; Nietzel Alfred A; Worth Steven; Zenner Marc,598632,18.82,2021-08-09,2021-08-20,2021-08-11 19:07:42,2021-08-23 17:49:03,401258816.0,0.05715498500603022,0.038133410279894475,0.06652378891879573,-0.00648227778770627
OUST,"Ouster, Inc.",2023-05-23,2023-05-16,2023-05-23,3,4,Boulet Virginia; Frichtl Mark; Pacala Charles Angus,837104,5.947499999999999,2023-05-16,2023-05-23,2023-05-18 16:05:44,2023-05-23 20:22:05,1303313280.0,-0.0480694007199709,0.0797760315492696,-0.23619992935987988,-0.09837555311676693
OUST,"Ouster, Inc.",2024-06-14,2024-05-15,2024-06-13,3,4,Boulet Virginia; Frichtl Mark; Pacala Charles Angus,520986,11.7925,2024-05-15,2024-06-13,2024-05-16 16:37:27,2024-06-14 16:05:03,1303313280.0,0.025550930151568618,-0.08338326259912843,0.24973890030259915,-0.4367383209817963
OUT,Outfront Media Inc.,2016-09-15,2016-09-06,2016-09-14,3,3,Male Jeremy J.; Shassian Donald R; Sriubas Andrew,341696,21.386666666666667,2016-09-06,2016-09-14,2016-09-06 21:11:24,2016-09-15 18:24:15,4804648960.0,0.046996310104888694,0.08689829028133356,0.014461923057458081,0.133067420134114
OXY,Occidental Petroleum Corp /de/,2019-06-13,2019-06-10,2019-06-13,8,8,Backus Marcia E.; Batchelder Eugene L.; Brown Oscar K; Burgher Cedric W.; Hollub Vicki A.; Klesse William R; Poladian Avedick Baruyr; Vangolen Glenn M.,4618690,48.47,2019-06-10,2019-06-13,2019-06-10 19:28:50,2019-06-13 17:53:49,52942790656.0,0.007641415177183752,0.025542657918166345,0.005067566813927504,-0.10103981561397057
OXY,Occidental Petroleum Corp /de/,2019-08-26,2019-08-05,2019-08-23,6,6,Brown Oscar K; Burgher Cedric W.; Dillon Kenneth; Foran Margaret M; Klesse William R; Shearer Bob,1565333,44.79833333333334,2019-08-05,2019-08-23,2019-08-06 18:21:19,2019-08-26 17:11:17,52942790656.0,-0.0075641525812313315,-0.013361164189595653,-0.036901371195377064,-0.18403983323006046
OXY,Occidental Petroleum Corp /de/,2019-12-09,2019-11-08,2019-12-06,3,5,Klesse William R; Moore Jack B; Shearer Bob,1781265,38.758,2019-11-08,2019-12-06,2019-11-12 17:49:42,2019-12-09 18:17:05,52942790656.0,-0.012750987810381753,-0.012088172329260738,0.0538130225693918,-0.24657831887731319
PAA,Plains All American Pipeline LP,2020-03-18,2020-03-12,2020-03-16,3,3,Chiang Willie Cw; Goebel Jeremy L.; Pefanis Harry N,406790,6.3566666666666665,2020-03-12,2020-03-16,2020-03-12 19:15:52,2020-03-18 18:45:02,15090596864.0,-0.005103508301440907,0.23084313488385377,0.7060602652570453,0.8412001476367974
PACK,Ranpak Holdings Corp.,2021-04-05,2020-06-01,2020-06-08,3,3,Asali Omar; Blackstone Holdings I L.P.; Drew William,2635420,7.53,2020-06-01,2020-06-08,2020-06-09 18:10:29,2021-04-05 15:33:34,425254400.0,0.0010244183493222092,-0.029503212050748573,-0.027365812305067738,0.12248163392044598
PACK,Ranpak Holdings Corp.,2022-08-23,2022-07-29,2022-08-19,4,5,Asali Omar; Drew William; Grassotti Antonio; Tranen Alicia M.,1947900,5.276,2022-07-29,2022-08-19,2022-08-02 16:02:30,2022-08-23 16:02:49,425254400.0,0.07374908693627091,-0.011899499097732025,-0.314638714645047,0.03590829113625782
PAGP,Plains Gp Holdings LP,2016-02-16,2016-02-10,2016-02-10,4,4,Armstrong Greg L; Chiang Willie Cw; Pefanis Harry N; Sinnott Robert V,8841110,5.77,2016-02-10,2016-02-10,2016-02-10 19:14:03,2016-02-16 19:49:06,5377650176.0,0.09730573559926703,0.10361811646934083,0.25464911640670307,0.49097269738330773
PAGP,Plains Gp Holdings LP,2017-08-14,2017-08-09,2017-08-10,3,3,Armstrong Greg L; Goyanes Everardo; McGee Richard K.,1554423,21.286666666666665,2017-08-09,2017-08-10,2017-08-09 12:38:12,2017-08-14 19:19:57,5377650176.0,-0.02306671213702438,-0.05711675782391812,0.04858710024289037,-0.004542259177664043
PAGP,Plains Gp Holdings LP,2019-11-20,2019-11-18,2019-11-20,3,3,Armstrong Greg L; Chiang Willie Cw; Goyanes Everardo,2415088,17.396666666666665,2019-11-18,2019-11-20,2019-11-19 17:52:09,2019-11-20 20:29:31,5377650176.0,0.05088213469894354,0.03009128331781552,0.11039567354643709,-0.08669257772097949
PAGP,Plains Gp Holdings LP,2020-03-18,2020-03-12,2020-03-16,3,3,Armstrong Greg L; Chiang Willie Cw; Pefanis Harry N,534033,6.81,2020-03-12,2020-03-16,2020-03-12 19:19:54,2020-03-18 18:49:48,5377650176.0,0.048615541199088175,0.346485258902238,0.8041589093575101,0.9009510245677597
PARR,"Par Pacific Holdings, Inc.",2020-03-19,2020-03-17,2020-03-17,3,3,Klein Melvyn N; Monteleone William; Pate William,556050,6.566666666666666,2020-03-17,2020-03-17,2020-03-19 08:00:07,2020-03-19 12:58:17,2325280000.0,0.3060607234744215,0.27693358613700614,0.38977966591746416,0.26143545940318424
PAY,"Paymentus Holdings, Inc.",2021-05-28,2021-05-28,2021-05-28,4,4,Ingram William; Morrow John C; Parson Matt; Portocalis Gerasimos (Jerry),2849973,21.0,2021-05-28,2021-05-28,2021-05-28 16:55:40,2021-05-28 17:07:00,3222090496.0,0.13302232161557592,0.00915486025654011,0.1923689853374082,-0.11368239038744976
PAYC,"Paycom Software, Inc.",2016-11-17,2016-11-04,2016-11-15,3,6,Parman Larry V; Peters Frederick C II; Richison Chad R.,1137634,42.038333333333334,2016-11-04,2016-11-15,2016-11-07 07:30:16,2016-11-17 16:57:05,7237175296.0,0.010296586263403906,-0.014439393176813642,0.03527558421611676,0.1368123069328233
PB,Prosperity Bancshares Inc,2020-03-24,2020-03-10,2020-03-23,5,7,Bouligny James A; Osmonov Asylbek; Rasche Charlotte M; Timanus H E Jr; Zalman David,1758836,47.05857142857143,2020-03-10,2020-03-23,2020-03-11 16:39:35,2020-03-24 13:34:34,6831905792.0,0.012643274301011642,-0.03581902045812946,0.057764922511755135,0.05972702941289665
PBB,"Pb Bankshares, Inc.",2022-05-09,2022-05-02,2022-05-06,3,3,Amin Janak M; Bixler Lindsay S; Byers Douglas L,47686,13.69,2022-05-02,2022-05-06,2022-05-02 13:56:57,2022-05-09 13:39:05,9095544832.0,,,,
PBF,Pbf Energy Inc.,2020-10-01,2020-09-09,2020-09-30,4,5,Control Empresarial De Capitales S.A. De C.V.; Nimbley Thomas J.; O Connor Thomas L; Young C Erik,2738488,6.36,2020-09-09,2020-09-30,2020-09-11 18:34:44,2020-10-01 12:00:29,4649010176.0,0.054102266963480194,0.11756631643045878,0.0015343541118555404,0.08605137742488989
PBH,"Prestige Brands Holdings, Inc.",2018-02-12,2018-02-05,2018-02-12,5,5,Costley Gary E; Jenness James M; Lombardi Ronald M.; P'Pool William; Ricciardi Natale S,828549,35.564,2018-02-05,2018-02-12,2018-02-05 16:04:57,2018-02-12 16:09:05,3317796864.0,-0.041497483079083075,-0.004979624988334708,-0.005881395424594649,-0.19082230915533283
PBI,Pitney Bowes Inc /de/,2016-11-21,2016-11-02,2016-11-18,3,3,Goldstein Daniel J; Guidotti Robert; Lautenbach Marc Bradley,144710,14.75,2016-11-02,2016-11-18,2016-11-03 12:30:30,2016-11-21 13:38:15,1699295872.0,0.00615909892343347,-0.022617754580243843,0.046353566485025866,-0.1566207839751228
PBI,Pitney Bowes Inc /de/,2019-05-09,2019-05-01,2019-05-09,3,3,Dies Jason; Dutkowsky Robert M; Sutula Stanley J III,99442,5.426666666666666,2019-05-01,2019-05-09,2019-05-03 12:03:52,2019-05-09 12:26:07,1699295872.0,-0.04585806211037702,-0.09017101194647159,-0.27363679494786763,-0.3359850789250286
PCB,Pcb Bancorp,2022-03-01,2022-02-01,2022-03-01,3,6,Chung Janice; Lee Mimi; Lee Sang Young,1016426,23.328333333333333,2022-02-01,2022-03-01,2022-02-02 18:48:55,2022-03-01 18:07:52,319583488.0,-0.02456001603038427,-0.05362160152423745,-0.11231756052156405,-0.10061724393988491
PCB,Pcb Bancorp,2022-11-18,2022-11-01,2022-11-18,3,3,Kim David W.; Lee Mimi; Lee Sang Young,248479,18.733333333333334,2022-11-01,2022-11-18,2022-11-01 16:13:19,2022-11-18 13:21:48,319583488.0,0.0066513780890467,-0.014467481396730597,-0.018813135586699392,-0.05516215818355674
PCB,Pcb Bancorp,2023-03-10,2023-02-16,2023-03-09,3,7,Cho Haeyoung; Lee Mimi; Lee Sang Young,579907,18.09714285714286,2023-02-16,2023-03-09,2023-02-16 18:37:01,2023-03-10 12:26:57,319583488.0,-0.08320526760505642,-0.14564986944155522,-0.2511092113050538,-0.13274083344025633
PCB,Pcb Bancorp,2024-01-30,2023-11-01,2023-11-29,3,5,Lee Mimi; Lee Sang Young; Rhee Don,241835,15.526000000000002,2023-11-01,2023-11-29,2023-11-22 17:35:10,2024-01-30 16:06:43,319583488.0,-0.030134466987446595,-0.08230823512390528,-0.15397899145486693,-0.15247017828839837
PCB,Pcb Bancorp,2024-12-02,2024-11-06,2024-11-29,3,6,Kim Henry; Lee Sang Young; Rhee Don,666672,20.936666666666667,2024-11-06,2024-11-29,2024-11-06 16:00:36,2024-12-02 16:05:56,319583488.0,0.0028616489081907392,0.0006530329611034169,,
PCRX,"Pacira Biosciences, Inc.",2024-08-19,2024-08-12,2024-08-16,5,6,Bigal Marcelo; Brege Laura; Froimson Mark; Lee Frank D.; Yang Michael J.,215684,12.441666666666668,2024-08-12,2024-08-16,2024-08-12 20:33:17,2024-08-19 08:25:55,950770240.0,0.06549593551722821,0.10732052428352734,0.1534178461448792,0.21816246690549979
PCT,"Purecycle Technologies, Inc.",2022-03-22,2022-03-17,2022-03-17,3,3,Fieler Jeffrey Richard; Glockner Timothy; Otworth Michael,15999970,7.0,2022-03-17,2022-03-17,2022-03-21 16:54:36,2022-03-22 08:08:34,1087496960.0,-0.11436528311834515,-0.05236043865359019,-0.005594927581689446,0.09818968196712496
PCVX,"Vaxcyte, Inc.",2020-06-18,2020-06-16,2020-06-16,4,4,"Emster Kurt Von; Heron Patrick J; Hopfner Robert Lorne; Tpg Group Holdings (Sbs) Advisors, Inc.",20688000,16.0,2020-06-16,2020-06-16,2020-06-16 19:13:16,2020-06-18 16:30:41,8686237696.0,0.04797928485549663,-0.00815753148633247,-0.12846689309754766,0.1304062189108801
PDLB,"Ponce Financial Group, Inc.",2022-06-15,2022-05-09,2022-06-06,5,6,Gonzalez Luis Gerardo Jr.; Lugo Nick R.; Naudon Carlos P; Tsavaris Steven; Vaccaro Sergio Javier,138982,9.446666666666667,2022-05-09,2022-06-06,2022-05-11 13:36:02,2022-06-15 11:23:32,374057536.0,0.018225848749326756,-0.006888921594895958,-0.09151964503197663,-0.0724931232195214
PDLB,"Ponce Financial Group, Inc.",2023-03-13,2023-02-09,2023-03-10,3,5,Gonzalez Luis Gerardo Jr.; Naudon Carlos P; Tsavaris Steven,141467,8.642,2023-02-09,2023-03-10,2023-02-10 17:23:15,2023-03-13 11:18:45,374057536.0,-0.07901392851842304,-0.08329117324188762,-0.18535344894438777,-0.06610238328711104
PDM,"Piedmont Office Realty Trust, Inc.",2015-09-02,2015-08-24,2015-09-01,3,3,McDowell Frank C; Miller Donald A; Swope Jeffrey L.,400450,17.156666666666666,2015-08-24,2015-09-01,2015-08-26 17:14:59,2015-09-02 17:03:00,926383488.0,0.0011970603648976397,-0.009328243044967932,0.07733648518068148,0.08869022366815815
PDM,"Piedmont Office Realty Trust, Inc.",2020-05-14,2020-05-04,2020-05-13,3,3,Cohen Glenn Gary; Swope Jeffrey L.; Taysom Dale H.,208933,14.723333333333334,2020-05-04,2020-05-13,2020-05-05 16:41:13,2020-05-14 14:26:06,926383488.0,-0.028247206252142054,0.019701020050590934,0.11161170323740222,0.04158280236283218
PDM,"Piedmont Office Realty Trust, Inc.",2020-11-04,2020-11-02,2020-11-02,3,3,Smith Christopher Brent; Swope Jeffrey L.; Wells George M.,305635,11.48,2020-11-02,2020-11-02,2020-11-04 16:33:15,2020-11-04 16:33:53,926383488.0,-0.05936147256968205,0.12150376639006266,0.2694674317947172,0.15048466293070084
PDM,"Piedmont Office Realty Trust, Inc.",2022-09-01,2022-08-04,2022-08-31,3,3,Cohen Glenn Gary; McDowell Frank C; Swope Jeffrey L.,597930,12.243333333333332,2022-08-04,2022-08-31,2022-08-04 16:31:56,2022-09-01 16:25:58,926383488.0,0.01677755687851956,0.025431180242770024,-0.06659230292754925,-0.13764789281365308
PDM,"Piedmont Office Realty Trust, Inc.",2023-03-21,2023-03-15,2023-03-20,7,7,Barrett Kelly Hefner; Bowers Robert E; Guilbert Edward H III; Lang Barbara B; Smith Christopher Brent; Swope Jeffrey L.; Taysom Dale H.,676095,7.144285714285714,2023-03-15,2023-03-20,2023-03-15 16:44:35,2023-03-21 16:31:38,926383488.0,-0.000103494499934631,-0.048571104760983475,-0.1593226200767448,-0.09065252486381192
PEBO,Peoples Bancorp Inc,2023-05-09,2023-04-27,2023-05-09,4,7,Beam S Craig; Rector Susan D.; Skinner Frances A; Smith Dwight Eric,135703,25.385714285714283,2023-04-27,2023-05-09,2023-04-28 15:24:57,2023-05-09 16:43:34,1174627584.0,-0.03821021600709129,-0.04537482638451895,0.021303921732988673,0.06039807414774456
PENN,Penn National Gaming Inc,2015-12-01,2015-11-19,2015-11-30,4,4,Fair William J; Reibstein Saul; Scaccetti Jane; Snowden Jay A,296834,15.9825,2015-11-19,2015-11-30,2015-11-19 18:39:11,2015-12-01 18:00:55,2179850496.0,-0.002367817741397271,-0.013605315208122692,-0.021714435013266753,-0.06530810306815804
PENN,Penn National Gaming Inc,2019-08-16,2019-08-07,2019-08-14,3,4,Handler David A; Reibstein Saul; Scaccetti Jane,796625,17.4275,2019-08-07,2019-08-14,2019-08-09 16:06:30,2019-08-16 16:11:31,2179850496.0,0.062412016482468635,0.07319505533034176,0.06285712420781131,0.25083182595074005
PENN,Penn National Gaming Inc,2020-05-18,2020-05-13,2020-05-13,3,3,Handler David A; Scaccetti Jane; Snowden Jay A,1049958,18.0,2020-05-13,2020-05-13,2020-05-15 08:06:11,2020-05-18 08:39:30,2179850496.0,0.2064807284253416,0.46898372307577296,0.49642768684941263,1.3876830133172877
PENN,"Penn Entertainment, Inc.",2024-09-12,2024-09-03,2024-09-10,3,3,Dhanda Anuj; Handler David A; Snowden Jay A,1450548,18.11666666666667,2024-09-03,2024-09-10,2024-09-03 17:56:16,2024-09-12 17:11:23,2179850496.0,0.11506799707512161,0.1073969895518947,0.040513523536950036,0.07674251673813193
PEPG,Pepgen Inc.,2024-04-09,2022-05-10,2022-05-10,3,3,"Flynn James E; Oxford Science Enterprises Plc; Ra Capital Management, L.P.",54310032,12.0,2022-05-10,2022-05-10,2022-05-10 18:22:06,2024-04-09 17:24:38,441363616.0,-0.028348995590180115,0.04789189162624741,0.09941862115604261,0.2897625777105437
PFIS,Peoples Financial Services Corp.,2015-05-22,2015-04-24,2015-05-16,5,6,Keisling James G; Kozik P Frank; Lochen Richard S Jr; Nicholas James B; Seasock Scott A,379225,40.11,2015-04-24,2015-05-16,2015-04-27 11:50:23,2015-05-22 13:48:17,543606016.0,-0.02065543894814159,-0.05369425007383366,0.05270821409731974,-0.04213883381826056
PFIS,Peoples Financial Services Corp.,2016-02-29,2016-02-08,2016-02-23,3,3,Jake Michael L; Seasock Scott A; Wright Joseph T Jr,27824,34.623333333333335,2016-02-08,2016-02-23,2016-02-11 10:03:35,2016-02-29 16:06:45,543606016.0,0.03877866483265846,0.03731290900538098,-0.021597634814798816,-0.04795083062879768
PFIS,Peoples Financial Services Corp.,2018-11-07,2018-10-26,2018-11-06,3,4,Aubrey William E II; Lochen Richard S Jr; Tulaney Thomas P,679541,41.1325,2018-10-26,2018-11-06,2018-10-26 11:43:47,2018-11-07 14:42:08,543606016.0,0.027420383680222704,0.07789330611564838,0.19246629647388325,0.06863586465827254
PFIS,Peoples Financial Services Corp.,2020-05-18,2020-04-30,2020-05-12,3,4,Aubrey William E II; Bodnyk Sandra; Lochen Richard S Jr,187464,34.74,2020-04-30,2020-05-12,2020-05-04 15:26:38,2020-05-18 13:59:09,543606016.0,-0.045812421329961106,-0.007247464404209314,0.029764307582768712,-0.07953893940692436
PFIS,Peoples Financial Services Corp.,2022-09-19,2022-09-01,2022-09-16,3,3,Aubrey William E II; Ramirez Elisa Z; Tulaney Thomas P,139081,48.876666666666665,2022-09-01,2022-09-16,2022-09-02 09:50:51,2022-09-19 11:49:33,543606016.0,-0.005074188273647473,0.04037018309953533,0.10899927639616469,0.07656951685474556
PFIS,Peoples Financial Services Corp.,2023-10-19,2023-05-15,2023-05-24,6,6,Aubrey William E II; Kukuchka Ronald G; Lochen Richard S Jr; Ramirez Elisa Z; Tulaney Thomas P; Wright Joseph T Jr,363361,37.82833333333334,2023-05-15,2023-05-24,2023-05-16 12:00:42,2023-10-19 09:55:55,543606016.0,0.011553999848576302,0.010333963441403804,0.033700834623316966,0.042614450166486906
PFIS,Peoples Financial Services Corp.,2024-08-08,2024-07-30,2024-08-07,3,4,Conaboy William P; Kukuchka Ronald G; Lochen Richard S Jr,180717,46.3975,2024-07-30,2024-08-07,2024-08-01 14:18:42,2024-08-08 20:52:07,543606016.0,-0.04547804361935104,-0.05650409931445388,0.01005517130725031,-0.011799582362968186
PFS,Provident Financial Services Inc,2020-05-18,2020-05-04,2020-05-18,3,3,Dunigan James P; Foley Ursuline F; Sierotko Walter,52642,12.27,2020-05-04,2020-05-18,2020-05-05 16:31:24,2020-05-18 16:22:39,2797931520.0,0.043327518172201485,0.107669633616154,0.1692152379698324,0.07411555935096281
PFS,Provident Financial Services Inc,2020-09-11,2020-08-11,2020-09-10,5,6,Dunigan James P; Kuntz John F; Labozzetta Anthony J; Martin Christopher P; Sierotko Walter,388459,13.866666666666667,2020-08-11,2020-09-10,2020-08-12 16:10:39,2020-09-11 16:12:00,2797931520.0,0.046704973304797504,0.013583030910582439,0.04024433025012586,0.26410369806571365
PFS,Provident Financial Services Inc,2023-05-10,2023-05-02,2023-05-05,3,4,Dunigan James P; Labozzetta Anthony J; Lista George,82169,15.65,2023-05-02,2023-05-05,2023-05-03 12:55:12,2023-05-10 16:18:16,2797931520.0,-0.011446799801516083,0.04988911485577341,0.035334129125157876,0.1263754946256883
PGC,Peapack Gladstone Financial Corp,2016-02-26,2016-02-03,2016-02-25,8,12,Bilotta Anthony V Jr; Carfora Jeffrey J; Gramigna Edward A Jr; Kennedy Douglas L; Meyercord F Duffield; Smith Philip W III; Waser Eric H.; Welsh Beth,341746,17.56,2016-02-03,2016-02-25,2016-02-04 12:48:42,2016-02-26 09:05:55,597148224.0,0.01497431871398891,0.005295287875767718,-0.030566795385093215,0.05711780361778418
PGC,Peapack Gladstone Financial Corp,2016-04-27,2016-04-25,2016-04-26,4,4,Carfora Jeffrey J; Kennedy Douglas L; Meyercord F Duffield; Waser Eric H.,272550,19.3725,2016-04-25,2016-04-26,2016-04-27 12:08:47,2016-04-27 15:26:18,597148224.0,-0.03456794309199229,-0.0636089841946933,-0.03915306165363952,-0.027546645233232914
PGC,Peapack Gladstone Financial Corp,2016-09-07,2016-06-08,2016-06-15,3,4,Carfora Jeffrey J; Waser Eric H.; Welsh Beth,68794,19.1175,2016-06-08,2016-06-15,2016-06-09 13:19:19,2016-09-07 17:32:27,597148224.0,0.020095924497970485,0.05722557486670965,0.11851702433585465,0.37829629411229604
PGC,Peapack Gladstone Financial Corp,2018-11-07,2018-11-05,2018-11-06,3,3,Carfora Jeffrey J; Kennedy Douglas L; Waser Eric H.,97429,27.77333333333333,2018-11-05,2018-11-06,2018-11-06 10:39:33,2018-11-07 11:29:44,597148224.0,0.0029744542877849778,0.020426852273864426,0.0029944687878847853,-0.009141652617456919
PGC,Peapack Gladstone Financial Corp,2020-03-19,2020-03-16,2020-03-19,9,9,Bowser Carmen M; Carfora Jeffrey J; Daingerfield Richard; Debel Richard; Doyle Timothy E; Horst Peter D.; Kennedy Douglas L; Meyercord F Duffield; Plante Robert A.,292395,15.376666666666669,2020-03-16,2020-03-19,2020-03-17 10:43:40,2020-03-19 16:54:26,597148224.0,0.0788985521009562,0.3137610449102466,0.2348564572067935,0.1332547558338646
PGC,Peapack Gladstone Financial Corp,2020-11-09,2020-11-02,2020-11-06,9,10,Babcock John P; Carfora Jeffrey J; Doyle Timothy E; Horst Peter D.; Kass Steven A; Kennedy Douglas L; Meyercord F Duffield; Plante Robert A.; Spinelli Anthony W.,196893,17.104999999999997,2020-11-02,2020-11-06,2020-11-03 16:59:35,2020-11-09 15:11:20,597148224.0,0.21365189476163526,0.22317940276161474,0.23212609906691695,0.41063589949140633
PGC,Peapack Gladstone Financial Corp,2022-05-24,2022-05-02,2022-05-23,5,5,Bowser Carmen M; Carfora Jeffrey J; Horst Peter D.; Kass Steven A; Kennedy Douglas L,192826,31.372000000000003,2022-05-02,2022-05-23,2022-05-04 13:59:30,2022-05-24 13:06:08,597148224.0,0.029679314689345926,0.016363926358252234,-0.044118521363513685,0.07178450918139312
PGC,Peapack Gladstone Financial Corp,2023-03-29,2023-03-13,2023-03-28,4,4,Bowser Carmen M; Cavallaro Frank A.; Kennedy Douglas L; Meyercord F Duffield,307433,30.237500000000004,2023-03-13,2023-03-28,2023-03-13 16:34:35,2023-03-29 15:31:47,597148224.0,-0.042207109074055005,-0.07346300227879587,-0.21960535488395438,-0.19205969363154607
PGY,Pagaya Technologies Ltd.,2024-04-09,2024-04-03,2024-04-05,6,6,Das Sanjiv; Krubiner Gal; Pardo Avital; Rosen Tami; Yulzari Yahav; Zeevi Avi,2012402,10.38,2024-04-03,2024-04-05,2024-04-09 09:07:02,2024-04-09 09:13:33,906866112.0,-0.004597204964347679,-0.08561787808153953,0.02320843057607913,0.1185058575064688
PHAT,"Phathom Pharmaceuticals, Inc.",2022-05-16,2022-05-12,2022-05-16,3,3,Curran Terrie; Nabulsi Azmi; Parikh Asit,415123,7.856666666666667,2022-05-12,2022-05-16,2022-05-16 20:39:34,2022-05-16 20:48:00,862048512.0,0.2288773216553237,0.06451430249548162,0.09543924127678005,0.09393443155893388
PHAT,"Phathom Pharmaceuticals, Inc.",2023-04-11,2023-04-06,2023-04-11,3,3,Curran Terrie; Nabulsi Azmi; Parikh Asit,191175,7.876666666666668,2023-04-06,2023-04-11,2023-04-07 15:19:51,2023-04-11 16:05:10,862048512.0,0.08941634074838478,0.2220201698476394,0.6106507276333051,0.627603578654367
PI,Impinj Inc,2020-03-17,2020-03-10,2020-03-13,3,4,Baker Cary; Dossett Jeffrey; Gibson Daniel Patrick,2740935,20.025,2020-03-10,2020-03-13,2020-03-13 16:23:51,2020-03-17 16:35:11,3526223872.0,-0.10829601106122033,0.13017463426024412,0.48392126056926754,0.49475914323359826
PINE,"Alpine Income Property Trust, Inc.",2019-12-13,2019-12-06,2019-12-12,3,3,Decker Mark Okey Jr; Greathouse Steven Robert; Smith Daniel Earl,79130,18.683333333333337,2019-12-06,2019-12-12,2019-12-10 13:00:15,2019-12-13 16:30:30,319886752.0,0.002116203101603542,-0.006300883578316929,-0.01587959618332535,-0.06636479545581575
PINE,"Alpine Income Property Trust, Inc.",2020-03-16,2020-03-11,2020-03-13,4,4,Decker Mark Okey Jr; Greathouse Steven Robert; Patten Mark E; Smith Daniel Earl,60625,14.1375,2020-03-11,2020-03-13,2020-03-13 17:00:21,2020-03-16 14:25:24,319886752.0,-0.23873572141879862,0.07713771850498785,-0.10537035042150511,-0.03882060257983033
PIPR,Piper Sandler Companies,2020-03-20,2020-03-11,2020-03-20,4,4,Abraham Chad R; Carter Timothy L; Larue R Scott; Schoneman Debbra L.,925953,43.605,2020-03-11,2020-03-20,2020-03-12 16:11:31,2020-03-20 18:08:00,5056648704.0,0.05162911330882458,0.2483007965508277,0.15746185377389144,0.33881839804342806
PJT,Pjt Partners Inc.,2015-12-21,2015-11-18,2015-12-17,6,7,Cuminale James W; Hersch Dennis S; Lee Ji-Yeun; Meates Helen T; Ryan Thomas M; Taubman Paul J,7155460,20.91,2015-11-18,2015-12-17,2015-11-20 17:26:39,2015-12-21 16:28:49,5870701568.0,-0.05214635271260226,0.024551824352287754,-0.03252037837410793,-0.056668936565490546
PJT,Pjt Partners Inc.,2016-08-19,2016-08-04,2016-08-17,3,4,Hersch Dennis S; Lee Ji-Yeun; Taubman Paul J,1027353,24.4125,2016-08-04,2016-08-17,2016-08-08 16:32:29,2016-08-19 16:29:03,5870701568.0,0.011609360980557315,0.0059618366663409805,0.09694548147075766,0.2110392964502389
PJT,Pjt Partners Inc.,2017-03-22,2017-02-21,2017-03-21,3,4,Costos James; Cuminale James W; Taubman Paul J,1286351,37.584999999999994,2017-02-21,2017-03-21,2017-02-23 17:33:18,2017-03-22 19:04:11,5870701568.0,-0.024370850393469312,-0.028884663636133623,-0.005665244852973039,0.03692024065833066
PK,Park Hotels & Resorts Inc.,2020-03-13,2020-03-11,2020-03-12,4,5,Baltimore Thomas J Jr; Eckert Thomas D; Natelli Thomas A; Olander Jill C,1284038,11.716,2020-03-11,2020-03-12,2020-03-12 16:40:38,2020-03-13 18:26:48,2245592320.0,-0.1729295998003063,-0.15570496841956072,-0.177790284602382,0.4248920854004963
PKOH,Park Ohio Holdings Corp,2020-03-26,2020-03-16,2020-03-26,5,5,Fogarty Patrick W; Grampa John D; Romney Ronna; Rosen Steven H; Vilsack Robert D,211873,14.466,2020-03-16,2020-03-26,2020-03-16 16:41:45,2020-03-26 16:01:37,378830624.0,0.16298501632830265,0.10677086015464288,-0.2777071113637727,-0.26104673771023124
PL,Planet Labs Pbc,2021-12-23,2021-12-16,2021-12-22,3,3,De Masi Niccolo; Marshall William Spencer; Weil Kevin,1364490,6.386666666666667,2021-12-16,2021-12-22,2021-12-20 06:30:40,2021-12-23 06:15:07,8629576704.0,-0.011013487472197214,-0.047040442665558624,0.004312843113248088,-0.12334065284466611
PLAY,"Dave & Buster'S Entertainment, Inc.",2022-10-18,2022-10-11,2022-10-14,5,5,Hill Path Capital Partners LP; Hill Path D Fund LP; Lehner Les; Quartieri Michael; Wehner Tony,20433047,32.596000000000004,2022-10-11,2022-10-14,2022-10-11 16:42:19,2022-10-18 11:13:41,510493504.0,0.02773506241218504,0.03320706104834659,0.05371012589125068,0.17127971983630075
PLAY,"Dave & Buster'S Entertainment, Inc.",2022-12-30,2022-12-08,2022-12-28,6,14,Hill Path Capital Partners LP; Hill Path D Fund LP; Klohn Steve; Pineiro Antonio; Quartieri Michael; Zickefoose Ashley,124354662,34.57571428571429,2022-12-08,2022-12-28,2022-12-12 10:45:59,2022-12-30 17:46:16,510493504.0,0.018238709099120176,0.13346859033691705,0.17648498603062435,-0.01049822622355534
PLAY,"Dave & Buster'S Entertainment, Inc.",2024-12-19,2024-12-12,2024-12-19,4,5,Dodds Hamish; Griffith Michael J; Pineiro Antonio; Sheehan Kevin M,2256012,26.772,2024-12-12,2024-12-19,2024-12-12 17:30:57,2024-12-19 16:30:03,510493504.0,0.029333179201666892,0.0888365707302674,,
PLBC,Plumas Bancorp,2015-02-25,2015-02-11,2015-02-24,3,3,Flournoy John; McClintock Robert J; Ryback Andrew J,47353,9.03,2015-02-11,2015-02-24,2015-02-13 16:32:44,2015-02-25 17:30:03,352612512.0,0.041577989617969546,0.045877851636037414,0.060183858998415385,0.044019366134318005
PLBC,Plumas Bancorp,2018-02-27,2018-02-06,2018-02-23,3,3,Coldani Steven M.; Kenny Richard Francis; McClintock Robert J,97984,24.313333333333333,2018-02-06,2018-02-23,2018-02-08 15:17:03,2018-02-27 13:41:00,352612512.0,0.0004902597499429895,-0.005935552730814142,0.017880042477917857,0.12395554333482306
PLBC,Plumas Bancorp,2018-12-03,2018-11-13,2018-11-30,3,4,Kenny Richard Francis; McClintock Robert J; Ryback Andrew J,84715,24.8425,2018-11-13,2018-11-30,2018-11-14 18:13:27,2018-12-03 14:33:11,352612512.0,0.05227876687635569,0.009534272021448076,0.06842293496081864,0.02563811840266217
PLBC,Plumas Bancorp,2019-11-01,2019-07-24,2019-07-26,3,3,Ascuaga Michonne R.; Kenny Richard Francis; Moore Jeffrey T.,87197,24.623333333333335,2019-07-24,2019-07-26,2019-07-25 18:30:01,2019-11-01 12:16:19,352612512.0,-0.013319030041766933,-0.019858746835995755,0.1221458550346406,0.06850376954152404
PLNT,"Planet Fitness, Inc.",2020-03-16,2020-03-12,2020-03-13,3,3,Lively Dorvin D; Miller Craig Jeffrey; Rondeau Christopher,1619118,51.26,2020-03-12,2020-03-13,2020-03-13 17:46:27,2020-03-16 16:35:34,6899680768.0,-0.28304704483531173,-0.1385474073432118,0.052504363561652445,0.10275423782745174
PLPC,Preformed Line Products Co,2022-09-16,2022-09-14,2022-09-14,3,3,Ruhlman Randall M; Ruhlman Robert G; Wensink Katherine E.,107945280,44.4,2022-09-14,2022-09-14,2022-09-16 16:30:16,2022-09-16 16:30:41,1237074048.0,-0.0035611646336399794,-0.013824760161252558,0.03273098465238977,0.10503148677049001
PLSE,"Pulse Biosciences, Inc.",2017-09-26,2017-09-14,2017-09-24,3,4,Duggan Robert W; Levinson Mitchell E.; Zanganeh Maky,36369943,13.759999999999998,2017-09-14,2017-09-24,2017-09-18 21:06:03,2017-09-26 18:32:49,1217722496.0,-0.04890799486988562,0.0018691020892351862,0.30918717298117326,0.1684614713383754
PLSE,"Pulse Biosciences, Inc.",2023-12-14,2023-11-15,2023-12-12,3,14,Danahy Kevin Patrick; Duggan Robert W; Levinson Mitchell E.,9686015,8.645000000000001,2023-11-15,2023-12-12,2023-11-17 09:10:09,2023-12-14 19:37:55,1217722496.0,-0.02633446682287166,0.18748462774244157,-0.14766606635477497,-0.03666778728395492
PLYM,Plymouth Industrial Reit Inc.,2017-06-14,2017-06-09,2017-06-12,3,3,White Pendleton P; Witherell Jeffrey E; Wright Daniel C,25620,18.22,2017-06-09,2017-06-12,2017-06-14 10:20:04,2017-06-14 17:45:46,990011328.0,-0.003941792609528538,-0.008066333368918155,-0.022225195394775632,-0.011281391567053323
PLYM,Plymouth Industrial Reit Inc.,2017-12-08,2017-11-24,2017-12-07,3,5,White Pendleton P; Witherell Jeffrey E; Wright Daniel C,49959,17.818,2017-11-24,2017-12-07,2017-11-28 10:53:09,2017-12-08 13:43:19,990011328.0,-0.018817083853111538,0.012337040523848097,-0.045922427357437234,-0.06238472398268924
PLYM,Plymouth Industrial Reit Inc.,2018-03-22,2018-03-13,2018-03-21,3,5,White Pendleton P; Witherell Jeffrey E; Wright Daniel C,33438,17.488,2018-03-13,2018-03-21,2018-03-15 11:58:12,2018-03-22 16:24:14,990011328.0,0.0429698545054531,0.013372953363208095,-0.007575120206966934,-0.049988054010184024
PLYM,Plymouth Industrial Reit Inc.,2018-12-21,2018-12-19,2018-12-19,3,3,Deagazio Richard J; White Pendleton P; Wright Daniel C,28503,12.386666666666668,2018-12-19,2018-12-19,2018-12-21 12:55:51,2018-12-21 12:56:57,990011328.0,0.10787087584160204,0.07661815236019187,0.26215330932175784,0.27417097142453684
PM,Philip Morris International Inc.,2018-05-15,2018-04-25,2018-05-11,4,4,Geissler Werner; Li Jennifer; Whitson Jerry; Zielinski Miroslaw,7960000,81.765,2018-04-25,2018-05-11,2018-04-25 15:33:38,2018-05-15 15:54:02,276979974144.0,0.003081909106069536,-0.010888049735404581,0.010969054472616313,0.009562416295230802
PMT,Pennymac Mortgage Investment Trust,2020-03-30,2020-03-18,2020-03-27,5,7,"Carnahan Scott W.; Hadley Randall D.; McAllister, Nancy; Sullivan Marianne; Willey Frank P",1289687,6.8028571428571425,2020-03-18,2020-03-27,2020-03-18 21:16:39,2020-03-30 18:24:52,1049420352.0,-0.06717528876020196,-0.34299554909947383,-0.2927786714026226,0.33601300832786185
PNFP,Pinnacle Financial Partners Inc,2020-06-12,2020-06-03,2020-06-11,7,8,Brock Charles E; Callicutt Richard D II; Farnsworth Thomas C III; Galante Joseph C; Ingram David B; McCabe Robert A Jr; Thompson G Kennedy,4800000,25.0,2020-06-03,2020-06-11,2020-06-05 09:02:46,2020-06-12 08:52:39,13709504512.0,0.0658727047853298,0.06914653231531798,-0.06988237119497276,-0.10939113128505684
PODD,Insulet Corp,2015-05-28,2015-05-05,2015-05-28,4,4,Ryan Patrick; Scannell Timothy J; Sullivan Patrick J; Thomas Bradley A,779131,27.3025,2015-05-05,2015-05-28,2015-05-06 18:31:39,2015-05-28 17:59:51,17024531456.0,0.01481843057331067,0.055204749336752235,0.13383826411112165,0.08819491744171049
PODD,Insulet Corp,2016-12-12,2016-12-01,2016-12-09,3,3,Alpuche Charles; Sullivan Patrick J; Thomas Bradley A,1705117,34.68,2016-12-01,2016-12-09,2016-12-05 08:36:06,2016-12-12 08:40:01,17024531456.0,-0.009240938956433964,0.02424888109208201,0.07942911506376116,0.13855473280700714
PODD,Insulet Corp,2017-05-18,2017-05-11,2017-05-16,3,3,Hopfield Jessica; Spears Michael P; Thomas Bradley A,317330,39.32,2017-05-11,2017-05-16,2017-05-12 08:31:25,2017-05-18 08:29:50,17024531456.0,0.023923660251494505,0.026535430267559335,0.23343442801221315,0.2812167153868175
PRAA,Pra Group Inc,2023-06-06,2023-05-17,2023-06-02,4,4,Atal Vikram A; Connelly Marjorie Mary; Paschke Brett Lee; Tabakin Scott M,1272900,19.2475,2023-05-17,2023-06-02,2023-05-19 11:27:33,2023-06-06 19:11:23,662689856.0,0.09975813436408432,0.10906965703566618,0.06497471909971697,-0.12718744461149867
PRCT,Procept Biorobotics Corp,2021-09-21,2021-09-17,2021-09-17,7,7,Cpmg Inc; Desai Antal Rohit; Harris Taylor C.; Krummel Thomas M; Moll Frederic H; Viking Global Investors LP; Wood Morgan Colby,46545000,26.428571428571427,2021-09-17,2021-09-17,2021-09-21 16:27:13,2021-09-21 18:36:22,1467371776.0,-0.001569602154053662,-0.04755818707492632,0.046091240890131724,-0.32545097223058594
PRG,"Prog Holdings, Inc.",2021-08-09,2021-08-03,2021-08-09,3,3,Curling Douglas C; Garner Brian; Michaels Steven A,536825,42.97,2021-08-03,2021-08-09,2021-08-04 18:08:18,2021-08-09 17:25:02,1294128896.0,-0.006067854049765731,-0.0006525286209904113,-0.030703545067004234,-0.11802617904836232
PRG,"Prog Holdings, Inc.",2022-08-05,2022-08-02,2022-08-03,4,4,Doman Curtis Linn; Garner Brian; Michaels Steven A; Thomas Eugene Vin IV,1317833,19.235,2022-08-02,2022-08-03,2022-08-03 14:58:29,2022-08-05 09:22:37,1294128896.0,0.06423533992915587,-0.004981608655507452,0.0030544893517593374,-0.11850012613966077
PRGO,Perrigo Co Plc,2018-11-14,2018-11-09,2018-11-13,5,5,Andersen Svend; Kessler Murray S; Kingma Todd W; Parker Geoffrey M.; Samuels Theodore R. II,1875840,64.30799999999999,2018-11-09,2018-11-13,2018-11-09 13:51:17,2018-11-14 09:47:28,1567537536.0,-0.03227894385118646,-0.04110593263056317,-0.3296053693035813,-0.275499383042904
PRGO,Perrigo Co Plc,2021-12-20,2021-12-02,2021-12-17,6,6,Alford Bradley A; Andersen Svend; Classon Rolf A; Kingma Todd W; Parker Geoffrey M.; Silcock Raymond,2002730,36.68,2021-12-02,2021-12-17,2021-12-03 11:10:49,2021-12-20 12:05:01,1567537536.0,0.03229986237453342,0.016850725197725902,-8.746752551502812e-05,0.07001137035013172
PRGO,Perrigo Co Plc,2023-11-27,2023-11-14,2023-11-24,4,4,Bezerra Eduardo Guarita; Ives Alison; Lockwood-Taylor Patrick; Willis Robert,696710,29.630000000000003,2023-11-14,2023-11-24,2023-11-14 19:12:30,2023-11-27 19:12:18,1567537536.0,-0.012469197712466684,0.022043724780535845,0.038880897941982795,-0.06902059009865269
PRGO,Perrigo Co Plc,2024-03-07,2024-02-29,2024-03-05,3,4,Ives Alison; Lockwood-Taylor Patrick; Willis Robert,525872,26.535,2024-02-29,2024-03-05,2024-02-29 13:39:15,2024-03-07 21:58:50,1567537536.0,0.08371696654955008,0.0996717331078778,0.13295973647775394,-0.03483350800001861
PRGS,Progress Software Corp /ma,2020-10-05,2020-10-01,2020-10-05,3,3,Folger Anthony; Gawlick Rainer; Gupta Yogesh K,237996,37.67333333333334,2020-10-01,2020-10-05,2020-10-01 16:06:42,2020-10-05 16:10:23,1668246400.0,0.02347578247629567,0.010504454826158804,-0.010867701311686462,0.06685913319386438
PRIM,Primoris Services Corp,2018-02-27,2018-02-26,2018-02-26,4,4,King David Lee; McCormick Thomas Edward; Moerbeek Peter J; Perisich John M.,407424,20.87,2018-02-26,2018-02-26,2018-02-27 17:14:10,2018-02-27 17:19:00,7950630912.0,0.06739143295635053,0.10954569924116209,0.17190784317196073,0.09978656085701731
PRM,"Perimeter Solutions, Sa",2021-11-10,2021-11-09,2021-11-09,8,8,Cornwall Stephen; Goldberg Edward D.; Hennessy Sean P; Horn Shannon; Kremling Ernest C. II; Lederman Barry; Stein Kevin M; Yokozuka Noriko,13048100,10.0,2021-11-09,2021-11-09,2021-11-10 19:18:21,2021-11-10 19:29:36,3603421696.0,0.10522409273243516,0.09337390151712355,0.15623971115272406,0.1396866981656475
PRME,"Prime Medicine, Inc.",2022-10-26,2022-10-24,2022-10-24,4,4,"Arch Venture Partners X, LLC; Cahill Thomas; Gv 2019 Gp, L.L.C.; Nelsen Robert",47600000,17.0,2022-10-24,2022-10-24,2022-10-26 20:00:34,2022-10-26 20:02:00,763560064.0,0.09071541685377282,0.29152988151120285,0.04785003956969058,0.00599636026996464
PRME,"Prime Medicine, Inc.",2024-02-20,2024-02-15,2024-02-15,3,3,"Arch Venture Partners X, LLC; Arch Venture Partners Xii, LLC; Nelsen Robert",60000000,6.25,2024-02-15,2024-02-15,2024-02-20 17:37:44,2024-02-20 17:41:09,763560064.0,0.008150504478180554,0.09507461346758239,-0.35749058330002736,-0.26484013752753155
PRU,Prudential Financial Inc,2017-03-07,2017-02-21,2017-03-03,3,3,Paz George; Pianalto Sandra; Todman Michael,127927,111.55,2017-02-21,2017-03-03,2017-02-23 11:43:38,2017-03-07 12:59:24,34365001728.0,-0.001245516109754874,-0.0028547247938043308,-0.05430538545100272,-0.06661152004487925
PRU,Prudential Financial Inc,2019-09-10,2019-09-09,2019-09-09,3,3,Falzon Robert; Lowrey Charles F; Tanji Kenneth,1137848,83.83333333333334,2019-09-09,2019-09-09,2019-09-10 17:10:02,2019-09-10 17:12:17,34365001728.0,0.038493528993887915,0.039452627618884906,0.07590693206922139,0.040093808250152074
PSN,Parsons Corp,2020-03-17,2020-03-12,2020-03-13,4,4,Ball George L.; Harrington Charles L.; Kolloway Michael Richard; McMahon Harry T.,2132362,28.895,2020-03-12,2020-03-13,2020-03-13 16:16:15,2020-03-17 16:33:38,7098529280.0,-0.07925660615749786,0.07019650505655495,0.2006269093442683,0.15066316058650298
PSN,Parsons Corp,2021-12-20,2021-12-15,2021-12-16,3,3,Ball George L.; Kolloway Michael Richard; Smith Carey A.,1437221,31.30666666666666,2021-12-15,2021-12-16,2021-12-17 16:42:35,2021-12-20 16:45:22,7098529280.0,0.05128165080488323,0.06949832823640567,0.014164453611097971,0.25831454801610865
PTGX,"Protagonist Therapeutics, Inc",2016-08-18,2016-08-16,2016-08-16,5,5,"Canaan X L.P.; Johnson & Johnson; Lv Management Group, LLC; Papanek Julie; Shanafelt Armen",34999980,12.0,2016-08-16,2016-08-16,2016-08-16 18:19:50,2016-08-18 17:11:34,5825736192.0,0.004331912907137969,-0.08466604437750158,0.8043052708830256,1.0737700613394634
PTGX,"Protagonist Therapeutics, Inc",2019-12-03,2019-12-03,2019-12-03,4,4,Giraudo Bryan; Gupta Suneel; Kalkofen Donald A.; Patel Dinesh V Ph D,374007,5.387499999999999,2019-12-03,2019-12-03,2019-12-03 18:10:33,2019-12-03 18:46:06,5825736192.0,-0.08303846767395273,-0.15465251706494332,-0.25804771264110227,-0.10177881007255385
PTON,"Peloton Interactive, Inc.",2019-10-02,2019-09-26,2019-09-30,4,4,"Boone Karen; Draft Howard C.; Tcv IX Cycle, L.P.; Tcv X Cycle, L.P.",102499949,29.0,2019-09-26,2019-09-30,2019-09-30 18:23:17,2019-10-02 19:25:01,1663662336.0,0.0016202408703074322,0.07291043355826421,0.10006776950968899,0.09304418912801293
PVH,Pvh Corp. /de/,2022-09-07,2022-09-06,2022-09-06,3,3,Coughlin Zachary; Hagman Martijn; Larsson Stefan,1200094,53.906666666666666,2022-09-06,2022-09-06,2022-09-07 13:14:24,2022-09-07 13:25:08,3202852608.0,0.0504183053258942,0.020633815492125285,-0.0514770790433865,0.31954475069979926
PX,"P10, Inc.",2024-03-28,2024-03-05,2024-03-27,3,3,Blatherwick Nell M.; Jensen Richard J.; McCoy David M.,640200,8.15,2024-03-05,2024-03-27,2024-03-12 21:57:37,2024-03-28 18:23:59,1159559040.0,0.00909039606611084,0.011446537286636582,-0.01941286528908981,-0.05599640905498304
PYPL,"Paypal Holdings, Inc.",2021-12-06,2021-11-09,2021-12-03,3,3,Donahoe John J; Dorman David W; Lores Enrique,2786519,190.32333333333335,2021-11-09,2021-12-03,2021-11-17 18:32:48,2021-12-06 16:17:24,43395538944.0,0.005774115910820221,-0.015681517901627195,-0.05625151821617369,-0.4133468948801686
PYPL,"Paypal Holdings, Inc.",2022-02-22,2022-02-03,2022-02-18,3,4,Dorman David W; Schulman Daniel H; Yeary Frank D,2965448,118.1775,2022-02-03,2022-02-18,2022-02-07 17:55:39,2022-02-22 17:48:52,43395538944.0,1.1640192802753191e-05,0.03738023761636655,0.09315380384715843,-0.16060704960046257
QCRH,Qcr Holdings Inc,2015-05-15,2015-05-13,2015-05-13,10,10,Brownson James J; Corby Lindsay Y; Gipple Todd A; Hultquist Douglas M; Kilmer Mark C; Neuman Linda K; Peterson Michael Lawrence; Peterson Ronald; Ralph George T III; Ziegler Marie Z.,1421712,18.25,2015-05-13,2015-05-13,2015-05-15 17:12:40,2015-05-15 17:15:48,1480454400.0,0.00011643603919897494,0.017397207117163083,0.0699098663144877,0.03532834398841378
QCRH,Qcr Holdings Inc,2018-12-14,2018-12-11,2018-12-13,3,3,Gipple Todd A; Grabin Elizabeth A; Peterson Michael Lawrence,770815,33.703333333333326,2018-12-11,2018-12-13,2018-12-13 17:42:38,2018-12-14 12:28:17,1480454400.0,0.0374195894873155,0.0358993094556439,0.016955166102934793,-0.031516831953526614
QCRH,Qcr Holdings Inc,2022-11-07,2022-10-20,2022-11-07,5,5,Cobb Brent R; Field James M.; Griesemer John F; Jacobs Elizabeth S; Ziegler Marie Z.,530276,50.538,2022-10-20,2022-11-07,2022-10-20 17:40:02,2022-11-07 17:35:07,1480454400.0,0.02760094982099548,-0.0042164568715183925,-0.02894468902361491,0.0017525171588050892
QCRH,Qcr Holdings Inc,2023-03-21,2023-03-09,2023-03-17,6,6,Bates Mary Kay; Cobb Brent R; Field James M.; Gipple Todd A; Griesemer John F; Helling Larry J,796712,46.305,2023-03-09,2023-03-17,2023-03-10 16:54:35,2023-03-21 11:40:25,1480454400.0,0.0012116948559476315,0.0015824494875145145,-0.18356481552281623,-0.1276736093298403
QDEL,Quidel Corp /de/,2020-09-04,2020-08-03,2020-09-02,3,4,Bryant Douglas C; Michael Edward L.; Strobeck Matthew,4332734,215.825,2020-08-03,2020-09-02,2020-08-05 20:32:01,2020-09-04 19:09:23,1462396288.0,-0.0036856429751785935,0.027904908744212475,0.6352249978675613,0.13078053781308863
QNST,"Quinstreet, Inc",2023-05-19,2023-05-15,2023-05-17,4,4,Ahmed Asmau; Glickman Matthew; Pauldine David J; Smith Hillary B,225648,7.435,2023-05-15,2023-05-17,2023-05-17 19:38:45,2023-05-19 13:06:26,668538880.0,0.07921062455891048,0.08202384699713261,-0.07242971378118279,0.1278799498408636
QSR,Restaurant Brands International Inc.,2015-11-25,2015-11-02,2015-11-24,3,5,Fribourg Paul J; Lederer John Anthony; Sicupira Carlos Alberto,11756670,36.254,2015-11-02,2015-11-24,2015-11-03 15:46:55,2015-11-25 16:04:17,32882464768.0,0.02397573083064275,0.013701506269152008,-0.044121812493126744,-0.007727298820011885
RAMP,"Liveramp Holdings, Inc.",2022-09-26,2022-09-09,2022-09-23,3,3,Battelle John L.; Kokich Clark M; Tomlin Debora B,225201,20.043333333333333,2022-09-09,2022-09-23,2022-09-12 16:11:41,2022-09-26 16:09:23,1830540800.0,0.03799157008065446,0.010170734351637178,-0.16590994588236307,0.15254682093765348
RAPT,"Rapt Therapeutics, Inc.",2019-11-15,2019-11-04,2019-11-04,6,6,"Column Group Ii, LP; Goeddel David V; Rieflin William Jl; Robbins Wendye; Topspin Fund L.P.; Wong Brian Russell",20395200,12.0,2019-11-04,2019-11-04,2019-11-04 17:43:40,2019-11-15 14:52:02,1680292864.0,-0.16803640620301696,-0.03713298398121401,0.2587087003167896,0.32881581667683424
RAPT,"Rapt Therapeutics, Inc.",2022-05-27,2022-05-10,2022-05-25,3,5,"Column Group Ii, LP; Robbins Wendye; Young Rodney Kb",13816716,11.376,2022-05-10,2022-05-25,2022-05-12 16:59:35,2022-05-27 16:24:59,1680292864.0,0.07807012272452418,0.13676927582185994,0.5911014753715224,1.1627444146675479
RBA,Ritchie Bros Auctioneers Inc,2023-05-18,2023-05-15,2023-05-18,7,8,Dewitt Adam; Elton Robert George; Fandozzi Ann; Hook Lisa; Olsson Erik; Raiss Sarah E.; Stephenson Carol,1492501,53.0975,2023-05-15,2023-05-18,2023-05-16 12:12:16,2023-05-18 17:54:52,18720755712.0,0.07129591024885085,0.05173424224323109,0.09458050814484231,0.03007344874154594
RBA,Rb Global Inc.,2023-08-29,2023-08-08,2023-08-28,6,8,Dewitt Adam; Kessler James Francis; Olsson Erik; Raiss Sarah E.; Sieger Michael D; Stephenson Carol,652709,57.91375,2023-08-08,2023-08-28,2023-08-08 17:28:18,2023-08-29 15:49:23,18720755712.0,-0.004712046029517136,0.06941447360856601,0.12641554887145245,-0.0013181291540722562
RBB,Rbb Bancorp,2017-07-26,2017-07-26,2017-07-26,6,6,Chang Peter M; Kao James; Kao Ruey Chyr; Lin Feng; Lin Ko-Yen; Thian Yee Phong,10465000,23.0,2017-07-26,2017-07-26,2017-07-26 18:27:46,2017-07-26 18:30:49,368951456.0,,,,
RBB,Rbb Bancorp,2020-05-15,2020-04-24,2020-05-14,3,6,Kao James; Lau Alfonso; Morris David Richard,382884,11.446666666666664,2020-04-24,2020-05-14,2020-04-24 21:05:40,2020-05-15 20:49:26,368951456.0,0.06657344837786905,0.06945443237518933,0.1198258116247215,0.02810769995991902
RBB,Rbb Bancorp,2021-04-21,2020-03-06,2020-03-12,10,12,Chen Wendell; Kao James; Lin Chuang I; Liu Vincent; Morris David Richard; Pang Simon; Thian Fui Ming; Thian Yee Phong; Yeh Jeffrey; Yu Raymond H,463501,14.472499999999998,2020-03-06,2020-03-12,2020-03-10 17:47:23,2021-04-21 12:35:44,368951456.0,-0.0028155400842257983,0.019220472255572885,0.2575488234588479,0.16564459496892003
RBB,Rbb Bancorp,2023-11-09,2023-11-06,2023-11-08,3,3,Franko Robert; Kao James; Polakoff Scott,140360,13.463333333333331,2023-11-06,2023-11-08,2023-11-07 14:46:41,2023-11-09 19:25:49,368951456.0,-0.007684501423699586,0.10979773399765502,0.38689919275660256,0.13563619104649938
RC,Ready Capital Corp,2020-03-20,2020-03-13,2020-03-19,7,8,Ahlborn Andrew; Buttacavoli Thomas; Capasse Thomas E; Nathan Gilbert E; Reese J Mitchell; Ross Jack J.; Sinai Todd M.,1007559,7.54125,2020-03-13,2020-03-19,2020-03-17 19:20:29,2020-03-20 19:01:36,333159072.0,-0.10901283092827974,0.2775390328705134,-0.04594076121038815,0.33105868754649204
RC,Ready Capital Corp,2021-12-02,2021-11-12,2021-11-30,3,4,Capasse Thomas E; Nathan Gilbert E; Petro Andrea,601911,17.9975,2021-11-12,2021-11-30,2021-11-15 16:31:52,2021-12-02 16:31:08,333159072.0,0.03425437571068701,0.04103225769724306,0.010643753862729755,0.052268332247488725
RCKY,"Rocky Brands, Inc.",2022-08-15,2022-08-11,2022-08-12,4,4,Brooks Jason; Moore Robert Burton Jr.; Robertson Thomas D.; Stewart James L,98285,29.3325,2022-08-11,2022-08-12,2022-08-11 16:30:06,2022-08-15 17:26:26,342609600.0,-0.0561992423212746,-0.09356401878746612,-0.16663882752045933,-0.15776395607602678
RCKY,"Rocky Brands, Inc.",2023-05-17,2023-05-15,2023-05-16,4,4,Brooks Jason; O'Connor Sarah E; Robertson Thomas D.; Smith Dwight Eric,61400,19.07,2023-05-15,2023-05-16,2023-05-15 10:25:54,2023-05-17 14:44:44,342609600.0,-0.02640265188916535,-0.023612257264594816,-0.023136206064935605,-0.15777108388626448
RCUS,"Arcus Biosciences, Inc.",2018-03-19,2018-03-19,2018-03-19,3,3,Falberg Kathryn E; Jaen Juan C.; Rosen Terry J,2449980,15.0,2018-03-19,2018-03-19,2018-03-19 17:23:45,2018-03-19 17:27:27,2775230976.0,-0.010874783349853145,-0.03389467292273729,-0.10898882544114319,-0.08385432396305403
RCUS,"Arcus Biosciences, Inc.",2019-06-28,2019-06-03,2019-06-27,3,7,Falberg Kathryn E; Jaen Juan C.; Rosen Terry J,1230135,8.067142857142857,2019-06-03,2019-06-27,2019-06-04 15:44:49,2019-06-28 19:07:06,2775230976.0,0.012896277267856027,0.08912389857789327,-0.06973370577138827,0.12650516348951735
RDN,Radian Group Inc,2016-02-11,2016-02-03,2016-02-10,8,8,Brummer Derek; Bryce Bazemore Teresa; Culang Howard Bernard; Hall J Franklin; Hoffman Edward J; Ibrahim Sanford A; Jackson Catherine Mary; Wender Herbert,970673,10.185,2016-02-03,2016-02-10,2016-02-04 08:54:25,2016-02-11 16:24:05,4694584832.0,0.05215015659614752,-0.012444497016759204,0.010015935066755466,0.03342039356273796
RDN,Radian Group Inc,2018-05-02,2018-04-30,2018-05-02,4,4,Brummer Derek; Hall J Franklin; Thornberry Richard G; Wender Herbert,728807,14.89,2018-04-30,2018-05-02,2018-04-30 16:14:38,2018-05-02 17:05:22,4694584832.0,0.006329152036804064,0.011292758945324888,0.024337114328906617,0.1286397326883797
RDVT,"Red Violet, Inc.",2018-06-18,2018-05-17,2018-06-15,3,5,Brauser Michael; Dubner Derek; Maclachlan Daniel,1664348,5.962000000000001,2018-05-17,2018-06-15,2018-05-18 07:24:16,2018-06-18 18:08:24,623404224.0,-0.006086009142184934,0.24552414269538425,-0.05238935378934484,-0.32783916474806263
RDVT,"Red Violet, Inc.",2019-04-03,2019-03-07,2019-04-01,4,14,Benz Peter; Brauser Michael; Dubner Derek; Reilly James Patrick,523564,6.912142857142858,2019-03-07,2019-04-01,2019-03-08 06:57:08,2019-04-03 07:06:35,623404224.0,-0.0014727145112878315,-0.008112846192387613,0.3760195647589375,0.6807788064494391
RDVT,"Red Violet, Inc.",2019-06-11,2019-05-09,2019-06-07,3,4,Brauser Michael; Dubner Derek; Reilly James Patrick,61780,9.9775,2019-05-09,2019-06-07,2019-05-10 07:32:19,2019-06-11 07:29:43,623404224.0,-0.02578231069661341,-0.016432503224551587,0.08839673203291554,0.07178525955042514
RELY,"Real Industry, Inc.",2016-09-09,2016-08-11,2016-09-08,4,4,"Deconinck Patrick; Hall William K; Real Industry, Inc.; Tinkler Philip",210912,6.882499999999999,2016-08-11,2016-09-08,2016-08-12 18:07:43,2016-09-09 12:34:39,3703303936.0,,,,
REPX,"Riley Exploration Permian, Inc.",2021-09-15,2021-08-16,2021-09-14,3,6,Estate of Antonie Vandenbrink; Libin Alvin Gerald; Texel Resources Inc.,2273688,19.31833333333333,2021-08-16,2021-09-14,2021-08-24 12:59:40,2021-09-15 18:55:53,649584896.0,0.09683521577635967,0.008776719019318424,0.15827188513535173,-0.23700038421809844
REVG,"Rev Group, Inc.",2018-06-27,2018-06-13,2018-06-26,3,3,Canan John; Nolden Dean J; Stephens Barbara H,112894,16.03,2018-06-13,2018-06-26,2018-06-14 20:03:00,2018-06-27 20:20:26,3118712576.0,0.016724907998289518,0.0097776175355202,0.02911010962801175,-0.08861482519056851
REVG,"Rev Group, Inc.",2021-06-22,2021-06-11,2021-06-21,5,5,Bamatter Paul J; Boettinger Stephen W.; Daniels Christopher M; Rushing Rodney M; Skonieczny Jr. Mark A,1251452,15.679999999999998,2021-06-11,2021-06-21,2021-06-11 16:39:37,2021-06-22 17:27:36,3118712576.0,0.05438008432443642,-0.005791797436465407,-0.06887063879382205,0.06600854443871507
REXR,"Rexford Industrial Realty, Inc.",2015-09-14,2015-08-24,2015-09-10,3,4,Frankel Michael S.; Schwimmer Howard; Ziman Richard S,313363,12.985,2015-08-24,2015-09-10,2015-08-26 17:19:16,2015-09-14 20:58:38,8859142144.0,-0.0018192454032095462,0.04161706970586043,0.12708080939354516,0.17239382299373163
REYN,Reynolds Consumer Products Inc.,2020-11-19,2020-11-16,2020-11-19,3,4,Cole Gregory Alan; Graham Michael E.; Mitchell V Lance,866893,29.705,2020-11-16,2020-11-19,2020-11-17 17:19:38,2020-11-19 16:37:10,4976728576.0,0.05527979435369834,0.04012434051913072,-0.008514480415799053,-0.07107947268142167
REYN,Reynolds Consumer Products Inc.,2021-08-12,2021-08-05,2021-08-10,3,3,Graham Michael E.; Mayrhofer Chris; Mitchell V Lance,278887,28.163333333333338,2021-08-05,2021-08-10,2021-08-09 16:41:00,2021-08-12 16:06:33,4976728576.0,0.0040185054449162205,0.008764366783046929,-0.06490575371541918,-0.06059273421694966
REZI,"Resideo Technologies, Inc.",2018-12-17,2018-11-29,2018-12-14,6,7,Aarnes Robert B; Flink Michael David; Kelly Stephen Montgomery; Lane Jeannine J; Nefkens Michael G; Ragan Joseph Douglas III,630778,21.642857142857142,2018-11-29,2018-12-14,2018-11-29 20:41:38,2018-12-17 07:02:15,5638491648.0,0.033120830510210086,-0.0416419312648334,-0.06900195431134837,-0.20295241589815394
REZI,"Resideo Technologies, Inc.",2019-03-18,2019-02-15,2019-03-15,3,4,Aarnes Robert B; Fradin Roger; Nefkens Michael G,530589,21.53,2019-02-15,2019-03-15,2019-02-15 21:44:03,2019-03-18 16:16:10,5638491648.0,0.02561096889075687,-0.014419000323534492,0.08925146674971751,0.013313142007250756
REZI,"Resideo Technologies, Inc.",2019-06-12,2019-05-13,2019-06-12,5,7,Aarnes Robert B; De Masi Niccolo; Kelly Stephen Montgomery; Nefkens Michael G; Ragan Joseph Douglas III,387563,21.01571428571429,2019-05-13,2019-06-12,2019-05-15 16:13:56,2019-06-12 16:59:49,5638491648.0,-0.006632097498509015,-0.011547934276400884,-0.13710397179254197,-0.3556062129653035
REZI,"Resideo Technologies, Inc.",2019-11-14,2019-10-14,2019-11-12,3,4,Aarnes Robert B; Nefkens Michael G; Ryder Robert P,212211,11.615,2019-10-14,2019-11-12,2019-10-15 18:24:39,2019-11-14 18:00:27,5638491648.0,0.12331055139563385,0.07322273205300656,0.2476649570277003,0.02842470817084175
REZI,"Resideo Technologies, Inc.",2020-06-10,2020-06-04,2020-06-08,4,5,Deninger Paul F; Fradin Roger; Kushner Brian; Teich Andrew C,1649572,9.07,2020-06-04,2020-06-08,2020-06-05 16:58:16,2020-06-10 16:17:05,5638491648.0,-0.07273634311513022,0.11855985423351034,0.3353397240119427,0.22748694251665458
REZI,"Resideo Technologies, Inc.",2020-11-19,2020-11-18,2020-11-18,3,3,Fradin Roger; Lazar Jack R; Richardson Nina,249975,15.0,2020-11-18,2020-11-18,2020-11-19 17:19:07,2020-11-19 17:24:47,5638491648.0,0.08935369013071337,0.14582120345794958,0.2969683390565605,0.5581021785494424
RGC,Regal Entertainment Group,2017-08-29,2017-08-24,2017-08-29,3,3,Bell Thomas D Jr; Kaplan Stephen A; Ownby David,623000,14.556666666666665,2017-08-24,2017-08-29,2017-08-24 14:22:23,2017-08-29 17:53:05,11862788096.0,,,,
RGEN,Repligen Corp,2024-06-14,2024-06-14,2024-06-14,3,3,Barthelemy Nicolas; Hunt Anthony; Madaus Martin D,600476,124.82333333333334,2024-06-14,2024-06-14,2024-06-14 17:41:04,2024-06-14 18:07:59,6931406848.0,-0.021197350246702662,-0.021945665282521176,0.2727371788741624,0.11327346949350492
RHP,"Ryman Hospitality Properties, Inc.",2020-04-16,2020-03-18,2020-04-16,4,5,Fioravanti Mark; Lynn Scott J; Reed Colin V; Westbrook Bennett D,1332679,17.253999999999998,2020-03-18,2020-04-16,2020-03-18 12:53:47,2020-04-16 13:58:01,6203573760.0,-0.06249369879483746,-0.03874468766769246,0.08994844662863977,-0.0566253114824411
RIG,Transocean Ltd.,2024-05-17,2024-05-15,2024-05-15,3,3,Mohn Frederik Wilhelm; Perestroika; Perestroika (Cyprus) Ltd,36060000,6.010000000000001,2024-05-15,2024-05-15,2024-05-17 17:42:45,2024-05-17 17:44:55,6738405888.0,0.03740837200139824,-0.03975184130111653,-0.18011812230827706,-0.19013691481600714
RIG,Transocean Ltd.,2024-08-05,2024-08-02,2024-08-02,3,3,Mohn Frederik Wilhelm; Perestroika; Perestroika (Cyprus) Ltd,31380000,5.23,2024-08-02,2024-08-02,2024-08-05 06:31:09,2024-08-05 06:33:11,6738405888.0,-0.008673699562196102,0.0012287321240549431,-0.15853776570219624,-0.3412081082140672
RIVN,"Rivian Automotive, Inc. / De",2021-11-17,2021-11-15,2021-11-15,10,10,Baker Jeff; Behl Jiten; Boone Karen; Flatley Jay T; Krawiec Peter; Marcario Rose M; McDonough Claire; Scaringe Robert J; Schwartz Sanford Harold; Thomas-Graham Pamela,18403008,78.0,2021-11-15,2021-11-15,2021-11-17 19:42:51,2021-11-17 20:07:23,18738946048.0,-0.28367514614711586,-0.33264712909154304,-0.41284555854256444,-0.5745818875145629
RKT,"Rocket Companies, Inc.",2020-08-11,2020-08-05,2020-08-10,4,4,Farner Jay; Gilbert Daniel B; Gilbert Jennifer L.; Tellem Nancy,17714340,18.0,2020-08-05,2020-08-10,2020-08-07 20:11:21,2020-08-11 19:56:20,46265073664.0,-0.08263756627823093,-0.0797532355171573,-0.0285385364381765,-0.07630252946681071
RLAY,"Relay Therapeutics, Inc.",2020-07-21,2020-07-20,2020-07-20,5,5,Adams Brian; Ingram Douglas S; Murcko Mark; Patel Sanjiv; Rubin Jami,2200000,20.0,2020-07-20,2020-07-20,2020-07-21 19:15:14,2020-07-21 19:20:34,1707225600.0,-0.0738454927596911,-0.19999119964242595,-0.19543243230567953,-0.196757047244572
RM,Regional Management Corp.,2019-09-04,2019-08-05,2019-08-30,4,9,"Basswood Capital Management, L.L.C.; Basswood Partners, L.L.C.; Beck Robert William; Schachtel John D.",4717864,26.534444444444446,2019-08-05,2019-08-30,2019-08-07 18:33:58,2019-09-04 16:29:27,315083392.0,0.01086465921128843,-0.00593033735799442,-0.003573473174980357,0.1050534560909604
RM,Regional Management Corp.,2020-06-02,2020-05-12,2020-05-29,6,8,"Basswood Capital Management, L.L.C.; Basswood Partners, L.L.C.; Beck Robert William; Campos Roel C; Fisher Brian J.; Schachtel John D.",1619359,12.64875,2020-05-12,2020-05-29,2020-05-14 16:34:04,2020-06-02 18:51:03,315083392.0,0.09437851690457233,0.21207188341700256,-0.052395069242022974,0.03686371502049424
RMNI,"Rimini Street, Inc.",2017-12-08,2017-11-24,2017-12-06,6,6,Ashburn Tom; Bonchristiano Antonio; Capelli Steven M; Fleiss Andrew; Sabol Thomas B; Taylor Margaret,26109,7.296666666666667,2017-11-24,2017-12-06,2017-11-28 17:55:27,2017-12-08 18:25:38,339482400.0,0.06989595874397181,0.06938519033587198,0.11134076217839972,0.08644174780378822
RNGR,"Ranger Energy Services, Inc.",2017-08-18,2017-08-16,2017-08-16,7,7,"Agee Brett T.; Agee Richard E.; Anderson Darron M.; Csl Energy Opportunity Gp I, LLC; Leykum Charles S.; Miller Merrill A Jr; Shaw Robert S",21865074,14.5,2017-08-16,2017-08-16,2017-08-18 16:54:19,2017-08-18 21:38:19,404711168.0,0.018236089227217422,0.012134431660231204,0.018697516178834084,-0.4046942405788222
RNR,Renaissancere Holdings Ltd,2021-11-01,2021-10-29,2021-10-29,5,5,Branagan Ian D; Curtis Ross; Fraser James Christopher; Odonnell Kevin; Qutub Robert,4359714,144.30599999999998,2021-10-29,2021-10-29,2021-11-01 07:20:33,2021-11-01 07:21:58,13137452032.0,0.07222697214276841,0.09704666483730273,0.16880183689912753,0.140877969563449
RNST,Renasant Corp,2015-12-10,2015-11-11,2015-12-08,4,4,Deer Jill V; Foy John; Sharpe Fred F; Shmerling Michael D,153502,35.9,2015-11-11,2015-12-08,2015-11-12 16:52:12,2015-12-10 09:07:02,3650721280.0,-0.006769893500776392,0.0029596223945718148,-0.06785455467286339,-0.04476486915342304
RNST,Renasant Corp,2017-08-14,2017-07-24,2017-08-14,3,5,McNeel J Niles; Sharpe Fred F; Shmerling Michael D,375611,41.156,2017-07-24,2017-08-14,2017-07-26 15:38:39,2017-08-14 15:22:19,3650721280.0,0.009644904184821002,-0.0015644831478774934,0.023011432074327987,-0.0387787218640665
ROAD,"Construction Partners, Inc.",2018-12-26,2018-12-14,2018-12-21,4,4,Fleming Ned N III; Harper John L; Matteson Mark R; Palmer Royce Alan,131054,8.4975,2018-12-14,2018-12-21,2018-12-17 16:42:46,2018-12-26 11:03:38,7643704832.0,-0.050136127993364976,0.12454805646589695,0.22021824736061335,0.23516623058666597
RPRX,Royalty Pharma Plc,2020-06-23,2020-06-18,2020-06-18,8,8,"Adage Capital Partners Gp, L.L.C.; Coyne Terrance P.; Ford William E; Giuliani Mario Germano; Hite Christopher; Legorreta Pablo G.; Lloyd George W.; Riggs Rory B",130820200,28.0,2020-06-18,2020-06-18,2020-06-22 17:31:15,2020-06-23 21:21:28,27462868992.0,0.0007452581041277329,-0.0461456378728744,-0.25167605210873867,-0.2732143458897941
RRBI,Red River Bancshares Inc,2020-05-11,2020-05-05,2020-05-07,3,3,Carriere Isabel V.; Chatelain Ronald Blake; Price Teddy Ray,243904,38.376666666666665,2020-05-05,2020-05-07,2020-05-07 14:37:49,2020-05-11 10:02:37,587422784.0,-0.01570255219571648,0.10148182059539734,0.06149310191286683,-0.03921170950577846
RRBI,Red River Bancshares Inc,2023-05-15,2023-05-03,2023-05-12,3,3,Carriere Isabel V.; Chatelain Ronald Blake; Price Teddy Ray,50896,45.30666666666667,2023-05-03,2023-05-12,2023-05-03 16:40:46,2023-05-15 10:47:42,587422784.0,-0.002570191313475245,0.11560113377284731,0.045006305849886186,0.03278603476085529
RRC,Range Resources Corp,2017-08-10,2017-08-03,2017-08-10,3,3,Lowe Mary Ralph; Maxwell Greg G; Palko Steffen E,449831,17.516666666666666,2017-08-03,2017-08-10,2017-08-03 15:01:42,2017-08-10 14:13:24,9837575168.0,0.011471051478977867,0.05425808250699671,0.11155214079937692,0.027938894800069836
RSVR,"Reservoir Media, Inc.",2022-03-10,2022-02-11,2022-03-08,8,20,"Cook Stephen M.; Essex Equity Joint Investment Vehicle, LLC; Heindlmeyer James A; Khosrowshahi Golnar; Richmond Hill Capital Partners, LP; Richmond Hill Investments, LLC; Rothstein Adam; Taylor Ryan P.",7212508,7.1049999999999995,2022-02-11,2022-03-08,2022-02-14 16:08:50,2022-03-10 19:47:27,590401984.0,0.11146266688404427,0.10349835561045118,0.18868780582142652,-0.012928137789978145
RSVR,"Reservoir Media, Inc.",2022-07-01,2022-06-23,2022-06-29,6,6,"Cook Stephen M.; Essex Equity Joint Investment Vehicle, LLC; Field Ezra S.; Heindlmeyer James A; Richmond Hill Capital Partners, LP; Taylor Ryan P.",2421420,6.53,2022-06-23,2022-06-29,2022-06-23 17:23:10,2022-07-01 17:16:27,590401984.0,-0.003282495584189693,-0.01543493315504918,-0.14140709393013173,-0.19418464106251876
RTX,Raytheon Technologies Corp,2020-10-30,2020-10-28,2020-10-29,5,5,Hayes Gregory; Jimenez Frank R; Kennedy Thomas A; Paliwal Dinesh C; Winnefeld James A Jr,4594731,53.49400000000001,2020-10-28,2020-10-29,2020-10-30 09:15:48,2020-10-30 09:17:06,277209251840.0,0.04844857628145682,0.04083947647739472,0.23691268150642442,0.14287775599986774
RXO,"Rxo, Inc.",2023-11-24,2023-11-09,2023-11-21,4,6,"Breves Christine S; Mfn Partners, LP; Renna Stephen M.; Wilkerson Andrew M.",6794035,19.025,2023-11-09,2023-11-21,2023-11-13 16:22:26,2023-11-24 16:22:43,2699348992.0,0.01851327182356788,0.05142924608745525,0.06472477809251087,-0.049560572573764894
RXST,"Rxsight, Inc.",2021-08-06,2021-07-30,2021-08-05,8,9,Andrews Julie; Corley Jesse Anderson; Goldshleger Ilya; Kurtz Ronald M Md; Link William J Phd; Tammenoms Bakker Juliet; Warner Robert Keith; Weinberg Eric,15498888,15.826666666666666,2021-07-30,2021-08-05,2021-08-05 19:14:35,2021-08-06 20:54:13,313308800.0,-0.04408887110697035,-0.08995370337151765,-0.05278631797750466,-0.16925026045957903
RXT,"Rackspace Technology, Inc.",2021-05-17,2021-05-13,2021-05-14,3,3,Jones Kevin M.; Maletira Amar; Mukerji Subroto,274947,18.613333333333333,2021-05-13,2021-05-14,2021-05-17 07:36:24,2021-05-17 07:37:13,599236672.0,0.02706827768974973,0.06418340161104097,-0.01566401256272809,-0.21214983957198752
RYAM,Rayonier Advanced Materials Inc.,2015-02-06,2015-01-29,2015-02-05,4,4,Boynton Paul G; Palumbo Lisa M; Posze James L Jr; Ruperto Frank A,428714,17.13,2015-01-29,2015-02-05,2015-01-30 11:28:30,2015-02-06 15:39:19,627842368.0,0.00896387947293209,-0.0009842126301096155,-0.13053924298850095,0.10601681838889432
RYAM,Rayonier Advanced Materials Inc.,2015-09-03,2015-08-24,2015-09-02,3,4,Boynton Paul G; Palumbo Lisa M; Ruperto Frank A,194339,6.48,2015-08-24,2015-09-02,2015-08-26 10:19:29,2015-09-03 10:55:34,627842368.0,0.16840451110791865,0.04617369796329229,0.33378967803130544,0.8031030563310093
RYAN,"Ryan Specialty Group Holdings, Inc.",2021-07-28,2021-07-26,2021-07-26,7,7,Collins Michelle L; Devers William J Jr; Findlay D Cameron; Katz Mark Stephen; McKenna Andrew J; Ohalleran Michael D; Rogers John W Jr,8973027,24.282857142857143,2021-07-26,2021-07-26,2021-07-28 16:30:23,2021-07-28 16:33:43,10577308672.0,-0.017163106779076065,-0.029471811769823275,0.14714522138975972,0.18771490403624536
RYI,Ryerson Holding Corp,2015-04-14,2015-03-18,2015-04-13,3,5,Burbach Michael; Lehner Edward J.; Richardson Kevin D,215270,5.97,2015-03-18,2015-04-13,2015-03-18 10:35:53,2015-04-14 10:45:08,907088320.0,0.01022996725910974,-0.08397040701622305,0.41035481570834653,0.41460685489919946
RYI,Ryerson Holding Corp,2015-11-19,2015-11-16,2015-11-17,3,3,Burbach Michael; Lehner Edward J.; Schnaufer Erich S,39765,5.276666666666666,2015-11-16,2015-11-17,2015-11-16 14:30:09,2015-11-19 08:36:51,907088320.0,-0.09421852481633208,-0.040941632017443164,-0.04825325481721132,-0.2817877766587008
RYI,Ryerson Holding Corp,2016-04-07,2016-03-11,2016-04-07,3,3,Larson Stephen P.; Lehner Edward J.; Schnaufer Erich S,75030,5.246666666666667,2016-03-11,2016-04-07,2016-03-14 09:28:53,2016-04-07 15:24:38,907088320.0,0.1132231787016249,0.21974855087416456,1.37546089261931,2.4895217981238025
RYI,Ryerson Holding Corp,2016-09-06,2016-08-12,2016-09-02,5,6,Burbach Michael; Carruthers Court D; Lehner Edward J.; Richardson Kevin D; Schnaufer Erich S,181968,12.255,2016-08-12,2016-09-02,2016-08-16 16:13:48,2016-09-06 16:10:55,907088320.0,0.05854454575112955,-0.1051504120053397,-0.15327617704463592,0.15782861943000315
RYI,Ryerson Holding Corp,2017-06-05,2017-05-05,2017-06-02,5,15,Burbach Michael; Lehner Edward J.; Richardson Kevin D; Schnaufer Erich S; Silver Mark S.,349875,9.100666666666667,2017-05-05,2017-06-02,2017-05-09 12:09:45,2017-06-05 16:41:03,907088320.0,0.055954422477595744,0.18250795474946624,0.06413612000855617,-0.01345549565551818
RYI,Ryerson Holding Corp,2017-08-29,2017-08-07,2017-08-25,4,6,Burbach Michael; Lehner Edward J.; Richardson Kevin D; Schnaufer Erich S,113454,8.11,2017-08-07,2017-08-25,2017-08-09 17:26:37,2017-08-29 16:54:58,907088320.0,0.04289314972466429,0.05754644669300091,0.10453643700046311,0.04237621158881888
RYI,Ryerson Holding Corp,2018-11-28,2018-11-06,2018-11-26,3,5,Lehner Edward J.; Schnaufer Erich S; Silver Mark S.,107041,8.522,2018-11-06,2018-11-26,2018-11-08 16:18:47,2018-11-28 17:45:45,907088320.0,0.01237379672048844,-0.03852806894084326,-0.10364709141039197,0.03149265958780423
RYTM,"Rhythm Pharmaceuticals, Inc.",2017-10-11,2017-10-05,2017-10-10,16,16,"Baker Bros. Advisors LP; Barrett M James; Barris Peter J; Baskett Forest; Flynn James E; Foley Todd; Ipsen, S.A.; Kerins Patrick J; Meeker David P; Mott David M; Mpm Bioventures V, L.P.; New Enterprise Associates 13 LP; Orbimed Advisors LLC; Pfizer Inc; Sandell Scott D; Viswanathan Ravi",106760000,17.0,2017-10-05,2017-10-10,2017-10-06 15:58:31,2017-10-11 14:25:17,5976881152.0,-0.05198154587301573,-0.08678835735806822,0.09515338299955634,-0.011324623067848316
SABR,Sabre Corp,2023-08-09,2023-08-08,2023-08-09,3,3,Bruder Ann J.; Ekert Kurt Joseph; Randolfi Michael O,936038,5.3500000000000005,2023-08-08,2023-08-09,2023-08-09 16:27:09,2023-08-09 16:35:49,711297024.0,0.02125388094721803,0.005375359510022104,-0.12888484218140306,-0.19090888559990604
SAFE,"Safety, Income & Growth, Inc.",2017-07-28,2017-06-27,2017-07-27,6,12,Istar Inc.; Jervis Geoffrey G; Josephs Robin; Matis Nina; Selig Stefan M; Sugarman Jay,49623383,19.4,2017-06-27,2017-07-27,2017-06-29 09:27:29,2017-07-28 16:27:38,1125145472.0,0.0009029725991981374,-0.047672716990109554,-0.06331514595187326,-0.04453003305170977
SAFE,"Safety, Income & Growth, Inc.",2018-05-16,2018-04-27,2018-05-15,4,8,Alvarado Marcos; Matis Nina; Nydick Jay S; Sugarman Jay,1343585,18.0075,2018-04-27,2018-05-15,2018-05-01 18:31:44,2018-05-16 17:05:29,1125145472.0,-0.00429151862353272,7.434747963097621e-05,-0.004647099722319914,-0.09029778519018095
SAIC,Science Applications International Corp,2024-04-15,2024-04-12,2024-04-12,3,3,Difronzo Vincent P.; Hageman Hilary; Townes-Whitley Toni,490671,125.92,2024-04-12,2024-04-12,2024-04-15 16:03:03,2024-04-15 16:03:27,4345397248.0,0.018051281580279466,0.03432974645687148,0.05586129467199119,-0.15101685209399596
SAIC,Science Applications International Corp,2024-07-11,2024-06-10,2024-07-10,4,4,Attili Srinivas; Difronzo Vincent P.; Jackson James Joshua; Natarajan Prabu,312205,115.7125,2024-06-10,2024-07-10,2024-06-10 17:44:06,2024-07-11 16:03:45,4345397248.0,0.03874278976513312,0.08833073040557837,0.12573561659029642,0.2580518689915934
SAIC,Science Applications International Corp,2024-12-20,2024-12-11,2024-12-17,3,3,Attili Srinivas; Difronzo Vincent P.; Supplee Barbara,77684,114.12333333333332,2024-12-11,2024-12-17,2024-12-12 16:02:45,2024-12-20 16:06:02,4345397248.0,-0.007082253778378789,-0.000637605912743755,,
SANA,"Sana Biotechnology, Inc.",2024-02-12,2024-02-08,2024-02-08,3,3,"Arch Venture Fund X, L.P.; Crandell Keith; Nelsen Robert",29999988,5.5,2024-02-08,2024-02-08,2024-02-12 17:43:09,2024-02-12 17:46:20,1046818816.0,-0.016705883927997434,0.2669732056572971,0.4237810291498558,0.43166015357180965
SBCF,Seacoast Banking Corp of Florida,2015-06-01,2015-05-01,2015-05-29,3,3,Culbreth H Gilbert Jr; Daum Julie H; Houdeshell David D,158061,14.546666666666669,2015-05-01,2015-05-29,2015-05-01 13:30:51,2015-06-01 10:28:37,3070037760.0,0.0029685709710360886,0.03599433434218613,0.07419713517727167,0.09670668447057784
SBCF,Seacoast Banking Corp of Florida,2017-02-17,2017-02-15,2017-02-15,7,7,Arczynski Dennis J; Bohner Stephen E; Bradley Jacqueline Lynette; Crook Michael; Daum Julie H; Lurie Herbert A.; Monserrat Alvaro,967875,22.25,2017-02-15,2017-02-15,2017-02-17 15:10:59,2017-02-17 15:24:22,3070037760.0,0.0015389380849173406,-0.03577038412920264,-0.020167634852528704,-0.057413401215742565
SBGI,Sinclair Broadcast Group Inc,2020-12-10,2020-03-12,2020-03-18,3,3,Friedman Howard E; McCanna Lawrence E; Smith Frederick G,4146677,14.006666666666666,2020-03-12,2020-03-18,2020-03-18 12:38:58,2020-12-10 15:15:33,1065462016.0,-0.016682196110352265,-0.021896403628740457,0.06085582021183722,0.23615976411494688
SBH,"Sally Beauty Holdings, Inc.",2017-06-06,2017-05-08,2017-06-02,4,6,Brickman Christian A.; McMaster Robert R; Miller John A; Rabin Edward W,1082127,18.25,2017-05-08,2017-06-02,2017-05-08 16:23:35,2017-06-06 16:38:42,1528044032.0,0.0335015652529107,0.08681938682924506,0.10177522771249947,0.03418144572102766
SBH,"Sally Beauty Holdings, Inc.",2018-05-24,2018-05-07,2018-05-22,3,3,Alt Aaron E; Brickman Christian A.; Rabin Edward W,403291,14.756666666666668,2018-05-07,2018-05-22,2018-05-08 16:37:38,2018-05-24 16:35:04,1528044032.0,0.007013603857598638,-0.026104299356544125,0.025398535374793862,-0.08465397424803833
SBH,"Sally Beauty Holdings, Inc.",2019-05-31,2019-05-03,2019-05-31,4,5,Alt Aaron E; Brickman Christian A.; McMaster Robert R; Rabin Edward W,424490,15.464,2019-05-03,2019-05-31,2019-05-03 16:30:54,2019-05-31 16:06:13,1528044032.0,0.021229743218463715,-0.0433517409193821,-0.29554269968110447,-0.20962609999373982
SBH,"Sally Beauty Holdings, Inc.",2019-09-03,2019-08-02,2019-08-30,4,6,Alt Aaron E; Eisenberg Marshall E; Miller John A; Rabin Edward W,760495,12.308333333333332,2019-08-02,2019-08-30,2019-08-05 16:12:59,2019-09-03 17:48:23,1528044032.0,-0.038960868655686154,0.15964568126246625,0.2562048843508826,0.44765351319389657
SBH,"Sally Beauty Holdings, Inc.",2020-06-08,2020-05-08,2020-06-05,3,4,Flur Dorlisa K; Heasley Linda; Rabin Edward W,128615,11.49,2020-05-08,2020-06-05,2020-05-12 17:06:28,2020-06-08 18:07:30,1528044032.0,-0.01796775322044053,-0.09450656054731732,-0.13924173193949985,-0.3807506942089951
SBH,"Sally Beauty Holdings, Inc.",2020-08-18,2020-08-03,2020-08-18,3,4,Baer Timothy R; Brickman Christian A.; Rabin Edward W,333213,11.8325,2020-08-03,2020-08-18,2020-08-03 16:05:28,2020-08-18 16:10:19,1528044032.0,-0.032070199618315365,-0.08964046490562327,-0.32190862127365816,-0.22163327132242483
SBRA,"Sabra Health Care Reit, Inc.",2015-12-09,2015-11-12,2015-12-08,3,3,Andrews Harold W. Jr.; Foster Michael J; Walters Milton J,274658,19.576666666666668,2015-11-12,2015-12-08,2015-11-12 20:15:54,2015-12-09 18:12:05,5148815360.0,0.022930754425319555,0.007432779503284026,0.08133155356747035,0.12208968908752882
SBSI,Southside Bancshares Inc,2015-03-19,2015-03-05,2015-03-19,3,4,Anderson Lawrence Lazelle; Anderson Susan Elaine; Garrett John Robert,198247,29.265,2015-03-05,2015-03-19,2015-03-06 15:27:31,2015-03-19 10:31:52,953396800.0,0.004775280301950513,0.01961457566130398,-0.038570553347344494,0.06996303552406735
SBSI,Southside Bancshares Inc,2015-09-08,2015-08-26,2015-09-08,3,3,Anderson Lawrence Lazelle; Garrett John Robert; Powell Paul,273189,25.44333333333334,2015-08-26,2015-09-08,2015-08-26 14:24:20,2015-09-08 16:16:54,953396800.0,0.007964345395170103,-0.003337095894754283,0.008136608993218886,-0.0009760944738483879
SBSI,Southside Bancshares Inc,2015-12-18,2015-12-11,2015-12-18,6,6,Anderson Lawrence Lazelle; Garrett John Robert; Lovelady Melvin B; Shamburger Julie; Smith Preston L; Thedford Donald W,296467,24.77333333333333,2015-12-11,2015-12-18,2015-12-11 15:47:27,2015-12-18 16:19:33,953396800.0,0.011765578333927884,-0.0015124968204283107,-0.024751318504444453,0.0904445142052579
SBSI,Southside Bancshares Inc,2020-03-12,2020-03-12,2020-03-12,3,3,Garrett John Robert; Lovelady Melvin B; Thedford Donald W,87872,26.093333333333337,2020-03-12,2020-03-12,2020-03-12 18:40:38,2020-03-12 19:18:52,953396800.0,0.05143959587691327,0.15249377081972315,-0.0381661734517077,-0.06168849492195472
SBSI,Southside Bancshares Inc,2023-03-10,2022-10-26,2022-10-31,4,4,Anderson Susan Elaine; Gibson Lee R; Morgan Tony K; Sammons John F Jr,180360,33.26,2022-10-26,2022-10-31,2022-10-27 18:25:05,2023-03-10 13:04:06,953396800.0,-0.05189959451857351,-0.05437856789910389,-0.11270492369697582,-0.263300088167986
SBSI,Southside Bancshares Inc,2023-05-15,2023-05-04,2023-05-12,3,4,Buie Herbert C; Gibson Lee R; Morgan Tony K,207378,27.595,2023-05-04,2023-05-12,2023-05-04 13:17:05,2023-05-15 15:01:23,953396800.0,0.019427450118428613,0.0521819814844493,-0.07184796056743181,0.1475938153269314
SCHW,Schwab Charles Corp,2023-03-29,2023-03-14,2023-03-28,10,12,Adams John K Jr; Bettinger Walter W; Brown Marianne Catherine; Clark Bernard J.; Crawford Peter B.; Ellis Stephen A; Goldfarb Mark A; Martin-Flickinger Gerri; Ricketts Todd M; Wurster Richard A,7872474,56.68416666666667,2023-03-14,2023-03-28,2023-03-14 19:05:00,2023-03-29 19:06:23,172881477632.0,-0.046101833204814535,-0.12281264355746635,-0.1507489413473697,-0.09757631163481428
SCL,Stepan Co,2015-03-04,2015-02-20,2015-03-02,3,4,Beamer Scott D; Behrens Scott R.; Mason Scott C,150085,40.6375,2015-02-20,2015-03-02,2015-02-23 17:17:26,2015-03-04 12:21:54,1117605632.0,-0.0005437367227033585,-0.04447546888464071,0.07151172945436568,0.25883846842476377
SCL,Stepan Co,2020-03-17,2020-03-11,2020-03-16,3,3,Catlett Janet Anne; Kabbes David; Rojo Luis,200287,77.22333333333333,2020-03-11,2020-03-16,2020-03-13 11:32:37,2020-03-17 11:14:35,1117605632.0,0.23501795964829575,0.0020875640194271128,-0.03496762307065593,-0.12808838042587123
SEE,Sealed Air Corp/de,2020-03-20,2020-03-16,2020-03-19,3,3,Chammas Emile Z.; Doheny Edward L II; Lustig Neil,466615,21.48,2020-03-16,2020-03-19,2020-03-17 07:46:28,2020-03-20 09:30:52,6183916032.0,0.07346966846220782,0.06376254844618678,0.05084840336828966,0.14667713338065513
SEE,Sealed Air Corp/de,2022-09-01,2022-08-03,2022-08-31,4,4,Chammas Emile Z.; Doheny Edward L II; Keizer Henry R.; Pupkin Sergio A,395636,55.985,2022-08-03,2022-08-31,2022-08-04 08:34:23,2022-09-01 11:01:41,6183916032.0,-0.010215194564764607,0.002807246959650511,-0.053450898858017126,-0.0440202002831378
SEE,Sealed Air Corp/de,2022-11-07,2022-11-02,2022-11-04,3,3,Ahmad Zubaid; Pupkin Sergio A; Whitaker Jerry R.,116654,43.336666666666666,2022-11-02,2022-11-04,2022-11-04 08:41:57,2022-11-07 12:25:38,6183916032.0,0.044812447475307327,0.1012995910378558,0.13673606599094956,0.17007934139862102
SF,Stifel Financial Corp,2018-11-09,2018-11-01,2018-11-07,3,3,Peacock David A; Zemlyak James M; Zimmerman Michael J,506565,47.97666666666667,2018-11-01,2018-11-07,2018-11-02 17:07:14,2018-11-09 16:23:44,11568848896.0,-0.026646037993747984,0.010455855593652807,-0.06651113770508243,0.07196736369556478
SFBS,"Servisfirst Bancshares, Inc.",2017-05-25,2017-05-10,2017-05-23,3,3,Broughton Thomas A; Fuller Michael D.; Trouche Thomas G.,22410,36.57,2017-05-10,2017-05-23,2017-05-11 11:32:50,2017-05-25 10:31:53,4396762624.0,0.001091973254365497,-0.013379413799097017,0.03390408940436229,-0.06274229513359597
SFBS,"Servisfirst Bancshares, Inc.",2019-09-05,2019-08-22,2019-09-03,3,4,Broughton Thomas A; Filler James J; Kattos Andrew N,175186,30.1575,2019-08-22,2019-09-03,2019-08-23 10:06:18,2019-09-05 09:31:43,4396762624.0,0.011095264353793155,0.11053723378190616,0.10013914633873044,0.1468192969500861
SFBS,"Servisfirst Bancshares, Inc.",2020-03-17,2020-03-11,2020-03-16,3,3,McKinney Rex D; Mettler Christopher J; Tuder Irma Loya,730481,26.683333333333337,2020-03-11,2020-03-16,2020-03-13 09:53:01,2020-03-17 11:41:10,4396762624.0,0.15089006663353421,0.07039206422976996,0.2311365282383011,0.07372220124768591
SFBS,"Servisfirst Bancshares, Inc.",2023-05-08,2023-04-20,2023-05-04,3,4,Broughton Thomas A; Smith Hatton C.V.; Tuder Irma Loya,424197,48.6675,2023-04-20,2023-05-04,2023-04-20 16:28:29,2023-05-08 16:47:30,4396762624.0,-0.044220039063044725,-0.11483480976654159,-0.14352360741137804,0.1440804239559439
SFM,"Sprouts Farmers Market, Inc.",2018-12-10,2018-11-30,2018-12-07,5,5,Blum Kristen E; Boney Shon A.; Lukow Bradley; McGlinchey David; Townsend Steven H,2511947,23.506,2018-11-30,2018-12-07,2018-11-30 16:38:35,2018-12-10 18:02:19,7593842176.0,-0.012758559289253735,-0.007705726538518087,-0.009035338716764096,-0.14310393607535876
SFNC,Simmons First National Corp,2015-02-19,2015-01-27,2015-02-19,7,7,Burrow Patrick A; Drilling Edward; Hunt Eugene; Makris George Jr; Roberts Chris S; Shoptaw Robert L; Tappan Philip,732463,38.39142857142857,2015-01-27,2015-02-19,2015-01-27 14:45:42,2015-02-19 15:55:06,2926330368.0,0.0035926450430843193,0.03335202982513885,0.18119358437785482,0.08241085852161367
SFNC,Simmons First National Corp,2019-05-02,2019-04-25,2019-04-30,3,3,Burrow Patrick A; Hunt Eugene; Makris George Jr,171860,24.766666666666666,2019-04-25,2019-04-30,2019-04-26 17:34:21,2019-05-02 15:20:19,2926330368.0,0.027012621265160464,0.008894238038335334,-0.05490816359516115,-0.036032021550011395
SFNC,Simmons First National Corp,2022-05-05,2022-05-03,2022-05-03,3,3,Casteel Marty; Fehlman Robert A; Makris George Jr,576900,24.043333333333333,2022-05-03,2022-05-03,2022-05-03 15:01:25,2022-05-05 18:03:19,2926330368.0,0.033344200920920386,0.05018069670942882,-0.0018714251537944593,-0.01840881538342032
SFNC,Simmons First National Corp,2023-05-15,2023-04-28,2023-05-12,8,13,Brogdon James M; Casteel Marty; Drilling Edward; Fehlman Robert A; Hunt Eugene; Makris George Jr; Massanelli Stephen C; Yaney Stewart Bradley,1017406,15.808461538461536,2023-04-28,2023-05-12,2023-05-02 15:31:05,2023-05-15 15:46:27,2926330368.0,0.010521214704392934,0.0901690146433396,0.0801799579104212,0.1931673047584792
SFST,Southern First Bancshares Inc,2022-05-18,2022-05-09,2022-05-16,3,3,Ellison David G; Grayson-Caprio Terry; Maner William IV,96223,43.21666666666666,2022-05-09,2022-05-16,2022-05-11 08:12:45,2022-05-18 12:51:49,454032896.0,0.009921132190368831,0.02750145367451373,0.07232360510661562,0.01290570062810037
SFST,Southern First Bancshares Inc,2023-02-23,2023-01-30,2023-02-22,3,3,Ellison David G; Lattimore Ray; Locke Anna T,305687,41.17666666666667,2023-01-30,2023-02-22,2023-01-31 10:58:50,2023-02-23 15:31:57,454032896.0,0.007664232104018676,-0.004901324870777879,-0.2830100547556508,-0.4573850831750166
SFST,Southern First Bancshares Inc,2023-05-26,2023-04-28,2023-05-25,9,12,Aiken William M. III; Borrmann David Andrew; Cothran Mark A; Grayson-Caprio Terry; Hooper Tecumseh Jr; Hurst Calvin C; King Silvia T; Locke Anna T; Seaver R Arthur Jr,405991,23.022500000000004,2023-04-28,2023-05-25,2023-05-01 16:08:35,2023-05-26 12:25:00,454032896.0,-0.0355954610592456,0.0037750851254683138,-0.04832245147044456,0.10936864926910639
SFST,Southern First Bancshares Inc,2023-08-11,2023-07-28,2023-08-09,3,4,Borrmann David Andrew; Ellison David G; Locke Anna T,102914,29.667499999999997,2023-07-28,2023-08-09,2023-07-28 16:02:43,2023-08-11 12:16:00,454032896.0,-0.016360243144908915,0.0006736353032634756,-0.043723579845063476,0.003198799545366282
SG,"Sirius International Insurance Group, Ltd.",2018-12-13,2018-11-23,2018-12-12,3,5,Cramer Manhem Monica; Oberting Kernan V; Rogers James B Jr,115797,15.128,2018-11-23,2018-12-12,2018-11-26 21:23:43,2018-12-13 16:21:15,630931008.0,,,,
SG,"Sirius International Insurance Group, Ltd.",2019-08-29,2019-08-15,2019-08-28,3,5,Cramer Manhem Monica; Davis Jeffrey W; Oberting Kernan V,938990,9.242,2019-08-15,2019-08-28,2019-08-19 16:05:49,2019-08-29 18:48:54,630931008.0,,,,
SG,"Sweetgreen, Inc.",2021-11-23,2021-11-22,2021-11-22,3,3,Bornstein Julie; Burrows Clifford; Jarrett Valerie B,599956,28.0,2021-11-22,2021-11-22,2021-11-23 18:12:17,2021-11-23 18:15:18,630931008.0,-0.0799342627655093,-0.22757486782023617,-0.39615041802938766,-0.38599104723325717
SGRY,"Surgery Partners, Inc.",2019-09-10,2019-08-19,2019-09-06,3,3,Cowhey Thomas F.; Deluca Teresa; Evans Jason Eric,305400,6.2,2019-08-19,2019-09-06,2019-08-21 16:26:55,2019-09-10 16:40:48,1800437504.0,0.2088401248356626,0.13944984065701882,0.15265337952772873,0.9364242225551196
SGU,"Star Group, L.P.",2020-05-18,2020-05-07,2020-05-15,5,6,Ambury Richard; Donovan Daniel P.; McDonald Joseph R; Vermylen Paul A Jr; Woosnam Jeffrey M,264869,7.621666666666667,2020-05-07,2020-05-15,2020-05-08 14:34:32,2020-05-18 17:23:33,429071680.0,-0.0023788954683161556,0.02258349312005392,0.09848313857496471,0.13098781435968188
SHAK,Shake Shack Inc.,2015-02-06,2015-01-29,2015-02-04,8,8,Flug Jeffrey; Garutti Randall J; Lyons Jenna; Meyer Daniel Harris; Rubenzer Peggy; Sokoloff Jonathan D; Uttz Jeffrey J; Vivian Robert T,2802400,21.11625,2015-01-29,2015-02-04,2015-02-06 18:39:22,2015-02-06 19:17:49,4101552640.0,-0.019506618786566454,-0.06348874445810615,0.13164686675551973,0.8196996632656888
SHBI,Shore Bancshares Inc,2020-06-01,2020-05-12,2020-05-29,3,4,Beatty Lloyd L Jr; Cavey Michael T.; Stevens Donna J.,72048,9.2775,2020-05-12,2020-05-29,2020-05-12 16:19:27,2020-06-01 13:57:43,622071936.0,0.028644939014934367,0.09796027186818468,-0.09558770786251958,-0.14117206682979078
SHBI,Shore Bancshares Inc,2022-08-31,2022-08-03,2022-08-29,3,4,Esham William E. III; Lamon John; Wayson Konrad,41448,19.4475,2022-08-03,2022-08-29,2022-08-04 10:22:31,2022-08-31 11:44:54,622071936.0,-0.01522462345066189,-0.045407864885667504,0.005054114497437534,0.02554417343902693
SHBI,Shore Bancshares Inc,2023-03-02,2023-01-31,2023-02-28,7,9,Adkins Vance W.; Beatty Lloyd L Jr; Esham William E. III; Lamon John; Stevens Donna J.; Wayson Konrad; Willey Dawn M.,202037,17.459999999999997,2023-01-31,2023-02-28,2023-02-02 16:06:37,2023-03-02 16:15:55,622071936.0,-0.029787879815857177,-0.03404947593726715,-0.2664220343480421,-0.406578225230946
SHBI,Shore Bancshares Inc,2023-05-18,2023-05-04,2023-05-17,6,6,Cavey Michael T.; Clemmer R. Michael; Jones David S.; Moore David W.; Stevens Donna J.; Wayson Konrad,196776,11.111666666666666,2023-05-04,2023-05-17,2023-05-09 16:30:20,2023-05-18 16:15:56,622071936.0,-0.03246951369247597,-0.027248914218052978,-0.04844558223123996,-0.07766538125016953
SHBI,Shore Bancshares Inc,2023-11-30,2023-11-06,2023-11-30,3,4,Kelly Clyde V. III; Lamon John; Willey Dawn M.,145933,11.9875,2023-11-06,2023-11-30,2023-11-08 09:17:02,2023-11-30 13:33:29,622071936.0,0.03912661906554504,0.06346551511701515,0.005883981697982987,-0.17600393773624678
SHBI,Shore Bancshares Inc,2024-03-06,2024-02-05,2024-03-04,4,5,Adams Michael Brian; Jones David S.; Lamon John; Willey Dawn M.,238883,11.178,2024-02-05,2024-03-04,2024-02-07 13:01:50,2024-03-06 13:10:38,622071936.0,-0.026397603642678402,-0.03654511087319079,-0.10062059209732277,-0.04445101057014311
SHEN,Shenandoah Telecommunications Co/va/,2024-05-13,2024-05-07,2024-05-13,8,8,Fitzsimmons Tracy; French Christopher E; Mason Richard W Jr; McKay Edward H; Rieger Derek; Schultz Leigh Ann; Tormey Heather K; Volk James J,466104,14.99,2024-05-07,2024-05-13,2024-05-07 19:39:05,2024-05-13 16:32:12,791366592.0,0.026637967347967084,0.038510774277672466,-0.12115883483953482,-0.09963661350029951
SHEN,Shenandoah Telecommunications Co/va/,2024-08-20,2024-08-09,2024-08-19,6,7,French Christopher E; John W Flora; Lytle Glenn E Jr; McKay Edward H; Quaglio Kenneth L; Volk James J,467820,14.441428571428572,2024-08-09,2024-08-19,2024-08-09 15:54:55,2024-08-20 09:27:11,791366592.0,-0.022451665929401288,0.04950933268194446,-0.10705276042365797,-0.1957411396443407
SHO,"Sunstone Hotel Investors, Inc.",2020-04-01,2020-03-16,2020-03-31,3,3,Arabia John V; McCabe Murray J.; Pasquale Douglas M,707752,8.03,2020-03-16,2020-03-31,2020-03-18 19:15:17,2020-04-01 16:42:18,1813575168.0,-0.04821482007496869,-0.0585700035134753,-0.26289722336829424,-0.25763969761781713
SIBN,"Si-Bone, Inc.",2018-10-19,2018-10-19,2018-10-19,5,5,Bonita David P; Freund John Gordon; Orbimed Advisors LLC; Petersen Timothy; Skyline Venture Partners V LP,18750000,15.0,2018-10-19,2018-10-19,2018-10-19 16:48:04,2018-10-19 16:58:25,677495552.0,-0.03306596415791563,-0.07518714337218135,-0.037158739545727903,0.10735562591228287
SIG,Signet Jewelers Ltd,2016-06-23,2016-06-07,2016-06-21,13,13,Becker Steven J.; Brenner Philip Joseph; Dennison Judith Lynn; Drosos Virginia; Hrabak Edward; Jenkins Mark Andrew; Light Mark; Murray George; Santana Michele; Stack Robert; Stitzer H. Todd; Ulasewicz Eugenia; Werner Uta,1216288,86.36692307692309,2016-06-07,2016-06-21,2016-06-08 11:06:45,2016-06-23 11:44:26,3977362688.0,-0.017011153922621758,-0.042433383589256524,-0.027570178072355844,-0.12482342265850965
SIG,Signet Jewelers Ltd,2020-03-30,2020-03-27,2020-03-27,3,3,Edelman Oded; Hilson Joan M; Stitzer H. Todd,461723,8.393333333333333,2020-03-27,2020-03-27,2020-03-30 18:12:27,2020-03-30 18:13:10,3977362688.0,-0.20063033416148857,-0.23501559933647198,0.043478421476502715,0.10869876610845108
SITE,"Siteone Landscape Supply, Inc.",2016-05-18,2016-05-17,2016-05-17,8,8,Anker Ross; Black Doug; Brisendine L Briley Jr; Convers Pascal; Douglas William W III; Guthrie John T; Ketter Joseph; Wyszomierski Jack L,2085300,21.0,2016-05-17,2016-05-17,2016-05-18 16:37:16,2016-05-18 16:46:26,6220818944.0,0.02320180354139678,-0.0073192625928864,0.18774560812234364,0.31106240676839114
SITM,Sitime Corp,2019-11-25,2019-11-25,2019-11-25,3,3,Chadwick Arthur D; Sevalia Piyush B; Vashist Rajesh,779987,13.0,2019-11-25,2019-11-25,2019-11-25 17:44:35,2019-11-25 18:34:46,10688548864.0,-0.0676511093164982,-0.06804174966150767,0.18038956813492746,0.5408737146554903
SJM,J M Smucker Co,2018-12-28,2018-11-30,2018-12-27,3,3,Dindo Kathryn W; Smucker Richard K; Smucker Timothy P,3188743,97.85,2018-11-30,2018-12-27,2018-12-07 17:56:01,2018-12-28 19:59:14,11987107840.0,-0.016992366837963013,0.004016097541995389,0.0006959393142105252,0.09507972576998003
SKT,"Tanger Factory Outlet Centers, Inc",2019-08-21,2019-08-19,2019-08-21,3,3,Henry David; Reddin Thomas; Tanger Steven B,391190,14.503333333333336,2019-08-19,2019-08-21,2019-08-20 16:49:41,2019-08-21 17:01:08,4277995008.0,0.011082721347865032,-0.02037251637718751,0.015248055973757335,0.08453705516006371
SKYW,Skywest Inc,2020-03-16,2020-03-12,2020-03-13,4,4,Albrecht W Steve; Atkin Jerry C; Simmons Robert J; Welch James L,790997,26.1025,2020-03-12,2020-03-13,2020-03-13 19:27:40,2020-03-16 11:58:41,4070972160.0,-0.14048496809888722,-0.07247443484843086,0.006611574931089326,0.18353928639296813
SLB,Schlumberger Limited/nv,2018-03-28,2018-03-26,2018-03-28,3,3,Al Mogharbel Khaled; Kibsgaard Paal; Schorn Patrick,1163650,64.59000000000002,2018-03-26,2018-03-28,2018-03-26 18:43:34,2018-03-28 16:52:15,72643207168.0,-0.0051326154827393555,0.0006660081841403098,0.05915545992754412,-0.018895480478219095
SLDB,Solid Biosciences Inc.,2018-02-01,2018-01-30,2018-01-30,3,3,Koppel Adam; Perceptive Advisors LLC; Shah Rajeev M.,37346520,16.073333333333334,2018-01-30,2018-01-30,2018-01-30 13:05:57,2018-02-01 19:07:24,464345024.0,0.154808152416254,0.1145877862532324,-0.6030447118048802,-0.3831312995767261
SLM,Slm Corp,2015-11-18,2015-10-26,2015-11-18,4,4,Lutz Laurent Charles; McGarry Steven; Quinlan Raymond J.; Strong Robert S.,253110,6.91,2015-10-26,2015-11-18,2015-10-28 16:43:53,2015-11-18 17:06:46,3802587392.0,0.024643986442441923,0.008701528910867617,0.012786201752165383,-0.009861088673391416
SLM,Slm Corp,2016-11-07,2016-10-28,2016-11-03,3,3,Goode Earl A; Keler Marianne M; Shiebler William N,211700,7.0566666666666675,2016-10-28,2016-11-03,2016-10-31 16:11:30,2016-11-07 16:11:22,3802587392.0,-0.00946835481208308,0.29382659575114056,0.5097300272772594,0.6187585699361924
SLVM,Sylvamo Corp,2021-11-30,2021-11-11,2021-11-29,5,5,Cleves Thomas A; Gibson Gregory C; Gottung Lizanne C; Ribieras Jeanmichel; Sims John V,2189965,31.302,2021-11-11,2021-11-29,2021-11-12 11:28:44,2021-11-30 13:31:57,1862025600.0,0.029706990453028603,0.01421597523768292,-0.010963418024880323,0.20526735655834472
SM,Sm Energy Co,2017-03-15,2017-02-27,2017-03-13,8,12,Copeland David W; Leiker Loren M; Ottoson Javan D; Peru Ramiro G; Quintana Julio M; Robeson Rose M; Sullivan William D; Vogel Herbert S,1917627,24.36833333333333,2017-02-27,2017-03-13,2017-02-28 18:28:05,2017-03-15 17:26:32,5739649024.0,0.0008176103661419187,-0.019915941652727254,0.05299644048066465,-0.207976328160156
SM,Sm Energy Co,2019-05-30,2019-05-07,2019-05-29,3,3,Copeland David W; Ottoson Javan D; Vogel Herbert S,225084,13.25,2019-05-07,2019-05-29,2019-05-08 16:44:22,2019-05-30 19:06:24,5739649024.0,-0.08133496663611206,-0.1155822716853494,-0.2410279263631826,-0.315119786657718
SMBC,"Southern Missouri Bancorp, Inc.",2020-06-01,2020-05-22,2020-05-28,5,5,Bagby Douglas; Hecker Mark E; Robison Dennis C; Steffens Greg A; Weishaar Martin,135255,23.534,2020-05-22,2020-05-28,2020-05-27 16:18:11,2020-06-01 15:35:41,698044288.0,-0.020167497861498074,0.058848588479258446,-0.15620574405343002,-0.18882074866196497
SMBC,"Southern Missouri Bancorp, Inc.",2022-05-03,2022-04-29,2022-04-29,3,3,Jones Daniel Lee; Steffens Greg A; Tooley David J,275237,42.303333333333335,2022-04-29,2022-04-29,2022-05-03 10:27:00,2022-05-03 14:01:24,698044288.0,0.005100995796083918,0.04569555475047704,0.1427457666166524,0.2560761155588631
SMBK,Smartfinancial Inc.,2015-10-27,2015-09-11,2015-09-30,4,4,Berke Monique; Hughes Nathaniel F; Payne Doyce G Md; Welborn Wesley Miller,650100,15.0,2015-09-11,2015-09-30,2015-10-16 18:10:02,2015-10-27 19:15:11,678618240.0,-0.01595640514702945,-0.032395765053271575,0.003444213550043096,0.10773928545662848
SMBK,Smartfinancial Inc.,2018-03-16,2018-03-05,2018-03-16,6,9,Johnson C Bryan; Miller Ted Charles; Ogle David Austin; Tucker Steven B.; Welborn Wesley Miller; Wicks James Beaumont,1111203,22.491111111111113,2018-03-05,2018-03-16,2018-03-06 17:03:36,2018-03-16 19:29:01,678618240.0,0.037104109989451683,0.061769219294381394,0.06542149328141356,0.08760655756002222
SMBK,Smartfinancial Inc.,2018-11-09,2018-10-29,2018-11-08,4,4,Johnson C Bryan; Miller Clifton N; Tucker Steven B.; Whaley Keith Edward,115447,21.04,2018-10-29,2018-11-08,2018-10-30 11:19:36,2018-11-09 15:57:23,678618240.0,0.0191796981810487,0.015044286208632185,-0.022963790230068448,-0.050256715182717016
SMBK,Smartfinancial Inc.,2020-03-18,2020-03-10,2020-03-16,3,5,Berke Monique; Carroll William Young Sr.; Ogle David Austin,194557,16.122,2020-03-10,2020-03-16,2020-03-11 12:31:58,2020-03-18 10:40:40,678618240.0,-0.09850190267175563,-0.10655258749564367,-0.19755691185195146,-0.17083945699548386
SMBK,Smartfinancial Inc.,2023-05-15,2023-05-01,2023-05-12,6,7,Carroll William Young Jr.; Miller Ted Charles; Ogle David Austin; Welborn Wesley Miller; Whaley Keith Edward; Wolpert Geoffrey Alan,320194,20.062857142857144,2023-05-01,2023-05-12,2023-05-02 07:19:52,2023-05-15 16:15:16,678618240.0,0.013782197541009067,0.08075269415573993,0.011496707122126804,0.14361950378105792
SMPL,Simply Good Foods Co,2018-02-13,2018-02-09,2018-02-09,7,7,Daley Clayton C Jr; Ghez Nomi; Healey James E; Kash Arvin; Kilts James M; Montgomery Robert G.; Ratzan Brian K.,9224670,12.400000000000002,2018-02-09,2018-02-09,2018-02-13 17:06:15,2018-02-13 17:18:23,1544686592.0,-0.006905425321430014,0.012621267942829695,0.04949381004330755,0.02007316584419816
SMPL,Simply Good Foods Co,2020-05-07,2020-04-09,2020-05-06,8,10,Daley Clayton C Jr; Ghez Nomi; Goolsby Michelle P; Healey James E; Kilts James M; Montgomery Robert G.; Ratzan Brian K.; White James D,3592994,16.610999999999997,2020-04-09,2020-05-06,2020-04-09 18:13:38,2020-05-07 09:07:06,1544686592.0,0.07624765299647795,-0.07459040654416271,-0.11698558399757686,0.1555984348626005
SNDA,"Sonida Senior Living, Inc.",2021-12-30,2021-11-29,2021-12-29,3,5,Beren Noah; Harris Benjamin P; Levinson Sam,2002466,28.308,2021-11-29,2021-12-29,2021-12-01 16:46:57,2021-12-30 16:15:36,684715136.0,0.013416495921514393,-0.018236714371478335,0.20562827195033662,0.26478452516991
SNDA,"Sonida Senior Living, Inc.",2023-04-06,2023-03-29,2023-04-04,5,5,"Beren Noah; Karicher Michael; Levinson Sam; Lieberman Shmuel; Ortelius Advisors, L.P.",181830,7.720000000000001,2023-03-29,2023-04-04,2023-03-31 16:06:41,2023-04-06 17:54:30,684715136.0,0.07045992089593445,0.26972662134756487,-0.045528431646471246,0.20609004906588102
SNDA,"Sonida Senior Living, Inc.",2024-04-22,2024-03-22,2024-04-18,3,3,Clark Reanae; Levinson Sam; Ribar Brandon,5186940,22.776666666666667,2024-03-22,2024-04-18,2024-03-25 16:42:31,2024-04-22 16:21:12,684715136.0,0.05801281506715794,0.06984080890063549,-0.12625303290452494,-0.049364511915162224
SNDA,"Sonida Senior Living, Inc.",2024-11-19,2024-10-23,2024-11-15,5,5,Beren Noah; Detz Kevin; Karicher Michael; Ribar Brandon; Simanovsky Michael,3499164,22.651999999999997,2024-10-23,2024-11-15,2024-10-25 17:00:28,2024-11-19 16:47:54,684715136.0,0.10004537020229565,0.18868634981108334,,
SNEX,Stonex Group Inc.,2021-12-23,2021-12-02,2021-12-22,4,8,Perkins Abigail H; Rotsztain Diego; Stevens Glenn Henry; Thamodaran Dhamu R.,1216965,60.504999999999995,2021-12-02,2021-12-22,2021-12-06 16:50:13,2021-12-23 16:05:49,6577850368.0,0.011945884559127817,0.002404717998434558,0.16201437212460534,0.31542191099684047
SNEX,Stonex Group Inc.,2022-03-14,2022-03-08,2022-03-11,3,3,Perkins Abigail H; Rotsztain Diego; Stevens Glenn Henry,472124,69.37666666666667,2022-03-08,2022-03-11,2022-03-09 18:15:59,2022-03-14 16:25:12,6577850368.0,-0.008628241607598008,0.010237067831784463,-0.02688030536113528,0.13715137366846342
SNV,Synovus Financial Corp,2018-06-22,2018-06-21,2018-06-21,8,8,Allen Catherine A; Bentsen Tim E; Blair Kevin S.; Butler Stephen T; Gula Allen J; Holladay Mark G; Storey Barry L.; Tomlinson Philip W,900000,25.0,2018-06-21,2018-06-21,2018-06-22 10:02:17,2018-06-22 10:42:19,6947805696.0,0.006514557670844301,-0.023746105753580826,-0.1219873551512255,-0.2042445875504334
SNV,Synovus Financial Corp,2018-10-25,2018-10-25,2018-10-25,4,4,Bentsen Tim E; Blair Kevin S.; Camp Elizabeth W; Prochaska Joseph J Jr,246252,37.1225,2018-10-25,2018-10-25,2018-10-25 16:31:21,2018-10-25 16:38:37,6947805696.0,0.0024262263263343797,0.013478730910303272,-0.0598932122746233,-0.03992884501076821
SNV,Synovus Financial Corp,2023-05-05,2023-05-01,2023-05-05,6,6,Bishop Daniel Zachary; Blair Kevin S.; Creson Shellie; Gregory Andrew J. Jr.; Irby John H.; Murphy Diana M,489550,27.926666666666662,2023-05-01,2023-05-05,2023-05-03 11:14:35,2023-05-05 16:18:18,6947805696.0,0.019533050217332537,-0.032474532523252386,0.08785472449124798,0.14055244253011567
SOC,Sable Offshore Corp.,2024-02-16,2024-02-12,2024-02-14,4,4,Flores James C; Flores James Caldwell; Pipkin Gregory Phillip; Sarofim Christopher Binyon,96200055,10.0025,2024-02-12,2024-02-14,2024-02-16 16:57:17,2024-02-16 19:57:07,1353943168.0,-0.02258001157015177,-0.04338347542304455,-0.15438359145014247,-0.10286030445967387
SOFI,"Sofi Technologies, Inc.",2021-08-27,2021-08-17,2021-08-26,3,6,Lapointe Christopher; Noto Anthony; Webster Aaron,467274,14.14,2021-08-17,2021-08-26,2021-08-18 06:06:00,2021-08-27 17:03:05,23732662272.0,-0.025216387220597714,0.040427909698893316,0.303446695336419,0.2546011569979505
SOFI,"Sofi Technologies, Inc.",2022-03-18,2022-03-04,2022-03-17,3,9,Heavener Micah; Noto Anthony; Schwartz Harvey M,1752850,8.921111111111111,2022-03-04,2022-03-17,2022-03-04 16:59:01,2022-03-18 16:05:43,23732662272.0,0.06341688487918651,-0.018310188297345764,-0.23219642866046852,-0.18529345731566527
SPFI,"South Plains Financial, Inc.",2019-05-15,2019-05-13,2019-05-13,10,10,Bass Kevin R; Crockett Steven B; Deterding Kelly L.; Griffith Curtis C; Keith Cynthia B; Navitskas Allison; Newsom Cory T; Newsom Mikella D; Valles Noe G; Wargo Kyle R,538300,17.5,2019-05-13,2019-05-13,2019-05-15 19:18:17,2019-05-15 20:27:00,682866624.0,-0.01739569675229513,0.009908952816674033,-0.12191816050407156,-0.095174486319343
SPFI,"South Plains Financial, Inc.",2020-03-16,2020-03-11,2020-03-13,3,5,Campbell Richard D; Griffith Curtis C; Newsom Cory T,392990,16.68,2020-03-11,2020-03-13,2020-03-13 14:34:00,2020-03-16 16:37:32,682866624.0,-0.04251774977209821,-0.027945652031722723,-0.2603530458321639,-0.32808736630470303
SPG,Simon Property Group Inc /de/,2020-03-19,2020-03-17,2020-03-19,8,9,Glasscock Larry C; Hubbard Allan B; Leibowitz Reuben S; Selig Stefan M; Simon David; Simon Herbert; Smith Daniel C.; Smith J Albert Jr,20825100,54.85333333333333,2020-03-17,2020-03-19,2020-03-17 18:59:25,2020-03-19 18:17:18,76172140544.0,0.11274359922523858,0.2877249017176058,0.22172514524411335,0.36915719194592
SPG,Simon Property Group Inc /de/,2021-03-22,2020-07-24,2020-07-24,10,10,Aeppel Glyn; Glasscock Larry C; Horn Karen N; Hubbard Allan B; Leibowitz Reuben S; Rodkin Gary M; Selig Stefan M; Smith Daniel C.; Smith J Albert Jr; Stewart Marta R,629169,71.89000000000001,2020-07-24,2020-07-24,2021-03-22 17:27:46,2021-03-22 18:39:48,76172140544.0,-0.05386917824689197,-0.04085616268864389,-0.015410233932714679,0.04912726254922162
SPG,Simon Property Group Inc /de/,2021-07-26,2021-07-23,2021-07-23,10,10,Aeppel Glyn; Glasscock Larry C; Horn Karen N; Hubbard Allan B; Leibowitz Reuben S; Rodkin Gary M; Selig Stefan M; Smith Daniel C.; Smith J Albert Jr; Stewart Marta R,257896,123.86999999999998,2021-07-23,2021-07-23,2021-07-26 15:39:30,2021-07-26 15:47:29,76172140544.0,0.01596838222754393,0.02282051313735589,0.057825775898939336,0.1359089820790933
SPG,Simon Property Group Inc /de/,2021-10-04,2021-09-30,2021-09-30,10,10,Aeppel Glyn; Glasscock Larry C; Horn Karen N; Hubbard Allan B; Leibowitz Reuben S; Rodkin Gary M; Selig Stefan M; Smith Daniel C.; Smith J Albert Jr; Stewart Marta R,279229,132.65000000000003,2021-09-30,2021-09-30,2021-10-04 11:40:42,2021-10-04 11:53:38,76172140544.0,-0.010518952932480619,-0.004942124396722591,0.17255333811698836,0.10161800716825642
SPG,Simon Property Group Inc /de/,2022-04-04,2022-03-31,2022-03-31,11,11,Aeppel Glyn; Glasscock Larry C; Horn Karen N; Hubbard Allan B; Leibowitz Reuben S; Rodkin Gary M; Roe Peggy Fang; Selig Stefan M; Smith Daniel C.; Smith J Albert Jr; Stewart Marta R,314875,134.09999999999997,2022-03-31,2022-03-31,2022-04-04 15:10:42,2022-04-04 15:34:31,76172140544.0,-0.014022609351412973,-0.018064309401871093,0.006441971728536888,-0.11187036540807416
SPG,Simon Property Group Inc /de/,2022-07-05,2022-06-30,2022-06-30,11,11,Aeppel Glyn; Glasscock Larry C; Horn Karen N; Hubbard Allan B; Leibowitz Reuben S; Rodkin Gary M; Roe Peggy Fang; Selig Stefan M; Smith Daniel C.; Smith J Albert Jr; Stewart Marta R,357404,93.83,2022-06-30,2022-06-30,2022-07-05 11:44:42,2022-07-05 12:13:19,76172140544.0,0.002461893950226113,0.02114243440664787,0.06979482497113176,0.007817058319688486
SPG,Simon Property Group Inc /de/,2022-10-04,2022-09-30,2022-09-30,11,11,Aeppel Glyn; Glasscock Larry C; Horn Karen N; Hubbard Allan B; Leibowitz Reuben S; Rodkin Gary M; Roe Peggy Fang; Selig Stefan M; Smith Daniel C.; Smith J Albert Jr; Stewart Marta R,374752,89.28999999999999,2022-09-30,2022-09-30,2022-10-04 13:01:56,2022-10-04 13:32:41,76172140544.0,0.024062840603622515,0.0664015155678751,0.23377102220953838,0.25860064055887766
SPG,Simon Property Group Inc /de/,2023-01-03,2022-12-30,2022-12-30,11,11,Aeppel Glyn; Glasscock Larry C; Horn Karen N; Hubbard Allan B; Leibowitz Reuben S; Rodkin Gary M; Roe Peggy Fang; Selig Stefan M; Smith Daniel C.; Smith J Albert Jr; Stewart Marta R,392568,116.42000000000002,2022-12-30,2022-12-30,2023-01-03 16:31:49,2023-01-03 16:57:22,76172140544.0,0.027846840074789103,-0.026673596436777913,-0.014061645179791915,-0.1303967310800771
SPG,Simon Property Group Inc /de/,2023-04-03,2023-03-31,2023-03-31,11,11,Aeppel Glyn; Glasscock Larry C; Horn Karen N; Hubbard Allan B; Leibowitz Reuben S; Rodkin Gary M; Roe Peggy Fang; Selig Stefan M; Smith Daniel C.; Smith J Albert Jr; Stewart Marta R,398726,109.32999999999998,2023-03-31,2023-03-31,2023-04-03 15:05:38,2023-04-03 15:26:43,76172140544.0,-0.004135996104487449,-0.016971170617256837,-0.07569187681571421,-0.03210608672417514
SPG,Simon Property Group Inc /de/,2023-07-05,2023-06-30,2023-06-30,10,10,Aeppel Glyn; Glasscock Larry C; Hubbard Allan B; Leibowitz Reuben S; Lewis Randall J; Rodkin Gary M; Roe Peggy Fang; Selig Stefan M; Smith Daniel C.; Stewart Marta R,306198,116.16,2023-06-30,2023-06-30,2023-07-05 13:19:33,2023-07-05 13:39:59,76172140544.0,0.02690695930845255,0.041113216315247225,-0.0028667701720020977,-0.02362691176306997
SPG,Simon Property Group Inc /de/,2023-10-03,2023-09-29,2023-09-29,11,11,Aeppel Glyn; Glasscock Larry C; Hubbard Allan B; Leibowitz Reuben S; Lewis Randall J; McDade Brian J.; Rodkin Gary M; Roe Peggy Fang; Selig Stefan M; Smith Daniel C.; Stewart Marta R,359085,109.96272727272728,2023-09-29,2023-09-29,2023-10-03 12:53:07,2023-10-03 14:17:29,76172140544.0,0.004385866197912591,-0.0023921964014923525,0.10432177311082014,0.27905185885814454
SPG,Simon Property Group Inc /de/,2024-01-02,2023-12-29,2023-12-29,10,10,Aeppel Glyn; Glasscock Larry C; Hubbard Allan B; Leibowitz Reuben S; Lewis Randall J; Rodkin Gary M; Roe Peggy Fang; Selig Stefan M; Smith Daniel C.; Stewart Marta R,325244,143.84999999999997,2023-12-29,2023-12-29,2024-01-02 16:28:30,2024-01-02 16:44:13,76172140544.0,-0.00415967935821604,-0.0004266865525490715,-0.04739405439912381,0.007423717043907541
SPG,Simon Property Group Inc /de/,2024-04-02,2024-04-01,2024-04-01,11,11,Aeppel Glyn; Glasscock Larry C; Hubbard Allan B; Jones Nina P; Leibowitz Reuben S; Lewis Randall J; Rodkin Gary M; Roe Peggy Fang; Selig Stefan M; Smith Daniel C.; Stewart Marta R,338910,154.19000000000003,2024-04-01,2024-04-01,2024-04-02 15:44:46,2024-04-02 16:12:06,76172140544.0,-0.01903597550450209,-0.015996975704934635,-0.027854268358702416,-0.06079092262112851
SPG,Simon Property Group Inc /de/,2024-07-02,2024-06-28,2024-06-28,11,11,Aeppel Glyn; Glasscock Larry C; Hubbard Allan B; Jones Nina P; Leibowitz Reuben S; Lewis Randall J; Rodkin Gary M; Roe Peggy Fang; Selig Stefan M; Smith Daniel C.; Stewart Marta R,380981,150.17000000000002,2024-06-28,2024-06-28,2024-07-02 10:37:07,2024-07-02 10:53:17,76172140544.0,0.0006530451541839621,-0.016198877988179206,0.0732131849307992,0.0974258006540416
SPG,Simon Property Group Inc /de/,2024-10-01,2024-09-30,2024-09-30,11,11,Aeppel Glyn; Glasscock Larry C; Hubbard Allan B; Jones Nina P; Leibowitz Reuben S; Lewis Randall J; Rodkin Gary M; Roe Peggy Fang; Selig Stefan M; Smith Daniel C.; Stewart Marta R,395666,167.29999999999998,2024-09-30,2024-09-30,2024-10-01 14:23:34,2024-10-01 14:44:11,76172140544.0,0.005700111402123009,-0.009562206427088826,0.014100861488944183,-0.011433954952303926
SPLP,Steel Partners Holdings L.P.,2021-01-20,2020-12-23,2021-01-15,4,5,Howard Jack L; Karros Eric P.; Lichtenstein Warren G; Walker Gordon A.,2946030,12.03,2020-12-23,2021-01-15,2020-12-29 19:40:12,2021-01-20 20:02:36,956075136.0,-0.013287361786846086,0.008245670354967816,-0.022156553076546626,0.2966371099922862
SPRY,"Ars Pharmaceuticals, Inc.",2023-08-31,2023-08-29,2023-08-29,3,3,"Orbimed Advisors LLC; Ra Capital Management, L.P.; Thompson Peter A.",29450000,6.2,2023-08-29,2023-08-29,2023-08-31 17:18:44,2023-08-31 17:26:46,876787136.0,-0.0003989956571581743,0.04874107391868121,-0.4355030099943079,-0.3530205683344674
SPT,"Sprout Social, Inc.",2020-11-12,2019-12-13,2019-12-13,3,3,"Goldman Sachs Group Inc; Kreuziger Jason; Mbd Advisors, L.L.C.",6384390,23.209999999999997,2019-12-13,2019-12-13,2020-11-12 21:25:29,2020-11-12 21:32:51,407964832.0,0.06310492985943039,-0.06875813995685554,-0.034902378061715256,0.5243592942530044
SR,Spire Inc,2023-09-08,2023-08-17,2023-09-07,3,3,Koonce Paul D; Rasche Steven P; Woodard Adam W.,450585,49.596666666666664,2023-08-17,2023-09-07,2023-08-17 15:53:38,2023-09-08 15:56:21,5419156992.0,0.003838652513866281,0.03355941497887138,0.031779630500112344,0.03623653982224795
SRE,Sempra Energy,2020-08-26,2020-08-07,2020-08-25,4,4,Brown Kathleen; Conesa Andres; Mears Michael N; Walker Cynthia Lynn,964092,130.2025,2020-08-07,2020-08-25,2020-08-10 17:21:29,2020-08-26 16:46:25,62239711232.0,-0.02753157493986058,-0.04711177759147234,0.015848873738395275,0.003467090310678822
SRPT,"Sarepta Therapeutics, Inc.",2016-03-16,2016-03-14,2016-03-14,3,3,Barry Richard; Behrens M Kathleen; Price Ben Gil,2470038,16.213333333333335,2016-03-14,2016-03-14,2016-03-16 20:07:05,2016-03-16 20:15:31,1662972544.0,0.11118290498340766,0.1974550916385005,-0.1211190298999738,0.27152756523061616
SRPT,"Sarepta Therapeutics, Inc.",2019-09-09,2019-08-12,2019-09-09,4,6,Barry Richard; Behrens M Kathleen; Bonney Michael W; Ingram Douglas S,3502683,107.01833333333332,2019-08-12,2019-09-09,2019-08-12 17:48:13,2019-09-09 14:18:34,1662972544.0,0.062391665941311736,0.008322877135464202,-0.00042190694869392864,0.2554529419765106
SRRK,Scholar Rock Holding Corp,2018-05-31,2018-05-29,2018-05-29,4,4,"Artal International S.C.A.; Nashat Amir; Polaris Venture Management Co. Vi, L.L.C.; Springer Timothy A",11299988,14.0,2018-05-29,2018-05-29,2018-05-31 21:41:07,2018-05-31 21:43:23,4519950336.0,0.18727782393235315,0.15223624093015986,-0.07384545333098047,0.13394105801738743
SRRK,Scholar Rock Holding Corp,2023-10-18,2023-10-12,2023-10-16,3,3,"Akkaraju Srinivas; Invus Public Equities, L.P.; Samsara Biocapital Gp, LLC",45086736,6.853333333333334,2023-10-12,2023-10-16,2023-10-16 17:46:56,2023-10-18 17:46:02,4519950336.0,-0.11593666264271729,0.07914212058777204,0.40038554254592085,0.7350803621475577
SSB,South State Corp,2015-09-21,2015-08-24,2015-09-21,3,3,Bethea Paula Harper; Demere Robert H Jr; Roquemore James W,205401,74.66666666666667,2015-08-24,2015-09-21,2015-08-25 16:29:32,2015-09-21 15:17:52,9908804608.0,-0.0009209828165227529,0.04353317981970273,-0.04443880547012835,-0.07236933017107772
SSB,South State Corp,2021-07-26,2021-07-26,2021-07-26,3,3,Corbett John C; Matthews William E V; Young Stephen Dean,246098,70.36666666666666,2021-07-26,2021-07-26,2021-07-26 10:01:24,2021-07-26 11:33:55,9908804608.0,0.018436137094530403,-0.0003414097643785752,-0.030639666592891412,0.11026864079363285
SSNC,Ss&c Technologies Holdings Inc,2018-11-21,2018-11-05,2018-11-20,3,4,Conjeevaram Smita; Michael Jonathan E; Zamkow Michael Jay,1671581,47.605,2018-11-05,2018-11-20,2018-11-07 15:03:07,2018-11-21 12:49:48,18262818816.0,0.02202303114614268,0.04584338819520539,0.05485258191209508,0.26498393352381044
SSP,Scripps E W Co /de,2015-01-28,2015-01-27,2015-01-27,3,3,Attal Eva Scripps; Scripps Edward W; Scripps Gerald J.,1538775,16.72,2015-01-27,2015-01-27,2015-01-28 09:01:07,2015-01-28 09:06:55,347216320.0,-0.0006256345539842334,-0.0074716623553711115,0.18032077181597894,0.27935924753855623
SSP,E.W. Scripps Co,2018-11-09,2018-10-09,2018-11-08,6,20,Barmonde Charles L.; Granado Anthony S.; Granado Corina S.; Peirce Mary; Scripps Charles E; Scripps Eaton M,5074772,16.8205,2018-10-09,2018-11-08,2018-10-10 08:56:40,2018-11-09 16:26:49,347216320.0,0.011923292045837197,0.01004271745774421,-0.00591597644698838,0.0924171850225518
SSP,E.W. Scripps Co,2022-05-19,2022-05-12,2022-05-17,3,3,Granado Anthony S.; Klenzing Margaret Scripps; Scripps Elizabeth,177982,15.343333333333334,2022-05-12,2022-05-17,2022-05-16 17:38:12,2022-05-19 16:01:43,347216320.0,0.008209398905378196,-0.06203145140792243,-0.17856863325944983,-0.07044568473840873
SSP,E.W. Scripps Co,2022-11-07,2022-11-03,2022-11-03,20,20,"Brickner Rebecca Scripps; Brickner Samantha J.; Brickner Savannah; Granado Anthony S.; Granado Corina S.; Granado Ellen B.; Granado Geraldine Scripps; Granado Manuel E.; Granado Raymundo H. Jr.; Holcomb Monica; Klenzing Margaret Scripps; Robert P. Scripps, Jr. Irrevocable Trust For the Benefit of Robert P. Scripps IV; Sanchez Mary Ann S.; Sanchez Vanessa L.; Sanchez Veronica E.; Scripps Eli W; Scripps Gerald J.; Scripps Jimmy R.; Scripps William A.; Scripps William A. Jr.",6555005,12.259999999999998,2022-11-03,2022-11-03,2022-11-07 18:03:56,2022-11-07 18:40:23,347216320.0,-0.1523262393758943,0.02027538262466,-0.036671991841703555,0.06274589227585192
STBA,S&t Bancorp Inc,2015-04-27,2015-04-22,2015-04-24,3,3,Antolik David G; Brice Todd D; Weingarten Steven Jay,59249,27.593333333333337,2015-04-22,2015-04-24,2015-04-23 17:51:50,2015-04-27 14:10:46,1629425152.0,0.022353425250316583,-0.035370689808321365,0.04635545629229865,0.1848107504523242
STBA,S&t Bancorp Inc,2016-03-01,2016-02-01,2016-02-29,3,4,Grube Jeffrey D; Richards David Z Jr; Weingarten Steven Jay,97123,25.7025,2016-02-01,2016-02-29,2016-02-02 14:28:25,2016-03-01 08:45:25,1629425152.0,-0.001142504031306224,-0.0016110879871906736,-0.05397485740347796,-0.05104453742901183
STBA,S&t Bancorp Inc,2019-06-11,2019-06-07,2019-06-10,3,3,Brice Todd D; Hostetter Jerry Delmar; Kane Robert Edward,203553,36.913333333333334,2019-06-07,2019-06-10,2019-06-11 16:30:07,2019-06-11 16:33:19,1629425152.0,0.011640255286970769,-0.0006313345775241785,-0.038325926874257066,-0.10858599500680344
STBA,S&t Bancorp Inc,2020-05-15,2020-05-12,2020-05-14,3,3,Barsz Peter Richard; Hostetter Jerry Delmar; Palermo Frank J Jr,115044,21.023333333333333,2020-05-12,2020-05-14,2020-05-15 18:18:28,2020-05-15 18:42:02,1629425152.0,0.07592325799764299,0.0565775789746068,0.06423369385848487,-0.06383892398256186
STBA,S&t Bancorp Inc,2021-03-08,2021-02-16,2021-03-08,3,3,Antolik David G; Cassotis Christina Anne; Toretti Christine J,161140,29.67,2021-02-16,2021-03-08,2021-02-18 13:18:54,2021-03-08 20:08:35,1629425152.0,0.02659793641600161,0.019334718033329645,-0.09442427621129412,-0.03814244344322981
STEL,"Stellar Bancorp, Inc.",2023-05-05,2023-05-02,2023-05-04,3,4,Penland Joe Sr; Williams John E Jr; Wilson William E Jr,3506088,21.6325,2023-05-02,2023-05-04,2023-05-04 16:07:01,2023-05-05 16:21:15,1920554880.0,0.008632464536084239,-0.024774195267950883,0.05271154685399271,0.03136965587269658
STEP,Stepstone Group Inc.,2020-09-22,2020-09-18,2020-09-18,9,9,"Argonaut Private Equity, L.L.C.; Bradley Thomas Alcott; Fernandez Jose A; Friedman Darren M.; Hart Scott W; Jeffrey David; Keck Thomas; Maruszewski Mark; Ment Jason P",6248826,18.0,2020-09-18,2020-09-18,2020-09-21 20:19:55,2020-09-22 18:05:10,5593601024.0,0.07303005721073497,0.030167908200276372,0.0812184034881358,0.1872886222003065
STKL,Sunopta Inc.,2015-12-15,2015-11-16,2015-12-14,5,6,Atkins M Shan; Detlefsen Michael; Greene Douglas; Jacobs Hendrik; Murray Alan,688580,7.248333333333334,2015-11-16,2015-12-14,2015-11-17 09:00:51,2015-12-15 11:08:42,769089472.0,-0.009011402302544713,-0.008926511281495575,-0.08469866379524804,-0.2672819418757634
STKL,Sunopta Inc.,2017-03-09,2017-03-03,2017-03-07,3,4,"Colo David; Oaktree Huntington Investment Fund Ii, L.P.; Oaktree Organics, L.P.",21724535,6.984999999999999,2017-03-03,2017-03-07,2017-03-07 21:09:21,2017-03-09 14:28:59,769089472.0,0.03808013349787154,0.013312182597065458,-0.08170099807386622,0.3498183107816899
STKL,Sunopta Inc.,2017-05-23,2017-05-12,2017-05-19,6,6,"Atkins M Shan; Bolles Albert D.; Duchscher Robert; Gough Jeffrey; Oaktree Huntington Investment Fund Ii, L.P.; Oaktree Organics, L.P.",11581113,8.241666666666665,2017-05-12,2017-05-19,2017-05-15 15:48:13,2017-05-23 09:54:57,769089472.0,0.000740507978228111,-0.023889078660930707,0.03313042983164616,-0.07276414053825009
STKL,Sunopta Inc.,2018-03-19,2018-03-01,2018-03-15,3,3,Duchscher Robert; Hollis Richard Dean; Miketa George,385194,7.12,2018-03-01,2018-03-15,2018-03-05 13:26:33,2018-03-19 16:23:56,769089472.0,0.025645557504550665,0.012461129182536723,-0.028444118372908833,0.1308596246644187
STLD,Steel Dynamics Inc,2019-06-07,2019-05-24,2019-06-05,3,3,Pushis Glenn; Rinn Russell B; Shaheen Gabriel,336296,26.246666666666663,2019-05-24,2019-06-05,2019-05-28 11:42:37,2019-06-07 13:10:02,29065545728.0,-0.012333816596628022,0.0008782585890139138,0.171603415873121,0.0076873404863886385
STOK,"Stoke Therapeutics, Inc.",2019-06-21,2019-06-19,2019-06-21,3,3,"Apple Tree Partners Iv, L.P.; Harrison Seth Loring; Rtw Investments, LP",60000012,18.0,2019-06-19,2019-06-21,2019-06-20 09:50:17,2019-06-21 17:01:27,1929417344.0,-0.015400588271611948,0.12677336782582183,0.009490222033538886,-0.08935751821118809
STRO,"Sutro Biopharma, Inc.",2020-05-14,2020-05-14,2020-05-14,3,3,Fitzpatrick Linda A; Molina Arturo Md; Newell William J,574988,7.75,2020-05-14,2020-05-14,2020-05-14 17:26:13,2020-05-14 17:29:22,322839200.0,0.008380832949385297,0.03352255989549313,-0.24747991149059756,-0.24235316490247882
STRT,Strattec Security Corp,2024-03-05,2024-02-22,2024-03-01,3,3,Chang Tina M; Florsheim Thomas W Jr; Liebau Frederic Jack Jr,87810,25.28333333333333,2024-02-22,2024-03-01,2024-02-26 16:05:18,2024-03-05 16:05:36,358050048.0,0.010230130303396145,-0.04995706952843204,-0.0952514740147824,0.07327125337002416
STRW,"Strawberry Fields Reit, Inc.",2024-12-23,2024-12-03,2024-12-19,4,6,Blisko Michael; Flamion Greg Curtis; Gubin Moishe; Levine Jack,3061978,10.588333333333331,2024-12-03,2024-12-19,2024-12-09 08:36:03,2024-12-23 16:58:58,713423104.0,-0.01998670289394866,-0.0017520720169381665,,
SUN,Sunoco LP,2020-03-18,2020-03-11,2020-03-18,7,8,Anbouba Imad K.; Curia Christopher; Dodderer Arnold; Fails Karl R; Hand Brian A; Kim Joseph; Miller Thomas R,692888,16.2425,2020-03-11,2020-03-18,2020-03-12 19:23:31,2020-03-18 16:00:15,11877489664.0,0.02708893790619038,-0.06089713608829783,0.4632396523047515,0.468000591026426
SUN,Sunoco LP,2024-05-31,2024-05-23,2024-05-29,4,4,Fails Karl R; Hand Brian A; Harkness Austin; Kim Joseph,551976,50.002500000000005,2024-05-23,2024-05-29,2024-05-28 09:00:04,2024-05-31 09:00:03,11877489664.0,0.01299290390411989,0.05479989199513646,0.09262447558329945,0.02144871382729452
SWIM,"Latham Group, Inc.",2021-04-28,2021-04-27,2021-04-27,11,11,Borseth J Mark; Cline James E; Cowley Joshua D.; Culp Joel Richard; Duva Jason A; Evans Robert Deaton; Feck Melissa Claire; Laven Mark Phillip; Leake Jeff Arnold; Morno-Wade Suzan; Rajeski Scott Michael,2422500,19.0,2021-04-27,2021-04-27,2021-04-28 16:30:40,2021-04-28 16:34:17,751263232.0,-0.02862907536859205,-0.052851763546254205,-0.013495275422990893,-0.027690982435143452
SWX,"Southwest Gas Holdings, Inc.",2020-03-25,2020-03-12,2020-03-24,3,4,Boughner Robert L; Daily Paul M; Hester John P,535297,53.6425,2020-03-12,2020-03-24,2020-03-13 18:06:58,2020-03-25 16:01:25,6417148928.0,0.11704934664221622,0.11893148242650353,0.06418115901741728,-0.12296422488871239
SXC,"Suncoke Energy, Inc.",2015-02-17,2015-02-03,2015-02-11,4,5,Henderson Frederick A.; Lausas Allison S; Sweetnam James E; West Fay,617721,16.066,2015-02-03,2015-02-11,2015-02-04 17:37:34,2015-02-17 13:08:07,508839744.0,-0.025917722373772545,0.03362585409871888,-0.12299357914982889,-0.04454682410633082
SYBT,"Stock Yards Bancorp, Inc.",2015-03-20,2015-02-23,2015-03-18,7,14,Edinger Charles R III; Herde Carl G; Madison Bruce P; Northern Richard; Priebe Stephen M; Simon Nicholas X; Tasman Norman,44250,33.22500000000001,2015-02-23,2015-03-18,2015-02-25 15:38:31,2015-03-20 09:41:03,1903601792.0,0.023334625115412067,0.020668617727028327,0.011972977837798382,0.08703892630944199
SYBT,"Stock Yards Bancorp, Inc.",2015-06-19,2015-05-20,2015-06-18,6,12,Edinger Charles R III; Herde Carl G; Northern Richard; Priebe Stephen M; Simon Nicholas X; Tasman Norman,35450,36.4,2015-05-20,2015-06-18,2015-05-22 13:35:19,2015-06-19 15:45:42,1903601792.0,0.02004303360490578,0.03358297806696109,0.0006516683711605964,0.03451781107196217
SYBT,"Stock Yards Bancorp, Inc.",2015-09-23,2015-08-24,2015-09-22,7,14,Brown J McCauley; Edinger Charles R III; Herde Carl G; Northern Richard; Priebe Stephen M; Simon Nicholas X; Tasman Norman,36950,34.97000000000001,2015-08-24,2015-09-22,2015-08-25 15:13:40,2015-09-23 15:30:32,1903601792.0,0.022029721060083718,0.030821821188481424,-0.001009111396076845,0.01695564481249945
SYBT,"Stock Yards Bancorp, Inc.",2016-02-24,2016-02-09,2016-02-22,7,8,Brown J McCauley; Edinger Charles R III; Herde Carl G; Northern Richard; Priebe Stephen M; Simon Nicholas X; Tasman Norman,59865,36.94875,2016-02-09,2016-02-22,2016-02-10 14:41:17,2016-02-24 10:28:36,1903601792.0,0.0044468768682301985,0.0225869575146036,-0.05881118578062838,0.06502109910419729
SYBT,"Stock Yards Bancorp, Inc.",2016-05-25,2016-05-05,2016-05-23,7,14,Brown J McCauley; Edinger Charles R III; Herde Carl G; Northern Richard; Priebe Stephen M; Simon Nicholas X; Tasman Norman,37150,40.56499999999999,2016-05-05,2016-05-23,2016-05-09 10:20:58,2016-05-25 10:45:54,1903601792.0,-0.004959281266827542,-0.0005401160917133385,-0.03546411897894719,0.0023138651958807266
SYBT,"Stock Yards Bancorp, Inc.",2016-08-19,2016-07-25,2016-08-18,6,12,Brown J McCauley; Edinger Charles R III; Herde Carl G; Northern Richard; Priebe Stephen M; Tasman Norman,31775,29.26,2016-07-25,2016-08-18,2016-07-27 15:16:12,2016-08-19 13:07:02,1903601792.0,0.010879263712403442,0.04097613395116351,0.11740257333584248,0.35163426794676
SYBT,"Stock Yards Bancorp, Inc.",2016-11-22,2016-10-20,2016-11-18,7,14,Brown J McCauley; Edinger Charles R III; Heitzman Donna L; Herde Carl G; Northern Richard; Priebe Stephen M; Tasman Norman,36700,38.15999999999999,2016-10-20,2016-11-18,2016-10-24 12:12:39,2016-11-22 13:01:48,1903601792.0,0.037738431301209685,-0.025896358830525323,0.08032576676580971,-0.0001110563067612258
SYBT,"Stock Yards Bancorp, Inc.",2017-01-23,2016-12-23,2017-01-20,8,20,Brown J McCauley; Edinger Charles R III; Heitzman Donna L; Herde Carl G; Lechleiter Richard A; Northern Richard; Priebe Stephen M; Tasman Norman,50801,45.947500000000005,2016-12-23,2017-01-20,2016-12-27 16:23:22,2017-01-23 14:47:05,1903601792.0,0.005156176356834408,-0.014757811664726783,-0.07545147552071396,-0.14306197425606837
SYBT,"Stock Yards Bancorp, Inc.",2017-03-27,2017-03-01,2017-03-24,7,14,Brown J McCauley; Edinger Charles R III; Heitzman Donna L; Herde Carl G; Northern Richard; Priebe Stephen M; Tasman Norman,48825,42.64999999999999,2017-03-01,2017-03-24,2017-03-02 12:00:01,2017-03-27 16:53:43,1903601792.0,-0.00874975481095519,0.008751237345933749,-0.026366942905997837,-0.120376851893229
SYBT,"Stock Yards Bancorp, Inc.",2017-06-26,2017-06-23,2017-06-23,7,7,Brown J McCauley; Edinger Charles R III; Heitzman Donna L; Herde Carl G; Northern Richard; Priebe Stephen M; Tasman Norman,23775,36.93,2017-06-23,2017-06-23,2017-06-26 14:19:19,2017-06-26 14:25:25,1903601792.0,0.038010440639141274,0.08720789773484328,-0.04867678319581881,-0.057892211338394395
SYBT,"Stock Yards Bancorp, Inc.",2017-09-22,2017-09-20,2017-09-20,7,7,Brown J McCauley; Edinger Charles R III; Heitzman Donna L; Herde Carl G; Northern Richard; Priebe Stephen M; Tasman Norman,24575,35.86857142857143,2017-09-20,2017-09-20,2017-09-22 10:01:49,2017-09-22 10:12:50,1903601792.0,0.00599336075088952,0.043797284892640675,0.030061056004022424,0.023179818049328782
SYBT,"Stock Yards Bancorp, Inc.",2017-12-21,2017-10-23,2017-10-30,7,8,Brown J McCauley; Edinger Charles R III; Heitzman Donna L; Herde Carl G; Northern Richard; Priebe Stephen M; Tasman Norman,39579,38.85125000000001,2017-10-23,2017-10-30,2017-10-24 14:42:42,2017-12-21 15:42:30,1903601792.0,-0.0056684515964209314,-0.026459937605360695,-0.08657392552380205,-0.08177446258103249
SYBT,"Stock Yards Bancorp, Inc.",2018-03-27,2018-02-23,2018-03-23,8,18,Bickel Paul J III; Brown J McCauley; Edinger Charles R III; Heitzman Donna L; Herde Carl G; Northern Richard; Priebe Stephen M; Tasman Norman,210822,35.440555555555555,2018-02-23,2018-03-23,2018-02-27 08:11:54,2018-03-27 09:19:03,1903601792.0,0.012894108329631893,0.019892110162023968,0.07332874639203801,0.08818525527153454
SYBT,"Stock Yards Bancorp, Inc.",2018-06-26,2018-06-12,2018-06-25,8,11,Bickel Paul J III; Brown J McCauley; Edinger Charles R III; Heitzman Donna L; Herde Carl G; Northern Richard; Priebe Stephen M; Tasman Norman,54196,39.83818181818181,2018-06-12,2018-06-25,2018-06-13 16:09:40,2018-06-26 10:41:11,1903601792.0,-0.01796251008442884,-0.0198841302283298,-0.08247194765483401,-0.13521099032646844
SYBT,"Stock Yards Bancorp, Inc.",2018-10-30,2018-10-22,2018-10-30,10,11,Bickel Paul J III; Brown J McCauley; Edinger Charles R III; Heitzman Donna L; Herde Carl G; Lechleiter Richard A; Northern Richard; Priebe Stephen M; Schutte John; Tasman Norman,200143,32.56909090909091,2018-10-22,2018-10-30,2018-10-23 15:13:26,2018-10-30 14:32:55,1903601792.0,0.015380240944549373,-0.002293374387418723,-0.051684242956600346,0.14264225975550482
SYBT,"Stock Yards Bancorp, Inc.",2019-03-27,2019-03-22,2019-03-26,10,10,Bickel Paul J III; Brown J McCauley; Edinger Charles R III; Heitzman Donna L; Herde Carl G; Lechleiter Richard A; Northern Richard; Priebe Stephen M; Schutte John; Tasman Norman,27730,32.288,2019-03-22,2019-03-26,2019-03-25 14:15:00,2019-03-27 09:23:27,1903601792.0,-0.0035092610751733533,-0.016807268052321467,-0.0050952199170888335,-0.033041715885008704
SYBT,"Stock Yards Bancorp, Inc.",2019-06-24,2019-06-21,2019-06-21,7,7,Bickel Paul J III; Brown J McCauley; Heitzman Donna L; Herde Carl G; Priebe Stephen M; Schutte John; Tasman Norman,20450,34.57,2019-06-21,2019-06-21,2019-06-24 10:02:14,2019-06-24 10:08:32,1903601792.0,0.019409154706977017,0.04323982015354488,0.08183435034226183,0.0837553679746752
SYBT,"Stock Yards Bancorp, Inc.",2019-10-18,2019-09-19,2019-10-17,7,14,Bickel Paul J III; Brown J McCauley; Heitzman Donna L; Herde Carl G; Priebe Stephen M; Schutte John; Tasman Norman,45450,37.18,2019-09-19,2019-10-17,2019-09-23 12:25:30,2019-10-18 11:47:47,1903601792.0,0.020478746390952596,0.06542541627767706,0.0715955295156292,0.0008664930349848721
SYBT,"Stock Yards Bancorp, Inc.",2019-12-27,2019-12-26,2019-12-26,7,7,Bickel Paul J III; Brown J McCauley; Heitzman Donna L; Herde Carl G; Priebe Stephen M; Schutte John; Tasman Norman,25400,41.25,2019-12-26,2019-12-26,2019-12-27 16:09:16,2019-12-27 16:16:34,1903601792.0,0.0030932077656162793,-0.015015718356163,-0.07208900198412327,-0.10610712051147675
SYBT,"Stock Yards Bancorp, Inc.",2020-03-19,2020-03-18,2020-03-18,5,5,Bickel Paul J III; Brown J McCauley; Priebe Stephen M; Schutte John; Tasman Norman,15725,26.57,2020-03-18,2020-03-18,2020-03-19 10:17:32,2020-03-19 10:35:22,1903601792.0,-0.007490197982819247,-0.001018238363178936,0.029307388861690153,0.05355607209722546
SYBT,"Stock Yards Bancorp, Inc.",2020-05-21,2020-04-24,2020-05-20,5,11,Bickel Paul J III; Brown J McCauley; Priebe Stephen M; Schutte John; Tasman Norman,374590,30.17363636363637,2020-04-24,2020-05-20,2020-04-27 10:37:33,2020-05-21 11:57:45,1903601792.0,0.012451854109197358,0.07498263689454787,0.1431808772548384,0.26224751874691066
SYBT,"Stock Yards Bancorp, Inc.",2020-07-27,2020-07-23,2020-07-23,5,5,Bickel Paul J III; Brown J McCauley; Priebe Stephen M; Schutte John; Tasman Norman,20062,40.61,2020-07-23,2020-07-23,2020-07-27 08:47:35,2020-07-27 08:57:06,1903601792.0,-0.003617017050156157,-0.047838004451231986,0.010168278293686495,-0.14666660138223508
SYBT,"Stock Yards Bancorp, Inc.",2021-01-07,2021-01-05,2021-01-05,5,5,Bickel Paul J III; Herde Carl G; Lechleiter Richard A; Priebe Stephen M; Tasman Norman,3940,40.38,2021-01-05,2021-01-05,2021-01-07 13:53:58,2021-01-07 13:59:48,1903601792.0,-0.05526507336793629,-0.0367625842555972,0.09828662253286113,0.09737334135286435
SYBT,"Stock Yards Bancorp, Inc.",2022-01-07,2022-01-05,2022-01-05,4,4,Bickel Paul J III; Herde Carl G; Lechleiter Richard A; Priebe Stephen M,3788,65.09,2022-01-05,2022-01-05,2022-01-07 14:14:40,2022-01-07 14:23:36,1903601792.0,-0.022298517950274932,-0.022702020177665982,-0.09191542262517349,-0.16356055031073147
SYBT,"Stock Yards Bancorp, Inc.",2023-03-21,2023-03-13,2023-03-20,3,3,Arvin Shannon Bishop; Lechleiter Richard A; Schutte John,85042,52.663333333333334,2023-03-13,2023-03-20,2023-03-14 16:01:21,2023-03-21 11:12:08,1903601792.0,0.0013065730043438917,0.020965644508880166,-0.17321478338888086,-0.20909388058748068
SYY,Sysco Corp,2016-06-14,2016-06-03,2016-06-10,3,3,Frank Joshua D.; Peltz Nelson; Ward Jackie M,67935439,48.74333333333333,2016-06-03,2016-06-10,2016-06-08 17:43:12,2016-06-14 17:03:51,42150686720.0,0.00810691358512139,0.02871079458165804,0.027636559294827112,0.03944214707296223
T,At&t Inc.,2021-05-24,2021-05-18,2021-05-19,3,3,Desroches Pascal; Luczo Stephen J; Stankey John T,4567126,29.376666666666665,2021-05-18,2021-05-19,2021-05-21 17:12:32,2021-05-24 13:04:46,203254513664.0,-0.02428052749780485,-0.03439153358751523,-0.08645655327562607,-0.11191600245912892
TALO,Talos Energy Inc.,2021-11-22,2021-11-19,2021-11-19,4,4,"Abendschein Robert D.; Duncan Timothy S.; Parker John Arthur; Young, III Shannon E.",904555,9.7,2021-11-19,2021-11-19,2021-11-22 06:30:13,2021-11-22 06:31:43,2225153024.0,0.10201104272760142,0.061589624498393336,0.11260420191617904,0.3703086466831599
TARS,"Tarsus Pharmaceuticals, Inc.",2020-10-20,2020-10-20,2020-10-20,4,4,"Frazier Life Sciences Ix, L.P.; Horowitz Limited Partnership VIII; Tester Jason E.; Vivo Capital Ix, LLC",14700000,16.0,2020-10-20,2020-10-20,2020-10-20 19:56:09,2020-10-20 20:01:18,3257776128.0,0.11153116090572457,-0.07096401915059469,-0.049726931913600225,0.8590841114748671
TBBK,"Bancorp, Inc.",2016-09-09,2016-08-17,2016-09-09,4,5,Bradley Michael J; Kozlov Hersh; Leto John; McFadden Joseph Hugh,326595,5.726000000000001,2016-08-17,2016-09-09,2016-08-17 15:58:59,2016-09-09 16:54:31,2517012480.0,0.029538818975346492,0.016956495619241063,0.17754943936306078,0.17957431177169325
TBBK,"Bancorp, Inc.",2017-06-15,2017-06-13,2017-06-14,4,4,Connolly Mark Leo; Leto John; McFadden Joseph Hugh; Paul Frenkiel,687873,6.584999999999999,2017-06-13,2017-06-14,2017-06-15 16:10:10,2017-06-15 16:16:22,2517012480.0,0.08128578083990834,0.08947194666269387,0.14029438220536883,0.13984049496140138
TBBK,"Bancorp, Inc.",2019-11-25,2019-10-31,2019-11-25,5,5,Cohn Matthew; Lamb William H; McFadden Joseph Hugh; Mielke Daniela; Mudick Stephanie B,268801,10.812,2019-10-31,2019-11-25,2019-11-01 16:09:57,2019-11-25 16:11:42,2517012480.0,0.051764303458093464,0.0616504721943133,0.07920988267780138,0.23239268062343554
TBBK,"Bancorp, Inc.",2020-05-21,2020-05-20,2020-05-20,3,3,Bjork Dianne; Cohn Matthew; Nager Jeffrey A,185549,6.87,2020-05-20,2020-05-20,2020-05-21 16:35:09,2020-05-21 18:33:05,2517012480.0,0.08944316524656482,0.25604365320659395,0.23467386172613747,0.31403994522784284
TBBK,"Bancorp, Inc.",2024-05-08,2024-05-01,2024-05-07,5,7,Cohn Matthew; Connolly Mark Leo; Kozlov Hersh; Lamb William H; McEntee James J III,996138,31.81571428571429,2024-05-01,2024-05-07,2024-05-02 16:00:51,2024-05-08 16:15:45,2517012480.0,0.013573685554573611,-0.007476997527348983,0.006293361137689635,0.45836880880664377
TBBK,"Bancorp, Inc.",2024-10-30,2024-10-29,2024-10-29,3,3,Brockman Todd J.; Cohn Matthew; Tryniski Mark E,530647,50.10666666666666,2024-10-29,2024-10-29,2024-10-29 16:41:06,2024-10-30 16:02:02,2517012480.0,0.047655538250819696,0.14274410159120077,0.09970828066901305,
TBN,Tamboran Resources Corp,2024-07-08,2024-06-27,2024-06-28,8,9,Barrett Fredrick J; Dalton Ryan; Dyer Eric Steven; Reed Stephanie L; Robb Andrew John; Sheffield Bryan; Stoneburner Richard K; Thibodeaux Faron James,13379851,23.89,2024-06-27,2024-06-28,2024-07-02 20:24:23,2024-07-08 16:30:08,701824896.0,-0.001290034562517306,0.02275321288333454,-0.037017712625518895,-0.20046068668838357
TBPH,"Theravance Biopharma, Inc.",2017-08-23,2017-08-11,2017-08-21,5,5,Fore Henrietta; Malkiel Burton G; Pasqualone Frank; Whitesides George M; Winningham Rick E,1330725,24.822,2017-08-11,2017-08-21,2017-08-11 18:26:10,2017-08-23 17:04:52,707387136.0,0.048894837628728705,0.14704007187993717,0.24398851160784352,-0.006834106067799439
TCBI,Texas Capital Bancshares Inc/tx,2021-11-22,2021-10-22,2021-11-19,7,9,Anderson Julie L; Arbour Paola M; Browning James H; Helm Larry L; Huntley David S.; Hyle Charles S; Stallings Robert W,5433390,60.31777777777778,2021-10-22,2021-11-19,2021-10-25 16:29:12,2021-11-22 10:26:17,4360331776.0,0.04552454819713614,-0.002874810425693264,0.08220158540469025,0.2022079743256363
TCBI,Texas Capital Bancshares Inc/tx,2023-05-19,2023-04-21,2023-05-17,3,12,Cummings John W; Long Thomas E; Stallings Robert W,5054878,38.05166666666667,2023-04-21,2023-05-17,2023-04-25 16:09:50,2023-05-19 16:04:26,4360331776.0,0.007306995146551087,-0.03336647584113461,-0.03590621874982047,0.12301649640771473
TCBX,"Third Coast Bancshares, Inc.",2021-11-16,2021-11-12,2021-11-12,5,5,Bailey Carolyn; Basaldua Martin; Caraway Bart; McWhorter Richard J; Stunja Joseph,1090000,25.0,2021-11-12,2021-11-12,2021-11-16 17:00:21,2021-11-16 17:00:50,660301888.0,0.03639929169807887,0.034433710892286085,-0.05645611377679127,-0.06568625559511243
TCBX,"Third Coast Bancshares, Inc.",2023-06-01,2023-05-01,2023-05-30,6,8,Alexander Vicki; Bobbora William; Bonnen Dennis; Deckert Michael; Duncan Audrey; McWhorter Richard J,619369,14.245,2023-05-01,2023-05-30,2023-05-02 14:05:21,2023-06-01 15:00:06,660301888.0,0.025313683231822814,0.04156549130941989,-0.05825280154666279,0.11804284359997519
TDG,Transdigm Group Inc,2024-05-09,2020-02-28,2020-03-13,3,5,Dries William; Santana Michele; Small Robert J,206343306,474.448,2020-02-28,2020-03-13,2020-03-12 21:07:27,2024-05-09 20:26:43,74903142400.0,-0.010486961297186181,-0.04404544045912995,-0.04286296015957847,-0.07188177489958991
TDOC,"Teladoc, Inc.",2016-03-18,2016-03-17,2016-03-17,3,3,Felsenthal Martin R; Mead Dana G Jr.; Outland James K,318538,10.653333333333332,2016-03-17,2016-03-17,2016-03-18 13:36:22,2016-03-18 14:37:07,905114368.0,0.049106150081549726,-0.10631121173543423,0.13712132263003185,0.16400779918980746
TDUP,Thredup Inc.,2021-04-01,2021-03-30,2021-03-30,4,4,Ginsberg Amanda; Lazar Jack R; Park West Asset Management LLC; Vu Marcie,7649978,14.0,2021-03-30,2021-03-30,2021-04-01 18:28:02,2021-04-01 21:11:24,480544864.0,-0.09474605563082839,-0.25471065716313745,-0.27226834496305585,0.0812093572845689
TDW,Tidewater Inc,2019-05-24,2019-05-09,2019-05-24,8,8,Bates Thomas R Jr; Day Randee E; Fagerstal Dick; Newman Steven L; Raspino Louis; Rynd John T; Tamburrino Robert P.; Traub Kenneth H,860214,23.645000000000003,2019-05-09,2019-05-24,2019-05-10 17:00:36,2019-05-24 17:06:14,4345201664.0,-0.012571998200566536,-0.023758227726939807,-0.07416560129676875,-0.33060551012376727
TDY,Teledyne Technologies Inc,2021-03-04,2021-02-22,2021-03-04,3,3,Kumbier Michelle; Mehrabian Robert; Vanwees Jason,4842702,372.72333333333336,2021-02-22,2021-03-04,2021-02-23 18:02:27,2021-03-04 18:42:39,32220114944.0,0.038778571324162625,0.022832868751683,0.06061546190991174,0.026915587891007897
TEN,Tenneco Inc,2017-03-27,2017-03-23,2017-03-23,4,4,Guo Peng; Jackson Timothy E; Kunz John E; Trammell Kenneth R,9089,62.25,2017-03-23,2017-03-23,2017-03-27 16:16:31,2017-03-27 16:21:43,1094234624.0,-0.010471805549925994,5.618432098741799e-05,-0.04315731054311145,-0.1422869507708462
TEN,Tenneco Inc,2019-08-12,2019-08-07,2019-08-09,3,3,Hollar Jason M.; Letham Dennis J; Smith Brandon B.,848480,9.393333333333333,2019-08-07,2019-08-09,2019-08-08 15:25:58,2019-08-12 19:53:30,1094234624.0,-0.006747986780712756,0.05094625633184391,0.00565177020356411,0.19496427761498847
TEN,Tenneco Inc,2021-09-16,2021-09-08,2021-09-13,3,3,Letham Dennis J; Metcalf James S; Warner Jane L,736742,13.75,2021-09-08,2021-09-13,2021-09-10 16:33:59,2021-09-16 16:18:46,1094234624.0,-0.0008694615631268388,0.07066124095600768,0.10374053509792502,-0.08729454540058279
TERN,"Terns Pharmaceuticals, Inc.",2021-02-09,2021-02-09,2021-02-09,4,4,"Flynn James E; Gordon Carl L; Orbimed Advisors LLC; Vivo Capital Viii, LLC",35530000,17.0,2021-02-09,2021-02-09,2021-02-09 14:55:48,2021-02-09 15:10:31,4514929664.0,0.09104581732821904,0.05076964373489656,0.07413884671314663,-0.26512877674830904
TERN,"Terns Pharmaceuticals, Inc.",2022-12-28,2022-12-23,2022-12-23,4,4,"Gordon Carl L; Lu Hongbo; Orbimed Advisors LLC; Vivo Opportunity, LLC",12999990,7.25,2022-12-23,2022-12-23,2022-12-23 17:44:17,2022-12-28 17:57:04,4514929664.0,0.05960100217978015,-0.045095699877339857,0.030935950733903317,0.013578778555889182
TEX,Terex Corp,2015-03-09,2015-02-05,2015-03-05,6,12,Barr Kevin A; Bradley Kevin; Defeo Ronald M; Ellis George; Henry Brian J; Lousberg Kenneth D.,14982,25.06,2015-02-05,2015-03-05,2015-02-06 17:26:18,2015-03-09 18:27:48,7565598208.0,0.009801426627320642,-0.008719133714579885,0.029493577765903334,-0.045773815545740226
TEX,Terex Corp,2015-06-08,2015-05-06,2015-06-04,7,13,Barr Kevin A; Bradley Kevin; Cholmondeley Paula H; Defeo Ronald M; Ellis George; Henry Brian J; Lousberg Kenneth D.,93496,26.639999999999993,2015-05-06,2015-06-04,2015-05-07 16:53:17,2015-06-08 14:15:54,7565598208.0,-0.0068649468768977595,-0.023966572518145712,-0.10565712620524592,-0.024572889187720937
TEX,Terex Corp,2015-09-17,2015-08-21,2015-09-16,8,8,Barr Kevin A; Bradley Kevin; Defeo Ronald M; Ellis George; Henry Brian J; Lousberg Kenneth D.; Sachs David A; Wine Scott W.,683211,22.356250000000003,2015-08-21,2015-09-16,2015-08-25 10:53:52,2015-09-17 17:32:53,7565598208.0,-0.04086763152037187,-0.1555990318858137,-0.11819977370976409,-0.09623737988742642
TEX,Terex Corp,2015-12-11,2015-12-09,2015-12-09,6,6,Barr Kevin A; Bradley Kevin; Defeo Ronald M; Ellis George; Henry Brian J; Lousberg Kenneth D.,7496,19.52,2015-12-09,2015-12-09,2015-12-11 14:51:03,2015-12-11 14:53:53,7565598208.0,-0.042787961173021305,-0.056352753710142034,0.23769487291172897,0.12266903121679817
TEX,Terex Corp,2016-04-08,2016-03-07,2016-04-06,6,11,Barr Kevin A; Bradley Kevin; Cholmondeley Paula H; Ellis George; Henry Brian J; Lousberg Kenneth D.,76715,22.52454545454545,2016-03-07,2016-04-06,2016-03-09 13:00:20,2016-04-08 15:53:48,7565598208.0,0.020714118497596523,0.02720300936263098,0.05218273126629147,-0.16702707621118218
TEX,Terex Corp,2016-08-05,2016-07-08,2016-08-03,5,10,Barr Kevin A; Bradley Kevin; Ellis George; Henry Brian J; Lousberg Kenneth D.,11736,21.79,2016-07-08,2016-08-03,2016-07-12 12:41:49,2016-08-05 13:23:10,7565598208.0,0.01366478728944398,-0.0241509477617583,0.015505287800075873,0.010309892470425908
TEX,Terex Corp,2016-11-09,2016-10-11,2016-11-08,5,10,Barr Kevin A; Bradley Kevin; Ellis George; Henry Brian J; Lousberg Kenneth D.,14681,24.22,2016-10-11,2016-11-08,2016-10-13 16:57:50,2016-11-09 15:43:39,7565598208.0,0.15749420618450127,0.18988997850355305,0.2959429702074612,0.24026798530199334
TEX,Terex Corp,2017-02-07,2017-01-06,2017-02-03,5,10,Barr Kevin A; Bradley Kevin; Ellis George; Henry Brian J; Lousberg Kenneth D.,11720,32.29,2017-01-06,2017-02-03,2017-01-10 12:44:49,2017-02-07 16:47:35,7565598208.0,-0.026259769044733594,0.000916175903125982,-0.08882680970278323,0.0043497492980901775
TEX,Terex Corp,2017-05-05,2017-05-04,2017-05-04,4,4,Barr Kevin A; Ellis George; Henry Brian J; Sheehan John D,15517,33.0775,2017-05-04,2017-05-04,2017-05-05 17:06:28,2017-05-05 17:09:18,7565598208.0,-0.016389180902095735,-0.022555644931645524,0.07959106255419757,0.13044213832655593
TEX,Terex Corp,2017-08-07,2017-07-07,2017-08-03,3,6,Barr Kevin A; Henry Brian J; Sheehan John D,30051,37.671666666666674,2017-07-07,2017-08-03,2017-07-11 14:59:44,2017-08-07 13:56:27,7565598208.0,-0.003712503363070163,-0.001564401761906642,0.1111632322323981,0.15237452472496638
TEX,Terex Corp,2017-11-07,2017-10-05,2017-11-03,3,5,Barr Kevin A; Henry Brian J; Sheehan John D,23838,45.636,2017-10-05,2017-11-03,2017-10-10 14:36:29,2017-11-07 15:52:26,7565598208.0,-0.0323880158782589,-0.07498257445005341,-0.015389385010325052,-0.09017702590700571
TEX,Terex Corp,2018-01-10,2018-01-05,2018-01-08,3,3,Barr Kevin A; Henry Brian J; Sheehan John D,15015,47.086666666666666,2018-01-05,2018-01-08,2018-01-09 14:28:07,2018-01-10 11:43:47,7565598208.0,0.011115508687199904,0.013611682792759483,-0.07906711206902406,-0.19147183052619576
TEX,Terex Corp,2018-04-10,2018-03-23,2018-04-09,4,4,Barr Kevin A; Henry Brian J; Sachs David A; Sheehan John D,399118,36.67,2018-03-23,2018-04-09,2018-03-27 15:36:45,2018-04-10 15:22:45,7565598208.0,0.02295247075481477,0.06315447413857211,0.12814109358548342,0.14688903751057936
TEX,Terex Corp,2018-06-13,2018-06-11,2018-06-11,3,3,Barr Kevin A; Henry Brian J; Sheehan John D,15308,41.85,2018-06-11,2018-06-11,2018-06-13 15:25:10,2018-06-13 15:25:58,7565598208.0,-0.05370581706415334,-0.049908203542795126,0.01293207533942331,-0.13707002060617612
TEX,Terex Corp,2018-11-13,2018-11-08,2018-11-09,3,3,Barr Kevin A; Henry Brian J; Sheehan John D,15295,30.98,2018-11-08,2018-11-09,2018-11-13 11:07:36,2018-11-13 11:08:40,7565598208.0,0.01864201710246227,0.03796429192890749,-0.011065677861028633,0.03526519165000375
TEX,Terex Corp,2019-04-08,2019-03-07,2019-04-05,3,6,Barr Kevin A; Henry Brian J; Sheehan John D,38187,33.62166666666667,2019-03-07,2019-04-05,2019-03-11 14:06:33,2019-04-08 17:46:16,7565598208.0,-0.022020407663598363,-0.021043432239540527,-0.13199203184554453,-0.15216659699797597
TEX,Terex Corp,2019-06-11,2019-05-10,2019-06-07,4,4,Barr Kevin A; Cholmondeley Paula H; Henry Brian J; Sheehan John D,90435,29.615,2019-05-10,2019-06-07,2019-05-13 17:28:34,2019-06-11 15:02:03,7565598208.0,0.019766947409062707,0.047571695619224696,0.1416967841231498,-0.11958945431063417
TEX,Terex Corp,2019-09-11,2019-08-15,2019-09-09,3,6,Barr Kevin A; Henry Brian J; Sheehan John D,37736,24.97666666666667,2019-08-15,2019-09-09,2019-08-19 15:53:42,2019-09-11 16:00:58,7565598208.0,-0.023795672258116518,0.0036015506025752764,0.030174684172298072,-0.011038618837844405
TEX,Terex Corp,2019-12-16,2019-11-13,2019-12-12,4,7,Barr Kevin A; George Amy; Henry Brian J; Sheehan John D,36192,29.85,2019-11-13,2019-12-12,2019-11-15 09:53:31,2019-12-16 14:54:46,7565598208.0,0.006635278316115212,0.009515057167670316,-0.1706346942000132,-0.31421393892146277
TEX,Terex Corp,2020-04-10,2020-03-10,2020-04-08,6,6,Cholmondeley Paula H; Garrison John L Jr; George Amy; Hegarty Kieran; Sachs David A; Sheehan John D,832634,14.565,2020-03-10,2020-04-08,2020-03-11 15:09:47,2020-04-10 11:28:08,7565598208.0,-0.08374097869880037,-0.18537977209258016,-0.11422124899704011,-0.03503443191843858
TEX,Terex Corp,2020-10-01,2020-09-02,2020-09-30,3,5,Cholmondeley Paula H; George Amy; Sheehan John D,77253,19.638,2020-09-02,2020-09-30,2020-09-04 11:22:28,2020-10-01 15:08:09,7565598208.0,0.11832153610681295,0.2611605600726232,0.3900270200148548,0.6923101714704001
TEX,Terex Corp,2023-11-02,2023-10-27,2023-10-31,3,3,Beck Julie A; Rush Andra; Sachs David A,437369,44.95000000000001,2023-10-27,2023-10-31,2023-10-31 11:08:22,2023-11-02 14:38:34,7565598208.0,0.044536239682688716,-0.008136584556843518,0.12809076548328924,0.16873042186331388
TFIN,"Triumph Financial, Inc.",2023-01-31,2023-01-30,2023-01-31,7,7,Anderson Charles A; Barnes Harrison B.; Bradford Debra A; Easley Laura; Rafferty Michael P; Sepulveda Carlos M; Sparks C Todd,3781521,54.51,2023-01-30,2023-01-31,2023-01-31 16:45:14,2023-01-31 17:45:10,1457380352.0,0.040581594662770115,0.17054506610732156,0.08862867102145855,-0.1040797354546158
TFIN,"Triumph Financial, Inc.",2023-06-08,2023-05-08,2023-06-06,4,7,Barnes Harrison B.; Deadman Davis R; Ritterbusch Todd; Sepulveda Carlos M,1186651,31.198571428571434,2023-05-08,2023-06-06,2023-05-10 16:08:56,2023-06-08 17:45:19,1457380352.0,-0.009009226726630737,-0.020625164179266298,0.05783159293510143,-0.005108943844926772
TGT,Target Corp,2017-03-09,2017-03-01,2017-03-09,3,4,Knauss Donald R; Liu Don H; Smith Cathy R,1073782,57.2525,2017-03-01,2017-03-09,2017-03-02 16:44:53,2017-03-09 20:28:13,54891417600.0,0.001403022266697418,-0.01593164391226265,-0.00034859925807029235,-0.013818858025848257
TH,Target Hospitality Corp.,2019-05-23,2019-05-17,2019-05-21,3,3,Archer James B.; Schrenk Troy C.; Studdert Andrew P,443496,10.816666666666668,2019-05-17,2019-05-21,2019-05-20 17:02:11,2019-05-23 16:13:44,760320064.0,-0.008557500693702758,-0.022116640468938464,-0.17027335263721577,-0.38339267322054693
TH,Target Hospitality Corp.,2019-08-27,2019-08-16,2019-08-26,7,11,Archer James B.; Baker Eli; Jimmerson Martin L.; Lindsay Gary; Robertson Stephen; Sagansky Jeffrey; Studdert Andrew P,2684775,6.640909090909091,2019-08-16,2019-08-26,2019-08-16 18:34:58,2019-08-27 07:28:34,760320064.0,-0.026980842094518565,0.037048025806545315,0.118787335775971,-0.3758546535244055
THC,Tenet Healthcare Corp,2020-03-18,2020-03-13,2020-03-17,7,7,Arbour Paola M; Cancelmi Daniel J; Fitzgerald Meghan; Quintana Marie; Rittenmeyer Ronald A; Sutaria Saumya; West Nadja,1018339,15.461428571428572,2020-03-13,2020-03-17,2020-03-13 13:53:59,2020-03-18 18:15:17,21345509376.0,0.09728477024004578,0.3868545725634023,0.37879343102067464,0.29222324836116087
THFF,First Financial Corp /in/,2020-03-24,2020-03-10,2020-03-23,7,7,Brighton William Curtis; Gibson Gregory L; Krieble William Randolph; Lowery Norman D; Lowery Norman L; Maher Tina Jane; Martin Thomas Craig,689334,32.255714285714284,2020-03-10,2020-03-23,2020-03-10 16:51:33,2020-03-24 10:20:07,762982336.0,-0.05275427944667488,0.00747284038475704,-0.18074635460321353,-0.1857022587999777
THFF,First Financial Corp /in/,2022-12-08,2022-11-09,2022-12-08,3,3,Blade Mark Jason Sr; Brighton William Curtis; Jensen Susan M,58540,47.73666666666667,2022-11-09,2022-12-08,2022-11-10 11:17:54,2022-12-08 16:23:02,762982336.0,-0.008009318446941527,-0.020552961968982708,-0.06271758089263235,-0.0868528831239952
THFF,First Financial Corp /in/,2023-05-15,2023-04-27,2023-05-12,7,10,Brighton William Curtis; Jensen Susan M; Krieble William Randolph; Maher Tina Jane; Martin Thomas Craig; Pierson Paul Joseph II; Shagley Richard Jerome,280997,33.090999999999994,2023-04-27,2023-05-12,2023-04-28 15:24:28,2023-05-15 09:10:47,762982336.0,0.011265554561152635,0.03580326404308831,-0.04294448041455934,0.10123190609889576
THFF,First Financial Corp /in/,2023-08-29,2023-05-31,2023-06-09,3,3,Dinkel Thomas T; Jensen Susan M; Krieble William Randolph,52719,33.656666666666666,2023-05-31,2023-06-09,2023-06-01 08:15:35,2023-08-29 16:08:48,762982336.0,-0.014252137577648982,-0.01685074269924447,-0.05902947191356345,-0.0033850103372607965
THFF,First Financial Corp /in/,2024-05-20,2024-05-03,2024-05-20,3,3,Blade Mark Jason Sr; Franklin Mark Allen; Jensen Susan M,58576,38.026666666666664,2024-05-03,2024-05-20,2024-05-06 15:33:10,2024-05-20 16:01:22,762982336.0,-0.02122310171504982,-0.05327127092981987,-0.10106880301810739,0.032601335670462195
THR,"Thermon Group Holdings, Inc.",2019-09-03,2019-08-12,2019-09-03,3,3,Clarke John U; Fix Roger L; Pribble James,186965,21.64,2019-08-12,2019-09-03,2019-08-12 16:19:40,2019-09-03 17:40:41,1528942720.0,-0.012793073687062395,0.050003062868305026,0.0036388163153973085,0.1426886328231718
THR,"Thermon Group Holdings, Inc.",2022-06-15,2022-06-03,2022-06-15,3,4,Fox Kevin; Nesser John T III; Thames Bruce,186906,15.697500000000002,2022-06-03,2022-06-15,2022-06-06 09:39:32,2022-06-15 12:09:05,1528942720.0,0.009449742092423774,-0.0464758646027611,-0.08305193444553094,0.07616405636426316
THR,"Thermon Group Holdings, Inc.",2024-02-08,2024-02-05,2024-02-06,4,4,Clarke John U; Fix Roger L; Fox Kevin; Thames Bruce,239854,25.015,2024-02-05,2024-02-06,2024-02-06 10:14:21,2024-02-08 09:28:23,1528942720.0,0.038866171415054884,0.06857367880409404,0.12880114443629131,0.22526806580459557
TIPT,Tiptree Inc.,2021-03-18,2021-03-16,2021-03-17,3,4,Friedman Paul M; Ilany Jonathan; Inayatullah Arif,1181024,7.609999999999999,2021-03-16,2021-03-17,2021-03-17 11:44:17,2021-03-18 16:09:49,637329984.0,-0.035657562194511216,-0.055536592808264285,0.08390435542664987,0.08729078983544403
TKO,"Tko Group Holdings, Inc.",2023-11-14,2023-11-14,2023-11-14,5,5,Emanuel Ariel; Koonin Steven R; Kraft Jonathan; Shapiro Mark S; Wheeler Carrie,2849818,79.8,2023-11-14,2023-11-14,2023-11-14 19:00:11,2023-11-14 19:00:58,18065186816.0,-0.04556770215629058,-0.050472300375486445,-0.06892726762695367,-0.05380524581575208
TKO,"Tko Group Holdings, Inc.",2024-10-01,2024-04-09,2024-04-09,3,3,"Emanuel Ariel; Silver Lake West Holdco, L.P.; Whitesell Patrick",438722280,89.01,2024-04-09,2024-04-09,2024-04-11 19:00:07,2024-10-01 21:00:06,18065186816.0,0.01153097937620029,0.02762278836673482,-0.09901616872090668,0.11839817037611833
TKO,"Tko Group Holdings, Inc.",2024-12-18,2024-12-11,2024-12-16,3,6,"Emanuel Ariel; Silver Lake West Holdco, L.P.; Whitesell Patrick",376609998,144.83999999999995,2024-12-11,2024-12-16,2024-12-13 21:42:12,2024-12-18 20:30:04,18065186816.0,0.006604055071673276,-0.015513213910437251,,
TLN,Talen Energy Corp,2015-12-28,2015-12-09,2015-12-23,4,6,Farr Paul A; McGuire Jeremy R.; Rausch Timothy S.; Schinski James E.,603559,6.443333333333334,2015-12-09,2015-12-23,2015-12-11 14:41:13,2015-12-28 12:50:58,15597368320.0,,,,
TLS,Telos Corp,2020-11-23,2020-11-19,2020-11-19,3,3,Carroll Bonnie Lynn; Maluda John W; Schaufeld Fredrick,4480537,17.0,2020-11-19,2020-11-19,2020-11-23 08:42:48,2020-11-23 21:54:21,314930976.0,0.03235979074915929,0.1949941739748391,0.59749665452887,0.7109711224707416
TMHC,Taylor Morrison Home Corp,2016-02-19,2016-02-08,2016-02-17,5,7,"Cone C. David; Mariucci Anne L; Palmer Sheryl; Terracciano Joseph; Tpg Group Holdings (Sbs) Advisors, Inc.",18289072,11.767142857142858,2016-02-08,2016-02-17,2016-02-10 18:37:12,2016-02-19 18:20:49,6123931136.0,0.0010222484095716577,0.015186008724203726,-0.02365640553312165,-0.043709915297636126
TNDM,Tandem Diabetes Care Inc,2022-05-10,2022-05-06,2022-05-09,3,3,Howell Peyton R; Sheridan John F; Vosseller Leigh,510973,73.11999999999999,2022-05-06,2022-05-09,2022-05-10 18:23:33,2022-05-10 18:45:19,1622057472.0,0.017354959855049645,0.04993671899183494,-0.10819450809081743,-0.18585087964133795
TNDM,Tandem Diabetes Care Inc,2023-05-22,2023-05-12,2023-05-18,3,3,Allen Dick; Howell Peyton R; Vosseller Leigh,483984,30.8,2023-05-12,2023-05-18,2023-05-16 19:52:52,2023-05-22 20:10:34,1622057472.0,0.056340438596695686,-0.058136333687341724,-0.20245488136834533,-0.022610832875484377
TNDM,Tandem Diabetes Care Inc,2023-11-29,2023-11-08,2023-11-27,3,3,Allen Dick; Hansen Shannon Marie; Vosseller Leigh,220057,16.596666666666668,2023-11-08,2023-11-27,2023-11-13 16:31:41,2023-11-29 16:10:39,1622057472.0,0.055900176571324955,0.16363891364789118,0.2906947484186373,0.31184350107077274
TOST,"Toast, Inc.",2021-10-29,2021-09-24,2021-09-24,4,4,"Bell Paul D; Hawkins Mark J; Patrick Deval L; Technology Crossover Management X, Ltd.",25200040,40.0,2021-09-24,2021-09-24,2021-09-27 21:26:59,2021-10-29 21:03:35,17145790464.0,0.07372134807803743,0.08988163547891426,-0.36767050621368824,-0.5792545055419075
TPB,"Turning Point Brands, Inc.",2019-09-03,2019-08-02,2019-08-29,3,5,Diao H.C. Charles; Frushone Ashley Davis; Lavan Robert M.,250173,36.946000000000005,2019-08-02,2019-08-29,2019-08-02 12:41:40,2019-09-03 14:16:25,2051441280.0,-0.10976025837192094,-0.21942196683742643,-0.40133051890242977,-0.30851846537325334
TPB,"Turning Point Brands, Inc.",2020-04-09,2020-03-11,2020-04-07,3,4,Lavan Robert M.; Standard Diversified Inc.; Standard General L.P.,5677596,19.795,2020-03-11,2020-04-07,2020-03-12 10:00:47,2020-04-09 18:00:37,2051441280.0,0.06875852304009111,-0.028927278768634768,0.042963269036774276,0.04465615734305084
TPB,"Turning Point Brands, Inc.",2021-10-29,2021-10-28,2021-10-28,4,4,Cushman Brittani; Purdy Graham; Reformina Luis; Wexler Lawrence,138894,38.08,2021-10-28,2021-10-28,2021-10-29 14:18:06,2021-10-29 14:20:35,2051441280.0,0.046300614872904156,0.06185558284506776,-0.05953372857310901,-0.04547963023618873
TPC,Tutor Perini Corp,2020-06-11,2020-05-18,2020-06-10,4,5,Feltenstein Sidney J; Klein Michael R; Oneglia Raymond R; Smalley Gary G.,2209900,9.556,2020-05-18,2020-06-10,2020-05-20 16:24:54,2020-06-11 16:16:42,3689390080.0,-0.06537776812985818,-0.004897680814119343,-0.04108970998631434,-0.07294548077686258
TPL,Texas Pacific Land Trust,2018-12-27,2018-12-04,2018-12-26,3,3,Barry David E.; Glover Tyler; Packer Robert J,165406,551.3533333333334,2018-12-04,2018-12-26,2018-12-06 16:15:03,2018-12-27 16:10:09,36100554752.0,0.12715188235118147,0.20017216897622214,0.31838468931158603,0.4599552454532967
TPL,Texas Pacific Land Trust,2021-05-11,2021-01-06,2021-02-05,3,21,Barry David E.; Horizon Kinetics Asset Management LLC; Stahl Murray,840930,852.9785714285714,2021-01-06,2021-02-05,2021-01-07 12:04:46,2021-05-11 18:30:24,36100554752.0,-0.005287909334089402,-0.08776479996797615,-0.09426584774280533,-0.21955760993130147
TPL,Texas Pacific Land Corp,2023-11-24,2023-10-23,2023-11-22,3,24,Best Rhys J; Cook Donald G; Horizon Kinetics Asset Management LLC,238227,1739.2891666666667,2023-10-23,2023-11-22,2023-10-24 11:28:54,2023-11-24 10:59:45,36100554752.0,-0.0018462864296412418,0.056637466389234614,-0.11087242089719906,-0.16583703169359498
TPL,Texas Pacific Land Corp,2024-03-15,2024-02-13,2024-03-14,3,25,Oliver Eric L; Roosa Robert M.; Stahl Murray,2037350,2231.498,2024-02-13,2024-03-14,2024-02-14 11:46:02,2024-03-15 16:00:14,36100554752.0,0.017576103506973584,0.01090964634219671,0.10648504208836296,0.35682854112457507
TPL,Texas Pacific Land Corp,2024-05-17,2024-04-15,2024-05-15,3,24,Cook Donald G; Horizon Kinetics Asset Management LLC; Stahl Murray,51841,587.62,2024-04-15,2024-05-15,2024-04-16 11:35:23,2024-05-17 17:12:56,36100554752.0,0.011508301253264852,0.0030843444980668266,0.1850772255482196,0.3357720298669997
TRC,Tejon Ranch Co,2015-06-05,2015-05-14,2015-06-04,3,5,Alter Robert A; Bielli Gregory S.; Towerview LLC,673623,24.842,2015-05-14,2015-06-04,2015-05-14 14:14:35,2015-06-05 16:15:36,476560896.0,0.01583343493656053,0.03209554455172159,0.03524751935535764,-0.0023420998469444454
TRC,Tejon Ranch Co,2017-11-08,2017-10-27,2017-11-07,11,12,Alter Robert A; Betts Steven A.; Bielli Gregory S.; Leggio Anthony L.; Lyda Allen E; McMahon Hugh F. IV; Metcalfe Norman J; Rentfro Joseph N; Stack Geoffrey L; Tisch Daniel R; Tuomi Frederick C,20414016,18.0,2017-10-27,2017-11-07,2017-11-03 09:42:08,2017-11-08 17:21:45,476560896.0,0.005495225291179517,0.07834120672571876,0.03762063887701639,0.025999966221404547
TRDA,"Entrada Therapeutics, Inc.",2021-11-05,2021-11-02,2021-11-02,6,6,"5Am Ventures V, L.P.; Foley Todd; Mpm Bioventures 2014, L.P.; Mpm Bioventures 2018, L.P.; Parmar Kush; Redmile Group, LLC",36000000,20.0,2021-11-02,2021-11-02,2021-11-04 17:36:26,2021-11-05 08:49:04,452897920.0,0.06882504980047077,0.3014799141143183,-0.4272294359098099,-0.6043488249017707
TREE,"Lendingtree, Inc.",2016-05-16,2016-05-09,2016-05-13,4,5,Horan Peter; Lebda Douglas R; Sarasvathy Saras; Troyer Craig,428808,70.07000000000001,2016-05-09,2016-05-13,2016-05-10 09:56:31,2016-05-16 20:43:44,639105024.0,-0.0332991164147729,0.06854441293173363,0.16819210032040277,0.5329475851489296
TRNS,Transcat Inc,2017-06-16,2017-06-01,2017-06-14,3,4,Flack Robert A.; Panzarella Angela J; Tschiderer Michael,24922,11.94,2017-06-01,2017-06-14,2017-06-05 16:34:59,2017-06-16 16:17:33,742748800.0,-0.004361298491994736,0.010314130779656594,0.0706227509991817,0.08639053261528384
TRNS,Transcat Inc,2022-02-16,2022-02-15,2022-02-15,3,3,Cairns Craig D.; Haseley Gary J.; Jenkins James M.,228492,77.16000000000001,2022-02-15,2022-02-15,2022-02-16 16:20:17,2022-02-16 16:23:30,742748800.0,0.01817830202617665,0.01721249022977911,0.042461745347689206,6.412558402657531e-05
TROX,Tronox Ltd,2015-06-02,2015-05-08,2015-05-29,4,5,Casey Thomas; Hines Andrews P; Turgeon Jean Francois; Van Niekerk Willem Hendrik,539683,17.982,2015-05-08,2015-05-29,2015-05-11 16:30:30,2015-06-02 08:50:53,1101977088.0,0.06028257519239788,0.017753968123610187,-0.1776947686299789,-0.4804340362589148
TROX,Tronox Ltd,2018-12-13,2018-12-07,2018-12-11,4,4,Carlson Timothy C; Neuman Jeffrey N; Quinn Jeffry N; Van Niekerk Willem Hendrik,409353,7.4025,2018-12-07,2018-12-11,2018-12-10 17:15:52,2018-12-13 17:01:37,1101977088.0,-0.013501982800742218,0.012051652561460457,0.11303893225077044,0.47724022641052044
TROX,Tronox Holdings Plc,2019-06-13,2019-06-04,2019-06-13,4,4,Carlson Timothy C; Hinman Wayne A; Neuman Jeffrey N; Quinn Jeffry N,305290,10.56,2019-06-04,2019-06-13,2019-06-04 13:57:07,2019-06-13 17:06:36,1101977088.0,0.02101265377385264,0.022156634727816593,-0.004262089034366978,-0.23373214664597963
TRS,Trimas Corp,2022-11-14,2022-10-28,2022-11-10,4,4,Amato Thomas A; Finley Teresa; Salik Fabio Leandro Matheus; Tredwell Daniel P,213306,24.505,2022-10-28,2022-11-10,2022-10-31 16:27:22,2022-11-14 21:40:30,1557948672.0,-0.0010806572539293624,0.024536878137721985,0.08554328284238288,0.10632554853579879
TRS,Trimas Corp,2023-05-15,2023-05-04,2023-05-12,3,3,Fielkow Jeffrey A; Finley Teresa; Tredwell Daniel P,26016,25.36,2023-05-04,2023-05-12,2023-05-05 16:38:22,2023-05-15 17:14:21,1557948672.0,0.0012856426518276232,0.01678598322467617,-0.01100089592849085,-0.06810113996672507
TRS,Trimas Corp,2024-03-11,2024-03-01,2024-03-06,3,3,Amato Thomas A; Fielkow Jeffrey A; Tredwell Daniel P,260352,23.956666666666667,2024-03-01,2024-03-06,2024-03-04 09:21:22,2024-03-11 16:12:37,1557948672.0,-0.009080192150574096,0.0003148038060676317,0.06939783928951582,0.03476949553924369
TRST,Trustco Bank Corp N Y,2018-11-15,2018-10-29,2018-11-14,3,3,Curley Kevin M; De Gennaro Dennis A; Lucarelli Lisa M,86899,7.636666666666666,2018-10-29,2018-11-14,2018-10-31 15:29:02,2018-11-15 11:25:07,812315072.0,0.006466882101109794,0.025721935300095367,-0.016623933393231205,0.03916652870998982
TRST,Trustco Bank Corp N Y,2020-05-14,2020-04-24,2020-05-13,8,9,Curley Kevin M; Hall Michael James; Leonard Robert M; Lucarelli Lisa M; McCormick Robert J; Powers William D; Salvador Scot R; Schreck Eric W,774164,5.778888888888889,2020-04-24,2020-05-13,2020-04-24 17:12:55,2020-05-14 16:38:49,812315072.0,0.033670881933528296,0.1172506838797025,0.08298204519080299,0.02470031081574242
TRST,Trustco Bank Corp N Y,2020-09-04,2020-08-03,2020-09-02,3,3,Leonard Robert M; Lucarelli Lisa M; Silverman Frank B,94550,5.836666666666666,2020-08-03,2020-09-02,2020-08-05 10:34:03,2020-09-04 09:07:44,812315072.0,0.023195757839669873,0.002822872442545199,-0.061418852911266364,0.011890754086191668
TRST,Trustco Bank Corp N Y,2020-11-30,2020-11-02,2020-11-27,5,5,De Gennaro Dennis A; Leonard Robert M; Russell Kimberly Adams; Schreck Eric W; Silverman Frank B,119075,5.948,2020-11-02,2020-11-27,2020-11-03 16:49:34,2020-11-30 13:11:24,812315072.0,-0.014410735645579265,0.0024718047575638113,0.08914013732698667,0.055421625787600126
TRST,Trustco Bank Corp N Y,2021-08-18,2021-07-30,2021-08-17,3,3,Leonard Robert M; Russell Kimberly Adams; Silverman Frank B,102819,33.75333333333333,2021-07-30,2021-08-17,2021-08-03 13:42:12,2021-08-18 15:14:05,812315072.0,-0.01655648547492916,-0.03902709265539617,-0.004988227867120942,-0.006291538556707721
TRST,Trustco Bank Corp N Y,2021-11-29,2021-11-01,2021-11-26,5,5,Curley Kevin M; Hall Michael James; Leonard Robert M; Schreck Eric W; Silverman Frank B,64490,33.14,2021-11-01,2021-11-26,2021-11-02 17:30:25,2021-11-29 16:28:51,812315072.0,0.007429754442901504,0.021217122309271308,0.056266687561645545,0.08839388889287136
TRST,Trustco Bank Corp N Y,2022-09-16,2022-08-26,2022-09-14,3,3,Curley Kevin M; Ozimek Michael M; Powell Curtis N,132461,33.449999999999996,2022-08-26,2022-09-14,2022-08-26 10:53:46,2022-09-16 15:58:01,812315072.0,0.015687963140875727,0.03571269509144215,0.10900870376770144,0.112440698602017
TRST,Trustco Bank Corp N Y,2023-03-16,2023-02-28,2023-03-15,5,7,Curley Kevin M; Leonard Robert M; Lucarelli Lisa M; Ozimek Michael M; Powell Curtis N,257939,34.355714285714285,2023-02-28,2023-03-15,2023-03-02 10:03:37,2023-03-16 16:47:29,812315072.0,-0.007996575788515758,-0.06935381816732689,-0.19617895215481995,-0.21759755873455988
TRST,Trustco Bank Corp N Y,2023-05-17,2023-05-01,2023-05-15,7,10,Curley Kevin M; Hall Michael James; Leonard Robert M; McCormick Robert J; Ozimek Michael M; Salvador Scot R; Schreck Eric W,448741,28.611,2023-05-01,2023-05-15,2023-05-01 18:32:53,2023-05-17 14:24:49,812315072.0,0.03024349570256346,0.04242927370801097,-0.027737757365102533,0.006986861268780453
TRST,Trustco Bank Corp N Y,2023-11-16,2023-01-26,2023-02-06,10,11,Curley Kevin M; De Gennaro Dennis A; Hall Michael James; Leonard Robert M; Lucarelli Lisa M; McCormick Robert J; Ozimek Michael M; Salvador Scot R; Schreck Eric W; Silverman Frank B,353932,34.194545454545455,2023-01-26,2023-02-06,2023-01-26 16:46:12,2023-11-16 16:39:18,812315072.0,-0.024299404208368514,-0.04594825666202018,0.057513297416948106,-0.12274326303907035
TRST,Trustco Bank Corp N Y,2024-02-15,2024-02-01,2024-02-13,3,3,Curley Kevin M; Hall Michael James; Schreck Eric W,66323,27.85,2024-02-01,2024-02-13,2024-02-05 17:10:47,2024-02-15 16:37:49,812315072.0,0.017566960990288427,-0.013570212841570672,-0.025525138999688446,-0.02118491999934702
TRTX,"Tpg Re Finance Trust, Inc.",2020-03-20,2020-03-12,2020-03-18,3,4,Gillmore Michael; Guggenheim Greta; Smith Peter A.,516323,9.2425,2020-03-12,2020-03-18,2020-03-16 16:30:19,2020-03-20 16:35:11,660524672.0,-0.2728933731914772,-0.15543711561273865,-0.055424167933115775,0.14025526532924815
TRU,Transunion,2017-03-16,2017-03-14,2017-03-14,3,3,"Goldman Sachs Group Inc; Gscp VI Advisors, L.L.C.; Rajpal Sumit",119607,37.72,2017-03-14,2017-03-14,2017-03-16 19:39:37,2017-03-16 19:40:59,15386466304.0,0.006893186192512002,0.012627673954253682,0.057740966562337404,0.09609805764839141
TRVI,"Trevi Therapeutics, Inc.",2019-05-13,2019-05-09,2019-05-09,23,23,"Agger Mette Kirstine; Aperture Venture Partners Iv, L.P.; Barris Peter J; Baskett Forest; Behbahani Ali; Chang Carmen; Florence Anthony A. Jr.; Good Jennifer L; Heffernan Michael Thomas; Lundbeckfond Invest A/s; Makhzoumi Mohamad; Makower Joshua; Meeker David P; Mellon Family Investment Co V; Mott David M; New Enterprise Associates 16, L.P.; Omega Fund V, L.P.; Richard King Mellon Foundation; Sandell Scott D; Sonsini Peter W.; Tpg Group Holdings (Sbs) Advisors, Inc.; Vanlent Anne; Walker Paul Edward",323730000,10.0,2019-05-09,2019-05-09,2019-05-13 17:00:35,2019-05-13 18:06:01,1572101504.0,0.09249273976092698,0.102675453519809,-0.05888157277251871,-0.415535136215722
TSHA,"Taysha Gene Therapies, Inc.",2022-02-04,2022-02-02,2022-02-02,3,3,Donenberg Phillip B.; Manning Paul B; Nagendran Sukumar,1675250,7.863333333333333,2022-02-02,2022-02-02,2022-02-03 07:04:01,2022-02-04 08:28:06,1240854784.0,0.03194117824271081,-0.038951072427279576,-0.18708890068981954,-0.38381582233484113
TSN,"Tyson Foods, Inc.",2023-05-16,2023-05-09,2023-05-12,5,5,King Donnie; McNamara Kevin M; Morris Wes; Soderstrom Johanna; Stewart Brady J.,2348312,48.712,2023-05-09,2023-05-12,2023-05-10 17:49:07,2023-05-16 13:26:36,22180974592.0,0.007764370526103015,0.04185670455153456,-0.030575549876311392,0.04392610880649839
TW,Tradeweb Markets Inc.,2019-04-08,2019-04-08,2019-04-08,8,8,Bruni Enrico; Friedman Douglas; Hult William; Maisey Simon; Olesky Lee; Spencer James; Warshaw Robert J; Zucker Scott,2389500,27.0,2019-04-08,2019-04-08,2019-04-08 17:10:59,2019-04-08 17:15:33,27443068928.0,0.05958810290214822,0.15233837767197178,0.19521970760320406,0.20568038988335058
TWFG,"Twfg, Inc.",2024-07-19,2024-07-19,2024-07-19,9,9,Benes Julie E.; Bunch Charles Alexander; Bunch Michelle Caroline; Bunch Richard F. III; Doak Michael; Ferracone Robin A; Nolan Katherine C; Wong Janet S.; Zwinggi Janice E.,17406929,17.0,2024-07-19,2024-07-19,2024-07-19 21:01:50,2024-07-19 21:42:37,301174784.0,-0.00405529431912055,0.06803105361265471,0.28264985868787473,0.2688662032351634
TWO,Two Harbors Investment Corp.,2015-11-18,2015-11-11,2015-11-16,3,3,Roth William; Sanders William Reid; Siering Thomas,153565,8.306666666666667,2015-11-11,2015-11-16,2015-11-12 16:36:50,2015-11-18 16:36:01,1056734464.0,0.00922282493361859,0.000632205542335118,0.04080463975714421,0.0007573394021773705
TWO,Two Harbors Investment Corp.,2017-11-20,2017-11-13,2017-11-16,3,3,Sanders William Reid; Siering Thomas; Taylor Brian,279762,15.49,2017-11-13,2017-11-16,2017-11-15 16:51:06,2017-11-20 17:57:51,1056734464.0,0.013962097475000101,-0.006730644454886914,-0.018079182184649323,-0.0402571918341279
TXO,"Txo Partners, L.P.",2023-11-22,2023-11-10,2023-11-21,4,5,Adams William H III; Hutton Keith A; Kevil Phillip R; Simpson Bob R,8373872,17.872000000000003,2023-11-10,2023-11-21,2023-11-14 21:00:07,2023-11-22 16:05:35,699047552.0,0.0069656051557163146,-0.011809897586830154,-0.02351040162692919,-0.08558381308286611
TYRA,"Tyra Biosciences, Inc.",2021-09-21,2021-09-17,2021-09-17,5,5,"Alta Partners Nextgen Fund II Management, LLC; Boxer Capital, LLC; Cormorant Asset Management, LP; More Robert J; Ra Capital Management, L.P.",40000000,16.0,2021-09-17,2021-09-17,2021-09-17 16:34:42,2021-09-21 16:03:26,1761812736.0,-0.016348112577004748,-0.04077202064235652,0.23769913235807083,-0.25997312641789694
UAL,"United Continental Holdings, Inc.",2016-04-29,2016-04-21,2016-04-28,13,13,Bonds Michael P; Compton James E; Harford Barney; Hart Brett J; Hart Gregory L; Jojo Linda P; Kennedy James A C; Laderman Gerald; Milton Robert A; Munoz Oscar; Par Investment Partners LP; Shapiro Edward; Whitehurst James M,203994343,49.684615384615384,2016-04-21,2016-04-28,2016-04-22 16:15:24,2016-04-29 18:08:54,33196093440.0,-0.03163691310265637,-0.040765611263804624,-0.0880494943464315,-0.057129913331393056
UBSI,United Bankshares Inc/wv,2016-02-11,2016-02-02,2016-02-11,3,5,Converse Peter A; McNamara J Paul; Williams Darren K,744666,33.504000000000005,2016-02-02,2016-02-11,2016-02-02 15:28:08,2016-02-11 13:30:48,5769155584.0,0.010366832505830148,0.00479073874221414,-0.008763273737855792,0.025921054622656037
UBSI,United Bankshares Inc/wv,2017-09-11,2017-08-14,2017-09-11,6,8,Adams Richard M Jr; Adams Richard M Sr; Converse Peter A; McNamara J Paul; Tatterson William Mark; White Gary G,557441,33.339999999999996,2017-08-14,2017-09-11,2017-08-14 10:36:07,2017-09-11 15:38:28,5769155584.0,0.04718298502555274,0.055746464434071274,0.08177101650432461,0.03913312537241587
UBSI,United Bankshares Inc/wv,2023-06-07,2023-05-15,2023-06-06,5,6,Fitzgerald Michael P; Jackson Diana Lewis; McNamara J Paul; Rice Lacy I III; White Gary G,447286,29.334999999999997,2023-05-15,2023-06-06,2023-05-16 09:57:25,2023-06-07 10:01:30,5769155584.0,0.025740509777359533,-0.05084718234345986,-0.08827083257420709,-0.1081961575044672
UCTT,"Ultra Clean Holdings, Inc.",2015-04-29,2015-04-23,2015-04-27,3,3,Eichler Kevin C; Ibnale David T; Scholhamer James P,232237,5.826666666666667,2015-04-23,2015-04-27,2015-04-23 18:20:56,2015-04-29 16:20:45,2711206400.0,0.004209225887988777,-0.0036892255786786787,0.007338861343962888,0.1762286997249054
UFCS,United Fire Group Inc,2022-09-09,2022-08-08,2022-09-06,3,3,Martin Eric J; Milligan George D; Woolstenhulme Micah G,186762,28.59,2022-08-08,2022-09-06,2022-08-15 09:06:02,2022-09-09 11:27:51,982086528.0,-0.0021582950714191806,0.06308608927642645,0.1659116407332355,-0.029420792423291098
UFCS,United Fire Group Inc,2024-02-13,2023-05-11,2023-05-26,5,5,Cataldo Robert Francis; Drahozal Christopher R; McIntyre Dee Ann; Milligan George D; Woolstenhulme Micah G,515923,23.316,2023-05-11,2023-05-26,2023-05-16 16:44:03,2024-02-13 16:10:58,982086528.0,0.12459514304436037,0.05956633527277844,-0.06040481490575167,0.018338532610102876
UGI,Ugi Corp /pa/,2020-08-25,2020-08-06,2020-08-21,4,4,Bergman Laurie; Dosch Ted A; Marrazzo William J; Stallings James B Jr,516617,33.71,2020-08-06,2020-08-21,2020-08-07 16:01:40,2020-08-25 08:35:10,7965021696.0,-0.04155659090653652,-0.029687011796625584,0.006858769058734504,0.0011884994048139141
UHAL,Amerco /nv/,2017-05-30,2017-05-30,2017-05-30,4,4,Holmes David L; Shoen Edward J; Shoen Mark V; Willow Grove Holdings LP,2822940,352.87,2017-05-30,2017-05-30,2017-05-30 16:52:57,2017-05-30 16:54:14,9707870208.0,0.06129697973791404,-0.0013249461276207963,0.016024757548043667,0.02219500419342224
UHAL,Amerco /nv/,2020-03-26,2020-03-10,2020-03-24,4,21,De Respino Laurence J; Shoen Edward J; Shoen Mark V; Willow Grove Holdings LP,11494650,269.1771428571428,2020-03-10,2020-03-24,2020-03-11 16:22:03,2020-03-26 16:08:18,9707870208.0,-0.00719599778603186,-0.08898010673983325,-0.11914091409972127,-0.1902795763589864
UHAL,Amerco /nv/,2020-12-22,2020-12-14,2020-12-18,3,6,Shoen Edward J; Shoen Mark V; Willow Grove Holdings LP,6488874,438.8850000000001,2020-12-14,2020-12-18,2020-12-16 18:23:21,2020-12-22 16:54:34,9707870208.0,0.010723968739181133,0.005526930253064277,0.014670666578590064,0.2558826332703146
UHAL,Amerco /nv/,2021-06-29,2021-06-15,2021-06-16,4,4,Martz Carrie; Shoen Edward J; Shoen Mark V; Willow Grove Holdings LP,135420605,548.035,2021-06-15,2021-06-16,2021-06-16 16:40:13,2021-06-29 15:06:11,9707870208.0,0.027276919672952316,0.002688647000144595,0.11439863375544457,0.10236304272082442
UHAL,Amerco /nv/,2023-02-21,2022-11-16,2022-12-08,5,11,Grogan James J; Herrera Richard Jay; Shoen Edward J; Shoen Mark V; Willow Grove Holdings LP,230498477,59.687272727272735,2022-11-16,2022-12-08,2022-11-18 19:02:01,2023-02-21 17:06:57,9707870208.0,-0.003468787915767213,0.019283054012611545,-0.11222161763690819,-0.057613287712628636
ULS,Ul Solutions Inc.,2024-04-18,2024-04-16,2024-04-16,22,22,Chapin Linda S; Coyne Frank J; Dollive James P; Genovesi John A; Gottschalk Marla C; Hancock Lynn H; Hecker Friedrich; Hooper Charles W; Kennedy Kevin; Lambert Lisa Marie; McLaughlin Jacqueline K; Pepping Karen K; Robinson Ryan D; Scanlon Jennifer F.; Schjotz Gitte; Shannon James M; Susman Sally; Thaman Michael H; Torstad Elizabeth; Uggetti Alberto; Williams George A; Zhou Weifang,16538732,28.0,2024-04-16,2024-04-16,2024-04-18 16:30:26,2024-04-18 16:35:15,16541752320.0,0.0066491698702452195,-0.008815790098193332,0.0811645342883005,0.19964619045653098
UMBF,Umb Financial Corp,2017-05-22,2017-04-27,2017-05-19,4,4,Graves Greg M; Murphy Timothy R.; Sosland L Joshua; Taylor Dylan,170911,73.5975,2017-04-27,2017-05-19,2017-04-28 17:12:09,2017-05-22 12:09:41,8943609856.0,0.01537672691203551,-0.010818606717390766,0.06599588119131305,-0.06281746093644036
UMBF,Umb Financial Corp,2021-05-07,2021-05-03,2021-05-03,3,3,Graves Greg M; Peterman Tamara; Sosland L Joshua,106386,97.74666666666668,2021-05-03,2021-05-03,2021-05-05 18:03:22,2021-05-07 17:17:35,8943609856.0,0.0037213690581997527,0.02633950447327904,-0.051423477957812214,-0.0996902999779593
UMBF,Umb Financial Corp,2021-11-30,2021-11-01,2021-11-26,3,3,Graves Greg M; Murphy Timothy R.; Peterman Tamara,138315,100.58666666666666,2021-11-01,2021-11-26,2021-11-03 17:07:53,2021-11-30 09:07:12,8943609856.0,0.008897287331104176,0.008535301655697713,0.06222865852199311,0.06380673049415742
UMBF,Umb Financial Corp,2022-02-10,2022-02-01,2022-02-01,3,3,Graves Greg M; Murphy Timothy R.; Peterman Tamara,136440,99.4,2022-02-01,2022-02-01,2022-02-01 16:30:23,2022-02-10 16:25:45,8943609856.0,0.03442408620734394,0.030811925656741845,-0.005756777664473467,0.01215402450289882
UMBF,Umb Financial Corp,2022-11-07,2022-10-28,2022-11-07,4,4,Graves Greg M; Murphy Timothy R.; Peterman Tamara; Sosland L Joshua,189480,81.92500000000001,2022-10-28,2022-11-07,2022-11-02 16:03:27,2022-11-07 16:11:49,8943609856.0,-0.01646589955091793,-0.03582705507932937,-0.04540262063959455,0.008381473901054814
UMBF,Umb Financial Corp,2023-03-14,2023-03-10,2023-03-13,3,3,Murphy Timothy R.; Robbins Kris A; Sosland L Joshua,303907,59.57666666666666,2023-03-10,2023-03-13,2023-03-13 16:31:49,2023-03-14 17:04:17,8943609856.0,-0.01908460197862394,-0.05278818933706253,-0.10755003768176363,-0.09447635664591392
UMH,"Umh Properties, Inc.",2015-11-05,2015-10-20,2015-11-05,3,3,Landy Eugene W; Mitchell James E; Monmouth Real Estate Investment Corp,2624653,19.976666666666667,2015-10-20,2015-11-05,2015-10-21 09:52:49,2015-11-05 12:27:18,1284426240.0,0.004550960667108139,-0.004234478352104332,0.10770822600211805,0.032076552113626144
UMH,"Umh Properties, Inc.",2016-05-17,2016-04-15,2016-05-13,4,4,Hirsch Matthew I; Koster Craig; Landy Eugene W; Mitchell James E,74108,9.765,2016-04-15,2016-05-13,2016-04-18 11:02:37,2016-05-17 11:02:29,1284426240.0,-0.013178620791686524,-0.007291174854177962,0.11457487348175466,0.17724964299518509
UMH,"Umh Properties, Inc.",2016-11-14,2016-10-17,2016-11-10,3,3,Hirsch Matthew I; Mitchell James E; Monmouth Real Estate Investment Corp,462931,11.340000000000002,2016-10-17,2016-11-10,2016-10-18 11:35:01,2016-11-14 11:24:34,1284426240.0,-0.022189514667969923,-0.036872102212601066,0.05369279599870058,0.05765528969053091
UMH,"Umh Properties, Inc.",2017-05-16,2017-04-17,2017-05-15,3,3,Hirsch Matthew I; Quigley Kenneth K Jr; Wolgin Steven B,76000,15.376666666666669,2017-04-17,2017-05-15,2017-04-18 13:07:18,2017-05-16 12:34:38,1284426240.0,0.030416127962515693,0.014052145447504438,0.04869854773308013,-0.05651954724223285
UMH,"Umh Properties, Inc.",2017-08-17,2017-07-17,2017-08-15,3,4,Hirsch Matthew I; Mitchell James E; Quigley Kenneth K Jr,87000,17.8475,2017-07-17,2017-08-15,2017-07-18 14:04:37,2017-08-17 14:29:37,1284426240.0,0.01383818015065752,0.04749589316383118,0.0012782700955853432,-0.04770633110154998
UMH,"Umh Properties, Inc.",2017-11-16,2017-10-16,2017-11-15,3,4,Hirsch Matthew I; Mitchell James E; Quigley Kenneth K Jr,132000,14.5675,2017-10-16,2017-11-15,2017-10-18 16:24:37,2017-11-16 14:07:14,1284426240.0,0.015968230468190736,0.02234830874629834,-0.07628831075165499,-0.2206112490324056
UMH,"Umh Properties, Inc.",2018-12-06,2018-11-15,2018-12-06,4,6,Carus Jeffrey A; Hirsch Matthew I; Mitchell James E; Quigley Kenneth K Jr,228625,12.523333333333332,2018-11-15,2018-12-06,2018-11-16 15:03:10,2018-12-06 16:53:32,1284426240.0,0.04107318078196953,0.025845825651996113,0.013876907475734113,0.04631773119159699
UMH,"Umh Properties, Inc.",2019-09-03,2019-08-15,2019-08-30,3,5,Hirsch Matthew I; Mitchell William Edward; Wolgin Steven B,103964,12.208,2019-08-15,2019-08-30,2019-08-15 15:12:44,2019-09-03 11:08:57,1284426240.0,0.01944647702794211,0.04434134188077321,0.09071223047725585,0.12828762425066742
UMH,"Umh Properties, Inc.",2020-04-17,2020-03-16,2020-04-15,6,10,Carus Jeffrey A; Chew Anna T; Hirsch Matthew I; Koster Craig; Mitchell William Edward; Wolgin Steven B,303935,12.728,2020-03-16,2020-04-15,2020-03-17 16:55:28,2020-04-17 16:08:54,1284426240.0,0.0204094376050592,0.017297888938960115,0.10301207638033016,-0.01604980958961799
UMH,"Umh Properties, Inc.",2020-11-09,2020-10-15,2020-11-09,3,3,Mitchell William Edward; Quigley Kenneth K Jr; Wolgin Steven B,21900,13.8,2020-10-15,2020-11-09,2020-10-16 14:04:40,2020-11-09 16:26:22,1284426240.0,0.0539485136999982,0.033006436018616636,0.051058415397180035,0.052358614825261274
UMH,"Umh Properties, Inc.",2022-10-18,2022-10-11,2022-10-17,4,4,Hirsch Matthew I; Landy Samuel A; Mitchell William Edward; Pruitt Angela D.,53933,15.615000000000002,2022-10-11,2022-10-17,2022-10-12 09:32:21,2022-10-18 14:02:46,1284426240.0,-0.0262404365166774,-0.02828397620134049,-0.039950956003604654,-0.044859297097432194
UMH,"Umh Properties, Inc.",2022-12-19,2022-11-15,2022-12-15,4,8,Landy Samuel A; Mitchell William Edward; Pruitt Angela D.; Quigley Kenneth K Jr,10000,16.63,2022-11-15,2022-12-15,2022-11-16 14:25:23,2022-12-19 11:04:36,1284426240.0,-0.014695558047333135,-0.013303106000324916,0.05620465585277512,-0.16944353714175242
UMH,"Umh Properties, Inc.",2023-03-17,2023-02-15,2023-03-17,7,10,Hirsch Matthew I; Koster Craig; Landy Daniel O.; Landy Michael P; Landy Samuel A; Mitchell William Edward; Pruitt Angela D.,51431,16.302,2023-02-15,2023-03-17,2023-02-17 10:33:38,2023-03-17 15:49:32,1284426240.0,-0.011097194791651943,-0.00010724255052241283,0.012754440818720791,0.04523343328613172
UMH,"Umh Properties, Inc.",2023-07-18,2023-07-10,2023-07-17,3,3,Hirsch Matthew I; Landy Daniel O.; Landy Samuel A,18001,15.82,2023-07-10,2023-07-17,2023-07-11 14:17:47,2023-07-18 15:30:00,1284426240.0,-0.01581373363087224,-0.018188637668621332,-0.06476079462355311,-0.0869854803728708
UMH,"Umh Properties, Inc.",2023-11-16,2023-10-16,2023-11-15,4,5,Carus Jeffrey A; Landy Daniel O.; Landy Samuel A; Quigley Kenneth K Jr,6500,13.73,2023-10-16,2023-11-15,2023-10-17 15:01:20,2023-11-16 11:45:32,1284426240.0,-0.02199426474956301,-0.022957913510221806,0.002537779786577099,-0.10368638827258203
UNIT,Uniti Group Inc.,2017-08-23,2017-08-14,2017-08-23,4,6,Gunderman Kenny; Heard Daniel L; Schuhmacher Blake; Solomon David L,297086,19.035,2017-08-14,2017-08-23,2017-08-15 17:51:56,2017-08-23 16:02:10,1857312256.0,0.03126408683352311,0.01880769087400669,-0.1591266847667745,-0.18442740896523502
UNTY,Unity Bancorp Inc /nj/,2020-05-08,2020-04-22,2020-05-06,3,5,Brody Mark S; Dallas David D; Dallas Robert H II,757763,14.188,2020-04-22,2020-05-06,2020-04-23 15:42:53,2020-05-08 17:31:21,532291392.0,0.037858016240594816,0.008556734657538145,-0.04052223758724294,-0.22562802086436196
UNTY,Unity Bancorp Inc /nj/,2023-05-03,2023-04-26,2023-05-02,3,3,Dallas David D; Dallas Robert H II; Davies James R,911980,22.23,2023-04-26,2023-05-02,2023-04-28 11:57:23,2023-05-03 15:58:49,532291392.0,-0.012516867203597903,0.009258668905258283,0.055167277486597666,0.13872681390492292
UPB,"Upstream Bio, Inc.",2024-10-17,2024-10-15,2024-10-15,3,3,Ai Upstream LLC; Chimovits Erez; Orbimed Advisors LLC,48025000,17.0,2024-10-15,2024-10-15,2024-10-17 16:05:04,2024-10-17 16:19:30,397724032.0,0.09128531775017623,0.0657713403715382,-0.10925739467178197,
URI,United Rentals Inc /de,2016-03-03,2016-02-03,2016-03-01,3,3,Alvarez Jose B; Britell Jenne K; Papastavrou Jason D,266280,49.22,2016-02-03,2016-03-01,2016-02-04 18:30:32,2016-03-03 18:30:46,53033816064.0,0.051367049726474434,0.06375708660158885,0.07367609552588883,0.1975051693599057
URI,United Rentals Inc /de,2018-10-26,2018-10-22,2018-10-26,3,3,Alvarez Jose B; Britell Jenne K; Singh Shiv,133888,110.95666666666666,2018-10-22,2018-10-26,2018-10-23 16:36:43,2018-10-26 16:46:22,53033816064.0,0.0047062873459126076,0.11734404417068944,-0.06303162639769566,0.15326277312796
URI,"United Rentals, Inc.",2019-08-20,2019-07-22,2019-08-19,3,3,Alvarez Jose B; Passerini Filippo; Roof Donald C,842094,118.20666666666666,2019-07-22,2019-08-19,2019-07-23 16:35:41,2019-08-20 16:35:32,53033816064.0,0.005192739396146395,-0.04314509117979337,0.058320658334008124,0.3000960412143714
USAU,U.S. Gold Corp.,2022-02-18,2022-02-16,2022-02-16,6,6,Alexander Eric; Bee George M; Francis Kevin A.; Schafer Robert W; Waldkirch Michael N; Zinke Ryan K,49543,6.5,2022-02-16,2022-02-16,2022-02-18 16:50:13,2022-02-18 16:52:46,310014496.0,0.020078322371379298,0.030395491644083728,-0.01900060984243046,-0.2694977823854017
USB,Us Bancorp de,2023-05-09,2023-04-21,2023-05-08,4,4,Colberg Alan B.; Kelligrew James B; McKenney Richard P; Wine Scott W.,2446063,31.99,2023-04-21,2023-05-08,2023-04-24 16:55:02,2023-05-09 17:19:55,83884032000.0,-0.010017625293827104,-0.02960946540768683,0.022206289965204684,0.27392067016162835
USCB,"Uscb Financial Holdings, Inc.",2024-03-12,2022-11-21,2022-12-09,4,4,Abadin Ramon; Anderson Robert B.; Bustle Nicholas; De La Aguilera Luis,316849,12.8075,2022-11-21,2022-12-09,2022-11-22 11:55:39,2024-03-12 16:58:08,348428736.0,0.00612853268166047,-0.0063980474745739535,-0.05549670527177497,0.04192074011132152
USFD,Us Foods Holding Corp.,2022-03-16,2022-03-07,2022-03-15,3,3,Bachelder Cheryl A; Carruthers Court D; Dutkowsky Robert M,1726752,34.34333333333333,2022-03-07,2022-03-15,2022-03-08 16:36:00,2022-03-16 16:46:36,20733550592.0,0.006148927413349048,-0.015400269428826219,0.09878886578332202,-0.0813785278911352
USPH,U S Physical Therapy Inc /nv,2022-09-07,2022-08-09,2022-09-06,3,3,Gilmartin Kathleen A; Motsenbocker Anne; Swanson Regg E.,205505,83.88333333333334,2022-08-09,2022-09-06,2022-08-10 12:35:07,2022-09-07 11:22:03,1265742976.0,-0.0024604422825382777,0.01849342583241209,0.10632401020354687,0.12180090408163524
UTZ,"Utz Brands, Inc.",2021-08-18,2021-08-16,2021-08-16,3,3,Altmeyer John W; Brown Timothy; Staub Todd,213795,18.61,2021-08-16,2021-08-16,2021-08-18 19:14:35,2021-08-18 19:17:05,768481920.0,-0.0033709852427472597,0.01237907974747987,-0.014768739386281093,-0.08631853922900279
UTZ,"Utz Brands, Inc.",2022-03-08,2022-03-07,2022-03-08,8,8,Altmeyer John W; Chambers Shane; Devore Cary; Fernandez Antonio F.; Kataria Ajay; Lissette Dylan; Schreiber Mark; Shea Theresa Robbins,749543,13.87375,2022-03-07,2022-03-08,2022-03-08 20:16:02,2022-03-08 20:18:30,768481920.0,0.09806495660511239,0.029021259891609308,0.0335853101944068,0.032496220186627456
UTZ,"Utz Brands, Inc.",2022-05-26,2022-05-19,2022-05-20,3,3,Devore Cary; Lissette Dylan; Stewart Pamela J,114001,12.946666666666664,2022-05-19,2022-05-20,2022-05-20 16:09:50,2022-05-26 16:11:49,768481920.0,0.006792573306292571,-0.025740938225776056,0.12423711959533323,0.21107946680394019
UUUU,Energy Fuels Inc,2024-05-14,2024-05-06,2024-05-10,15,15,Bennett Nathan Reed; Bovaird J. Birks; Chalmers Mark; Eshleman Benjamin III; Estabrooke Ivy; Filas Barbara Appelin; Frydenlund David C.; Hansen Bruce D; Herrera Jaqueline; Kapostasy Daniel; Kirkwood Robert W.; Moore Curtis; Morrison Alex G; Nazarenus Dee Ann; Shumway Logan,424661,5.984666666666667,2024-05-06,2024-05-10,2024-05-07 12:03:32,2024-05-14 18:42:46,5030885888.0,0.00453119179369077,0.09768360512911722,-0.030701007671667613,-0.29017266722888024
UVE,"Universal Insurance Holdings, Inc.",2015-11-27,2015-11-24,2015-11-25,3,3,Donaghy Stephen; Pietrangelo Michael; Wilcox Frank,489361,20.596666666666668,2015-11-24,2015-11-25,2015-11-25 14:32:28,2015-11-27 10:52:06,1019184960.0,-0.038717865378536276,0.057760978138554187,0.023213201981498788,0.0075590514504029205
UVE,"Universal Insurance Holdings, Inc.",2016-05-25,2016-05-04,2016-05-25,3,4,Downes Sean P; Palmieri Ralph J.; Springer Jon,194024,18.43,2016-05-04,2016-05-25,2016-05-04 16:33:34,2016-05-25 16:20:21,1019184960.0,-0.0019145687765118602,-0.009983618403491157,-0.057291323106821945,0.11372994888715704
UVE,"Universal Insurance Holdings, Inc.",2019-11-25,2019-11-01,2019-11-22,3,9,Donaghy Stephen; Downes Sean P; Pietrangelo Michael,980976,28.424444444444443,2019-11-01,2019-11-22,2019-11-04 09:00:25,2019-11-25 16:05:33,1019184960.0,-0.005576367512044378,-0.02460496794492928,-0.14352422101842077,-0.232699292156755
UVE,"Universal Insurance Holdings, Inc.",2020-11-02,2020-10-29,2020-11-02,6,6,Campos Kimberly D; Donaghy Stephen; Downes Sean P; Pietrangelo Michael; Springer Jon; Wilentz Joel,377958,12.02,2020-10-29,2020-11-02,2020-10-29 18:40:53,2020-11-02 18:58:23,1019184960.0,-0.021845143059414873,-0.03528714246589715,0.12820899552868292,-0.04326356833028777
UVE,"Universal Insurance Holdings, Inc.",2022-03-07,2022-02-28,2022-03-03,3,3,Donaghy Stephen; Gordon Marlene; Wilcox Frank,176350,12.033333333333331,2022-02-28,2022-03-03,2022-02-28 18:43:17,2022-03-07 16:26:29,1019184960.0,0.040092045338008586,0.047424544958001635,0.017264243294406567,0.09992470167082068
UVE,"Universal Insurance Holdings, Inc.",2022-10-03,2022-09-14,2022-09-29,5,5,Callahan Scott P.; Donaghy Stephen; Peterson Richard D; Pietrangelo Michael; Wilentz Joel,226105,9.812,2022-09-14,2022-09-29,2022-09-14 19:59:39,2022-10-03 18:55:30,1019184960.0,-0.022673085526907943,-0.1277482112246635,-0.08997713992275513,0.03179159947761323
UVSP,Univest Financial Corp,2020-05-13,2020-04-27,2020-05-12,3,4,Keenan Suzanne; Moyer Glenn E; Paquin Natalye,171125,15.4675,2020-04-27,2020-05-12,2020-04-27 14:24:42,2020-05-13 10:34:22,970452416.0,-0.030680215153901513,0.03268404510793643,-0.03914806931653403,-0.02333487768893905
VAC,Marriott Vacations Worldwide Corp,2018-11-30,2018-11-09,2018-11-28,3,3,Andrews Charles Elliott; Geller John E Jr; Weisz Stephen P,1156758,79.04,2018-11-09,2018-11-28,2018-11-13 17:55:35,2018-11-30 19:19:57,2351674624.0,0.02132596990526303,-0.05938802783316077,0.026997785835354504,0.2175758960990104
VALU,Value Line Inc,2020-08-20,2020-07-29,2020-08-19,3,4,Anastasio Stephen; Brecher Howard A; Fiore Alfred R,11233,24.972500000000004,2020-07-29,2020-08-19,2020-07-29 15:43:18,2020-08-20 16:34:57,340289024.0,-0.03578322344721696,-0.03480505305878445,-0.05326735078968048,0.0253731603961449
VC,Visteon Corp,2018-11-30,2018-10-29,2018-11-28,5,5,Bergman Naomi M.; Manzo Robert; Treadwell David L; Wilson Harry James; Yassini-Fard Rouzbeh,916231,76.336,2018-10-29,2018-11-28,2018-10-31 16:52:28,2018-11-30 16:39:34,2574972416.0,0.04335348185279342,-0.09425249548385606,0.00839918750775659,0.13022467399874715
VCTR,"Victory Capital Holdings, Inc.",2018-03-02,2018-02-08,2018-02-28,4,7,Brown David Craig; Davanzo Lawrence; Hawkes James B; Sullivan Terence Francis,4956101,12.495714285714286,2018-02-08,2018-02-28,2018-02-12 16:22:51,2018-03-02 20:32:53,4480546816.0,-0.03894376009864575,-0.04784228228381682,-0.18228097848391545,-0.19473534863510877
VCTR,"Victory Capital Holdings, Inc.",2021-11-29,2021-11-22,2021-11-24,3,4,Brown David Craig; Demartini Richard M; Policarpo Michael Dennis,2254529,34.86,2021-11-22,2021-11-24,2021-11-22 19:46:11,2021-11-29 21:57:01,4480546816.0,0.03860612032594335,0.011862478936264576,-0.0022316857793940326,0.008015946292554754
VECO,Veeco Instruments Inc,2017-12-18,2017-12-13,2017-12-13,4,4,Kiernan John P; Maheshwari Shubham; Miller William John; Peeler John R,877472,13.7375,2017-12-13,2017-12-13,2017-12-18 18:03:48,2017-12-18 18:08:24,1957846528.0,-0.040212174600544714,-0.07487837448051737,-0.01566530396180621,0.20916347930391033
VECO,Veeco Instruments Inc,2022-05-17,2022-05-11,2022-05-16,3,3,Kiernan John P; Miller William John; St Dennis Thomas,259450,20.89666666666667,2022-05-11,2022-05-16,2022-05-11 10:26:32,2022-05-17 16:39:32,1957846528.0,0.008600016773024577,-0.061851683581392036,-0.05379987835566147,-0.0021395987058348
VERA,"Vera Therapeutics, Inc.",2021-05-18,2021-05-17,2021-05-18,6,6,"Abingworth LLP; Emster Kurt Von; Enright Patrick G; Katabi Maha; Longitude Capital Partners Iv, LLC; Sofinnova Venture Partners X, L.P.",53214614,11.003333333333332,2021-05-17,2021-05-18,2021-05-18 18:00:19,2021-05-18 20:23:11,2789784576.0,0.2569290389690425,0.6048826378223338,0.04889968449099946,0.29344664217151517
VERA,"Vera Therapeutics, Inc.",2022-04-05,2022-02-10,2022-02-10,3,3,"Enright Patrick G; Longitude Capital Partners Iv, LLC; Sofinnova Venture Partners X, L.P.",13999980,15.0,2022-02-10,2022-02-10,2022-02-14 18:17:42,2022-04-05 07:24:14,2789784576.0,0.021191397884027685,0.02695421682150434,-0.13967514415905202,-0.2574498246860435
VERA,"Vera Therapeutics, Inc.",2023-03-07,2023-02-03,2023-03-03,6,11,"Enright Patrick G; Grant Sean; Longitude Capital Partners Iv, LLC; Seidenberg Beth C; Sofinnova Venture Partners X, L.P.; Young Joseph R",28603698,7.116363636363636,2023-02-03,2023-03-03,2023-02-08 18:29:55,2023-03-07 16:07:06,2789784576.0,-0.018574933510385083,-0.112042797627257,-0.24791134429647443,0.023698349861793533
VERX,"Vertex, Inc.",2021-06-15,2020-07-31,2020-07-31,3,3,Butler Lisa; Radcliffe Amanda Westphal; Robert Kevin L,1804981,19.0,2020-07-31,2020-07-31,2021-05-13 17:41:56,2021-06-15 16:41:23,2341768960.0,0.008428318945277957,0.10236216939664466,-0.08531129110274105,-0.07709808460149448
VFC,V F Corp,2022-12-15,2022-12-09,2022-12-13,3,3,Dorer Benno O; Hoplamazian Mark Samuel; Otis Clarence Jr,1030535,28.286666666666665,2022-12-09,2022-12-13,2022-12-13 09:38:57,2022-12-15 11:53:20,7351838208.0,-0.023578752369675104,-0.022871181396348583,0.08102380152510813,-0.20917896525830093
VFC,V F Corp,2024-02-27,2024-02-09,2024-02-26,3,3,Carucci Richard; Chugg Juliana L; Darrell Bracken,1514964,16.153333333333332,2024-02-09,2024-02-26,2024-02-12 09:05:31,2024-02-27 16:30:35,7351838208.0,0.042692281654255426,0.01829331263886247,-0.14335741675074176,-0.25041073735777797
VICI,Vici Properties Inc.,2018-02-05,2018-02-01,2018-02-01,8,8,Abrahamson James R; Davis Eugene I; Hausler Eric L; Kieske David Andrew; Kuick Kenneth J.; Payne John W R; Pitoniak Edward Baltazar; Rumbolz Michael D,2229000,20.0,2018-02-01,2018-02-01,2018-02-05 14:27:31,2018-02-05 14:44:57,32278104064.0,-0.0013295102476008624,-0.03135892147608699,-0.08184350170787358,-0.10137832680214587
VIR,"Vir Biotechnology, Inc.",2019-10-18,2019-10-16,2019-10-16,7,7,"Abu Dhabi Investment Authority; Alaska Permanent Fund Corp; Arch Venture Partners Ix, LLC; Burow Kristina; Nelsen Robert; Svf Endurance (Cayman) Ltd; Temasek Holdings (Private) Ltd",139000000,20.0,2019-10-16,2019-10-16,2019-10-16 16:33:12,2019-10-18 19:58:08,1400334208.0,0.0109894251656657,0.021784239537365968,-0.1130286662773674,-0.0288534262370701
VKTX,"Viking Therapeutics, Inc.",2018-05-31,2018-05-29,2018-05-31,4,4,Macartney Lawson; Rowland Charles A Jr; Singleton J Matthew; Webster Stephen W,540102,6.3525,2018-05-29,2018-05-31,2018-05-31 18:57:36,2018-05-31 19:04:20,3689648640.0,0.9581394627011657,0.9262013406527558,1.1307567664299614,1.2464428073934695
VLY,Valley National Bancorp,2015-06-25,2015-06-19,2015-06-24,4,4,Eskow Alan D; Lenner Marc J; Lipkin Gerald H; Robbins IRA,288540,25.0125,2015-06-19,2015-06-24,2015-06-22 09:21:11,2015-06-25 12:02:54,6998326784.0,0.007080418678047762,0.009379942459414092,-0.029271695169387657,-0.007293617843536659
VLY,Valley National Bancorp,2020-03-16,2020-03-11,2020-03-16,5,6,Janis Ronald H.; Lenner Marc J; Robbins IRA; Schultz Melissa J; Steans Jennifer W,2571536,7.378333333333333,2020-03-11,2020-03-16,2020-03-11 15:16:48,2020-03-16 17:52:08,6998326784.0,0.015126645004790107,-0.014978373705733072,-0.05561645074715438,-0.08744944047158576
VLY,Valley National Bancorp,2023-03-15,2023-03-08,2023-03-15,11,11,Baum Peter J; Edelstein Eric P; Landau Dafna; Lenner Marc J; Maio Peter V; Robbins IRA; Sani Suresh L; Schultz Melissa J; Steans Jennifer W; Wilks Jeffrey S; Williams Sidney S,1140987,10.391818181818184,2023-03-08,2023-03-15,2023-03-10 17:16:41,2023-03-15 17:06:43,6998326784.0,0.018902198273474502,-0.03591035815601207,-0.13253562659308793,-0.23337060578307933
VLY,Valley National Bancorp,2023-05-23,2023-05-08,2023-05-22,4,4,Baum Peter J; Lenner Marc J; Mendelson Avner; Sani Suresh L,183665,15.94,2023-05-08,2023-05-22,2023-05-09 08:51:37,2023-05-23 11:38:57,6998326784.0,0.02898249002072084,-0.020271988099953342,-0.016618979047108517,0.17076590623466426
VNOM,Viper Energy Partners LP,2017-08-21,2017-07-21,2017-08-18,8,9,"Diamondback Energy, Inc.; Dick Teresa L.; Holder Randall J; Hollis Michael L.; Pantermuehl Russell; Stice Travis D.; Van'T Hof Matthew Kaes; West Steven E",11515843,14.855555555555554,2017-07-21,2017-08-18,2017-07-25 17:25:06,2017-08-21 17:43:28,16211288064.0,-0.017498095029027327,0.03108657375316759,0.14113542849193417,0.1542487901152514
VNT,Vontier Corp,2024-01-08,2022-11-04,2022-11-09,5,6,Aga Anshooman; Boyland Gloria R.; Klein Christopher J; Morelli Mark D; Rowen Kathryn K.,148689,17.93166666666667,2022-11-04,2022-11-09,2022-11-04 11:24:32,2024-01-08 07:08:56,5853334016.0,-0.01778620117854357,-0.0019128788775484296,0.17470717101162903,0.17140006313358214
VOR,Vor Biopharma Inc.,2021-02-09,2021-02-09,2021-02-09,3,3,"5Am Ventures Vi, L.P.; Parmar Kush; Ra Capital Management, L.P.",73632168,18.0,2021-02-09,2021-02-09,2021-02-09 17:15:20,2021-02-09 18:25:46,620721600.0,0.022581766751690213,0.15021767669830832,-0.09202100744197927,-0.5247001128659672
VOYA,"Voya Financial, Inc.",2017-06-06,2017-06-02,2017-06-02,3,3,Martin Rodney O Jr; Smith Michael S; Walsh Patricia J,573388,35.28666666666666,2017-06-02,2017-06-02,2017-06-06 16:31:57,2017-06-06 16:37:46,6433965568.0,0.011647541285149776,0.0763440887362341,0.05397196834381268,0.08460536936724639
VRDN,"Viridian Therapeutics, Inc.de",2024-09-30,2024-09-13,2024-09-27,3,3,Beetham Thomas W.; Fairmount Funds Management LLC; Mahoney Stephen F.,30616312,21.83,2024-09-13,2024-09-27,2024-09-17 21:00:13,2024-09-30 19:12:50,2798359552.0,0.016988708460914825,0.0034215100814548594,0.05426030904609647,-0.22805059612796175
VRNS,Varonis Systems Inc,2022-11-16,2022-11-03,2022-11-14,4,5,Faitelson Yakov; Kess Avrohom J.; Melamed Guy; O'Boyle James,1730256,17.718,2022-11-03,2022-11-14,2022-11-07 19:01:26,2022-11-16 19:02:03,2776481536.0,-0.0328734965384091,-0.046453510222898675,0.1447419325273278,0.22513653599610128
VRRM,Verra Mobility Corp,2020-03-16,2020-03-12,2020-03-13,4,4,Brigidi Vincent; Chiodo Patricia; Miller Garrett Fristoe; Roberts David Martin,297062,7.987500000000001,2020-03-12,2020-03-13,2020-03-13 15:26:10,2020-03-16 19:43:15,2679087104.0,-0.09416259366627422,-0.13293263295637148,-0.03008818237962707,0.21885831948671775
VSEC,Vse Corp,2019-05-21,2019-05-10,2019-05-20,3,3,Cuomo John A; Kiernan Thomas M; Loftus Thomas R,178620,27.35,2019-05-10,2019-05-20,2019-05-14 15:40:21,2019-05-21 09:42:59,6061727232.0,0.010422105359805922,-0.02344220291857313,-0.0395919216090439,0.14514504461598232
VSEC,Vse Corp,2020-03-31,2020-03-10,2020-03-27,4,5,Cuomo John A; Ferguson III Mark E; Kiernan Thomas M; Loftus Thomas R,234789,19.962,2020-03-10,2020-03-27,2020-03-11 10:29:56,2020-03-31 12:10:04,6061727232.0,-0.07036758625176942,-0.014529109790264783,0.1899272482440637,0.5213602287251411
VST,Vistra Energy Corp,2017-12-14,2017-11-14,2017-12-12,3,7,Burke James A; Helm Scott B; Holden J William III,299518,18.729999999999997,2017-11-14,2017-12-12,2017-11-16 12:29:34,2017-12-14 10:32:47,54788083712.0,-0.012229827400238924,0.032449020487460345,0.0363256838288728,0.1254230434150687
VST,Vistra Energy Corp.,2019-06-20,2019-05-30,2019-06-18,3,4,Burke James A; Campbell David A; Zimmerman Bruce,1039480,23.71,2019-05-30,2019-06-18,2019-06-03 16:19:20,2019-06-20 16:17:03,54788083712.0,0.0036679214041128727,-0.06584576794338559,-0.07808205331680051,0.09115130792246462
VST,Vistra Energy Corp.,2020-09-21,2020-03-10,2020-03-23,4,8,"Campbell David A; Helm Scott B; Oaktree Capital Group Holdings Gp, LLC; Sult John R",7611444,14.685,2020-03-10,2020-03-23,2020-03-12 17:23:10,2020-09-21 17:36:20,54788083712.0,-0.014954635217820589,-0.01843705654445138,-0.019070104392512333,-0.09079931034695687
VST,Vistra Corp.,2020-12-23,2020-12-16,2020-12-21,3,3,Burke James A; Ferraioli Brian K; Helm Scott B,718733,17.833333333333332,2020-12-16,2020-12-21,2020-12-18 21:09:14,2020-12-23 17:09:59,54788083712.0,0.027198638370139472,0.06630937140154747,0.09714250516197653,-0.13546986738389732
VST,Vistra Corp.,2021-03-05,2021-03-02,2021-03-04,4,4,Barbas Paul M; Burke James A; Ferraioli Brian K; Helm Scott B,912440,16.595000000000002,2021-03-02,2021-03-04,2021-03-04 19:00:00,2021-03-05 16:33:11,54788083712.0,0.06614741256327195,0.005945625391698295,-0.07637829499291593,-0.16953011802173068
VST,Vistra Corp.,2021-05-19,2021-05-06,2021-05-17,5,7,Burke James A; Ferraioli Brian K; Helm Scott B; Morgan Curtis A; Sult John R,2398307,15.828571428571427,2021-05-06,2021-05-17,2021-05-10 21:09:32,2021-05-19 17:12:15,54788083712.0,0.012325544272824951,-0.01235484341934634,0.13035049799411813,0.06265940061530206
VST,Vistra Corp.,2022-06-21,2022-05-26,2022-06-17,3,6,Burke James A; Ferraioli Brian K; Helm Scott B,2244049,23.228333333333328,2022-05-26,2022-06-17,2022-05-27 16:58:01,2022-06-21 20:03:46,54788083712.0,-0.0023197066811389,0.004846995454714342,0.011819063011617281,0.07427399672733936
VSTM,"Verastem, Inc.",2015-06-30,2015-06-17,2015-06-29,4,6,Forrester Robert; Green John B; Paterson Dan; Singh Monica,44431,7.4316666666666675,2015-06-17,2015-06-29,2015-06-18 14:32:35,2015-06-30 08:41:32,427816448.0,0.027775455077418965,0.002875377686038516,0.14768494951214772,-0.09699461088305783
VSTS,Vestis Corp,2024-05-29,2024-05-03,2024-05-24,8,14,Corvex Management LP; Dillon Ricky T; Donovan Timothy R; Holloman James Phillip; Jokinen Tracy C; Koschel Williams Ena; Pertz Douglas A; Shih Grant,42447036,11.542857142857144,2024-05-03,2024-05-24,2024-05-06 16:51:14,2024-05-29 17:47:31,1005450880.0,0.0566193949089433,0.06741904170196511,0.004700120731597979,0.12752491111817998
VTS,"Vitesse Energy, Inc.",2023-03-24,2023-03-15,2023-03-22,4,6,Cree Brian; Gerrity Robert W; Humber Christopher I; Steinberg Joseph S,3697564,16.796666666666663,2023-03-15,2023-03-22,2023-03-16 16:45:52,2023-03-24 06:51:01,719329600.0,0.06371477889353705,0.10306332174241106,0.037416870863845375,0.2706744939996968
VTS,"Vitesse Energy, Inc.",2023-09-14,2023-08-21,2023-09-14,3,5,Gerrity Robert W; Henderson James P; O Leary Dan,674952,23.338,2023-08-21,2023-09-14,2023-08-23 16:29:06,2023-09-14 18:59:56,719329600.0,-0.03241128148492867,-0.048614977353561906,0.09520754204250126,-0.06051119844036945
VTYX,"Ventyx Biosciences, Inc.",2021-10-27,2021-10-25,2021-10-25,3,3,"Cormorant Asset Management, LP; Royston Aaron; Venbio Global Strategic Fund Iii, L.P.",20000000,16.0,2021-10-25,2021-10-25,2021-10-25 18:42:37,2021-10-27 16:04:28,1004502016.0,0.15433674250836948,0.19656496931815925,-0.10399371884078479,-0.09738547037230283
VVV,Valvoline Inc,2016-09-30,2016-09-28,2016-09-28,13,13,Lockwood Frances E.; Macadam Stephen E.; Manager Vada O; Matheys Heidi J.; Meixelsperger Mary E; Mitchell Samuel J; Moughler Craig A.; O'Daniel Julie Marie; Puckett Anthony R.; Sonsteby Charles M; Stensrud Sara K.; Twinem Mary J; Wulfsohn William A,2284700,22.0,2016-09-28,2016-09-28,2016-09-30 16:54:30,2016-09-30 17:29:53,4774343168.0,-0.017464034007218188,-0.033591543237147636,-0.20384966812954086,-0.12525098100039123
VVV,Valvoline Inc,2023-08-31,2023-08-28,2023-08-30,3,3,Flees Lori Ann; Freeland Richard Joseph; Meixelsperger Mary E,601605,33.76,2023-08-28,2023-08-30,2023-08-29 08:04:28,2023-08-31 16:04:57,4774343168.0,0.018081528405480052,0.005132658752969421,-0.03374486012257738,0.009578815178230782
VVX,"V2X, Inc.",2022-09-14,2022-09-06,2022-09-12,5,5,"American Industrial Partners Capital Fund Vi, L.P.; Cusumano Dino M; Pillmore Eric M; Smith Michael James; Waechter Stephen L",30075254,36.07600000000001,2022-09-06,2022-09-12,2022-09-07 16:36:52,2022-09-14 19:48:58,2273167360.0,-0.017631045520630995,-0.05585802496593517,-0.0366540055636112,-0.05406747756365726
VVX,"V2X, Inc.",2023-11-17,2023-11-09,2023-11-16,4,4,Boyle Kevin T; Mural Shawn; Noon William Boyd; Smith Michael James,74490,42.47,2023-11-09,2023-11-16,2023-11-09 16:37:39,2023-11-17 16:17:00,2273167360.0,-0.028375165662971935,0.01021859979892259,-0.002383725220488797,-0.1916089374332972
VVX,"V2X, Inc.",2024-09-10,2024-09-06,2024-09-06,7,7,Bjornson Josephine F.; Elegba Abbas; Mural Shawn; Noon William Boyd; Pillmore Eric M; Smith Michael James; Wensinger Jeremy C,612912,48.0,2024-09-06,2024-09-06,2024-09-09 08:08:08,2024-09-10 08:18:42,2273167360.0,-0.01795362679892354,0.04507116841330161,0.22071343265373256,0.1177653128561702
VYX,Ncr Voyix Corp,2024-08-30,2024-08-08,2024-08-29,5,5,Kelly James G; Schoch Eric; Tadele Beimnet; Webb-Walsh Brian J.; Wilkinson David O.,738507,12.374,2024-08-08,2024-08-29,2024-08-12 08:45:03,2024-08-30 16:13:39,1109365120.0,-0.03811735059825061,-0.08166352157123691,-0.09036062829417058,-0.005964602673322883
WAB,Westinghouse Air Brake Technologies Corp,2019-05-24,2019-05-21,2019-05-23,3,3,Deninno David L; Kassling William E; Neupaver Albert J,1349650,64.23666666666666,2019-05-21,2019-05-23,2019-05-22 15:10:30,2019-05-24 12:51:14,44590759936.0,0.04840409987517602,0.02619915979288756,0.08215956941931557,0.04176665556777892
WABC,Westamerica Bancorporation,2023-05-04,2023-04-27,2023-05-04,3,3,Chiesa Melanie Martella; Hassid Michele R.; Wondeh Inez,39152,38.25666666666667,2023-04-27,2023-05-04,2023-04-27 17:15:53,2023-05-04 15:42:41,1277320192.0,0.030455553382673584,0.00631187175391501,0.045171988770309035,0.1984296275923878
WAFD,Washington Federal Inc,2020-03-11,2020-03-10,2020-03-11,3,3,Smith Barbara; Stewart Cory D; Tabbutt Mark,461404,25.81,2020-03-10,2020-03-11,2020-03-10 18:03:54,2020-03-11 20:59:12,2403110400.0,-0.00408670713922088,0.22191435198828535,-0.05034209565548253,-0.013895130369304232
WAFD,Washington Federal Inc,2020-08-06,2020-07-28,2020-08-06,3,3,Beatty Vincent L; Kelley Thomas J; Talbot Randall H,171336,23.313333333333333,2020-07-28,2020-08-06,2020-07-29 11:26:20,2020-08-06 15:51:32,2403110400.0,0.03823946485074048,0.02678496650985207,-0.061296830541936465,-0.08733343669434601
WAFD,Washington Federal Inc,2023-05-15,2023-05-11,2023-05-15,3,4,Endrizzi James; Grant David K; Talbot Randall H,453806,19.2875,2023-05-11,2023-05-15,2023-05-12 12:36:37,2023-05-15 17:24:29,2403110400.0,0.014322923087416894,0.07480059152196561,-0.005808571887276681,0.10661474535362458
WBD,"Warner Bros. Discovery, Inc.",2022-05-10,2022-04-27,2022-05-05,8,9,Bennett Robert R; Di Piazza Samuel A Jr.; Gould Paul A; Leavy David; Wiedenfels Gunnar; Yang Geoffrey Y; Zaslav David; Zeiler Gerhard,4644749,18.827777777777772,2022-04-27,2022-05-05,2022-04-27 16:01:51,2022-05-10 16:15:57,69932826624.0,-0.014457841587026676,0.0481927309282999,-0.12786441007887317,-0.18969511530010374
WBS,Webster Financial Corp,2020-05-14,2020-04-24,2020-05-14,4,6,Atwell William L; Flynn Elizabeth E; Macinnes Glenn I; Wolfe Harriet Munrett,661498,23.486666666666668,2020-04-24,2020-05-14,2020-04-27 14:13:45,2020-05-14 16:52:26,11088205824.0,0.02597433293951501,0.14167171904177756,0.1621637134657652,0.19248327707453505
WBTN,Webtoon Entertainment Inc.,2024-08-21,2024-08-14,2024-08-21,4,4,Kim Junkoo; Kim Namsun; Kim Yongsoo; Lee David J.,914335,13.015,2024-08-14,2024-08-21,2024-08-15 17:42:04,2024-08-21 16:30:21,1537141632.0,-0.026496174239183268,-0.05971565813458457,-0.2554122894126212,-0.27390947592542747
WDFC,Wd 40 Co,2023-04-14,2023-04-13,2023-04-13,4,4,Brass Steven A; Hyzer Sara Kathleen; Kiamilev Phenix Q.; Lindeman Jeffrey G,267366,179.08,2023-04-13,2023-04-13,2023-04-14 16:49:31,2023-04-14 19:45:03,3298627584.0,0.038054013182235114,0.10297132174793444,0.04587121652531101,0.15893495444351946
WDFC,Wd 40 Co,2024-05-10,2024-04-12,2024-05-09,3,3,Brass Steven A; Hyzer Sara Kathleen; Pendarvis David,226910,233.26666666666668,2024-04-12,2024-05-09,2024-04-12 16:17:35,2024-05-10 17:45:58,3298627584.0,-0.0012515467035560945,0.005308384847865888,-0.11324692195968877,0.07421640022179199
WEAV,"Weave Communications, Inc.",2021-11-17,2021-11-11,2021-11-16,6,6,Crosslink Capital Inc; Harper Wendy; Harvey Stuart C. Jr; Modersitzki Blake G; Smuin Marty; Tiger Global Management LLC,34311051,21.833333333333332,2021-11-11,2021-11-16,2021-11-15 18:14:05,2021-11-17 16:34:37,417623520.0,-0.014292387869307976,0.02039986422865714,-0.26602973718280554,-0.42818762682122835
WEN,Wendy'S Co,2016-12-06,2016-12-02,2016-12-02,5,5,"Garden Edward P; May Peter W; Peltz Matthew H.; Peltz Nelson; Trian Fund Management, L.P.",239473655,12.79,2016-12-02,2016-12-02,2016-12-06 20:17:39,2016-12-06 20:22:38,1429607808.0,0.04129764721298379,0.05579291420711874,0.017785420302040222,-0.029088529709322852
WES,"Western Midstream Partners, LP",2024-03-06,2024-02-26,2024-03-06,5,6,Brown Oscar K; Owen Kenneth F.; Schulte David J; Stewart Lisa A; Ure Michael,840205,33.975,2024-02-26,2024-03-06,2024-02-27 16:43:26,2024-03-06 16:05:04,16972620800.0,-0.01125707562435796,-0.02723491663349109,0.021364446380952362,0.07113754112921877
WEST,Westrock Coffee Co,2023-03-20,2023-03-17,2023-03-17,3,3,Ford Joe T; Ford Scott T; Ford William A,867695,11.586666666666666,2023-03-17,2023-03-17,2023-03-17 16:20:30,2023-03-20 16:21:34,398918624.0,-0.021190327712763413,0.005200140975714751,-0.05935023921509841,-0.15969110239834683
WEST,Westrock Coffee Co,2023-09-19,2023-08-03,2023-08-28,4,6,"Brown Brothers Harriman & Co; Ford Joe T; Ford William A; Hf Direct Investments Pool, LLC",69254963,10.273333333333332,2023-08-03,2023-08-28,2023-08-09 10:53:54,2023-09-19 17:32:26,398918624.0,-0.05150092350330415,-0.09245938263403863,-0.12196038894154315,-0.053596534102770876
WEST,Westrock Coffee Co,2024-12-06,2024-11-12,2024-12-02,3,3,Ford Joe T; Ford William A; Parent Kenneth M.,747651,7.72,2024-11-12,2024-12-02,2024-11-14 16:13:43,2024-12-06 16:06:35,398918624.0,-0.0074745988287524545,-0.06039111050452828,,
WFC,Wells Fargo & Company/mn,2017-05-05,2017-04-17,2017-05-05,3,3,Sanger Stephen W; Sargent Ronald; Sloan Timothy J,5526822,52.81666666666666,2017-04-17,2017-05-05,2017-04-17 11:20:33,2017-05-05 14:24:44,259068641280.0,-0.006306445116929016,-0.04006566854370952,-0.0467431456022005,-0.06083773045525809
WGO,Winnebago Industries Inc,2017-04-12,2017-04-10,2017-04-10,3,3,Fisher William C.; Hazelton Brian Daniel; Miles David W,163023,25.953333333333333,2017-04-10,2017-04-10,2017-04-11 10:13:11,2017-04-12 15:14:49,1100039936.0,-0.025411371811406513,-0.005007927774862364,-0.0533124701762413,0.27681191139857275
WGO,Winnebago Industries Inc,2020-04-13,2020-03-27,2020-04-09,3,3,Braun Christopher J; Happe Michael J; Hazelton Brian Daniel,208574,31.576666666666668,2020-03-27,2020-04-09,2020-03-30 14:57:58,2020-04-13 19:25:46,1100039936.0,-0.036062066467066556,-0.030117468795637925,0.5819226004889597,0.5948301448014213
WH,"Wyndham Hotels & Resorts, Inc.",2019-08-19,2019-08-14,2019-08-16,3,3,Ballotti Geoffrey A; Nelson Ronald L; Wyshner David B,1102833,50.193333333333335,2019-08-14,2019-08-16,2019-08-16 16:04:31,2019-08-19 06:40:35,6081044480.0,0.011525825881318008,0.0061466906154354906,0.017568238591961105,0.0275832759592074
WING,Wingstop Inc.,2015-06-17,2015-06-17,2015-06-17,5,5,Engen William; Mravle Michael; Peterson Stacy; Skipworth Michael; Young Jay,729600,19.0,2015-06-17,2015-06-17,2015-06-17 17:46:30,2015-06-17 17:50:03,6869188608.0,-0.04673652809020068,-0.05154419066684768,0.1436918029005534,0.01961047493968837
WLKP,Westlake Chemical Partners LP,2018-03-07,2018-02-27,2018-03-06,3,5,Bender Mark Steven; Chao Albert; Teel Lawrence E.,356595,23.11,2018-02-27,2018-03-06,2018-02-27 13:26:10,2018-03-07 14:07:54,775761856.0,-0.021675110062433056,-0.015320057539071952,0.010675015693707324,0.00949529650242531
WLKP,Westlake Chemical Partners LP,2018-12-03,2018-11-12,2018-11-30,4,7,Chao Albert; Chao James; Lumpkins David; Minas Angela A,1522585,22.96142857142857,2018-11-12,2018-11-30,2018-11-13 11:44:22,2018-12-03 08:09:54,775761856.0,0.00990699059535316,0.023306466769095868,0.05719157673715858,-0.016526532894149515
WLKP,Westlake Chemical Partners LP,2020-03-25,2020-03-10,2020-03-24,5,15,Bender Mark Steven; Chao Albert; Ederington L. Benjamin; Teel Lawrence E.; Woelfel Randy,1213443,14.038666666666668,2020-03-10,2020-03-24,2020-03-12 15:33:45,2020-03-25 10:24:32,775761856.0,0.023992761246223848,-0.021205404461362654,0.10949528966382571,0.1408919435248377
WMB,Williams Companies Inc,2017-06-20,2017-05-26,2017-06-20,3,3,Armstrong Alan S; Bergstrom Stephen W; Creel Michael A,1076423,28.796666666666667,2017-05-26,2017-06-20,2017-05-30 11:32:46,2017-06-20 16:41:58,92725354496.0,-0.028341800275954454,0.02400155573769558,0.08458429892562247,0.04174862199096063
WMB,Williams Companies Inc,2018-11-06,2018-11-02,2018-11-06,5,5,Chandler John D; Creel Michael A; Dunn Micheal G.; Wilson Terrance Lane; Zamarin Chad J.,1057515,25.738,2018-11-02,2018-11-06,2018-11-02 12:40:27,2018-11-06 14:24:37,92725354496.0,0.0016770269186698883,-0.04956723861437151,-0.04284278010671683,0.07376188256722926
WMB,"Williams Companies, Inc.",2019-08-23,2019-08-05,2019-08-23,6,6,Armstrong Alan S; Bergstrom Stephen W; Chandler John D; Chazen Stephen I; Creel Michael A; Wilson Terrance Lane,1262803,23.408333333333335,2019-08-05,2019-08-23,2019-08-07 11:18:50,2019-08-23 16:26:27,92725354496.0,-0.013476576109497485,-0.0003080832346824547,0.003203842917114841,-0.11265114027873147
WMB,"Williams Companies, Inc.",2023-03-15,2023-03-14,2023-03-14,3,3,Bergstrom Stephen W; Smith Murray D; Spence William H,359862,29.423333333333332,2023-03-14,2023-03-14,2023-03-15 13:50:48,2023-03-15 13:54:30,92725354496.0,-0.02588180564957332,-0.0256449685884258,-0.03766405640499859,-0.04775985347788181
WMK,Weis Markets Inc,2017-08-31,2017-08-09,2017-08-30,3,4,Frost Scott F; Graber Harold G; Schertle Kurt A,90861,44.635000000000005,2017-08-09,2017-08-30,2017-08-10 14:46:38,2017-08-31 08:48:27,1646010624.0,-0.00266152352741833,-0.050087436698528,-0.06741600523128488,-0.1864400207925917
WMK,Weis Markets Inc,2017-11-14,2017-11-07,2017-11-10,5,5,Frost Scott F; Hatchell Dennis G; Lauth Edward John III; Silverman Gerrald B; Weis Jonathan H,695396,34.556,2017-11-07,2017-11-10,2017-11-07 13:55:28,2017-11-14 14:04:00,1646010624.0,0.038603050434053876,0.09269734496412085,0.18496388854008616,0.07230899439922722
WMK,Weis Markets Inc,2019-06-04,2019-05-21,2019-06-03,3,3,Bailey Wayne S; Frost Scott F; Schertle Kurt A,91420,38.04,2019-05-21,2019-06-03,2019-05-22 09:30:21,2019-06-04 08:46:14,1646010624.0,-0.026266335887596304,-0.0567495670454603,-0.11084569616399231,-0.022139150643964767
WMS,"Advanced Drainage Systems, Inc.",2015-03-03,2015-02-09,2015-02-27,3,5,Chlapaty Joseph A; Eversole Robert M; Wexner Abigail S,2510903,25.302,2015-02-09,2015-02-27,2015-02-09 17:14:38,2015-03-03 17:22:46,12635443200.0,0.008302328824818517,0.0494668721195759,0.09112025291701775,0.05452794416562834
WMS,"Advanced Drainage Systems, Inc.",2019-10-07,2019-09-10,2019-10-03,3,7,Berkshire Partners Holdings LLC; Jones Ross M; Moore Roy E. Jr.,141766954,30.881428571428575,2019-09-10,2019-10-03,2019-09-12 17:40:52,2019-10-07 19:10:15,12635443200.0,0.01324746264326182,0.030448103750970734,0.030716797913917127,0.05914910286446462
WOOF,"Petco Health & Wellness Company, Inc.",2021-01-21,2021-01-19,2021-01-19,6,6,Bonfilio Michelle; Coughlin Ron; Eskenazi Ilene; Hassan Tariq; Tichy Justin; Zavada John,165600,18.0,2021-01-19,2021-01-19,2021-01-21 19:05:08,2021-01-21 19:05:19,745296960.0,0.003782985880293799,0.021683088888465152,-0.25201103445685646,-0.17748615985684757
WOW,"Wideopenwest, Inc.",2017-12-22,2017-12-18,2017-12-20,6,7,Bright Jill; Elder Teresa L; Fish Richard Edward Jr; Kuo Catherine; Martin Donald Craig; McMillin Thomas Patrick,777925,9.722857142857142,2017-12-18,2017-12-20,2017-12-20 19:19:53,2017-12-22 21:00:28,445855520.0,0.031179629393588648,0.013769419093915714,-0.053069086336668625,-0.28655359214702625
WOW,"Wideopenwest, Inc.",2018-03-22,2018-03-19,2018-03-20,3,3,"Crestview Partners III Gp, L.P.; Elder Teresa L; McGee Nancy A",10630473,7.313333333333333,2018-03-19,2018-03-20,2018-03-21 16:07:50,2018-03-22 18:19:53,445855520.0,-0.003635962180940422,-0.04330104847587879,-0.1436407090786579,0.22111469792602945
WOW,"Wideopenwest, Inc.",2018-06-05,2018-05-16,2018-06-01,4,4,Bell Matthew John; Elder Teresa L; Martin Donald Craig; McMillin Thomas Patrick,358672,8.715,2018-05-16,2018-06-01,2018-05-18 16:15:36,2018-06-05 16:30:42,445855520.0,0.024431813149961235,0.08595465928456014,0.24005269810781504,0.3025559254448733
WOW,"Wideopenwest, Inc.",2018-12-14,2018-12-07,2018-12-13,3,4,Elder Teresa L; Martin Donald Craig; Schena Don,86371,8.2075,2018-12-07,2018-12-13,2018-12-11 16:15:42,2018-12-14 16:15:38,445855520.0,0.030135182664214444,-0.02484821397515269,-0.10018353263396462,0.00889998003430259
WOW,"Wideopenwest, Inc.",2019-09-17,2019-08-23,2019-09-13,5,7,"Brunick David; Crestview Partners III Gp, L.P.; Elder Teresa L; Fish Richard Edward Jr; Martin Donald Craig",600576,5.365714285714286,2019-08-23,2019-09-13,2019-08-27 16:10:40,2019-09-17 17:10:29,445855520.0,0.02746455697002048,0.05321861509904957,-0.014826213377889141,0.007236246641676436
WPC,W. P. Carey Inc.,2020-05-15,2020-03-16,2020-03-19,7,7,Alexander Mark A; Farrell Peter; Fox Jason E.; Mahalingam Arjun; Niehaus Christopher; Park John J; Sabatini Gino M.,1771542,53.60857142857144,2020-03-16,2020-03-19,2020-03-18 18:26:17,2020-05-15 20:35:38,16615265280.0,0.028475738213039836,0.06156396269371944,0.15231640312718797,0.16164839675049936
WRD,Wildhorse Resource Development Corp,2017-06-02,2017-05-18,2017-05-31,4,5,Bahr Anthony Franklin; Clarkson Jonathan M; Graham Jay Carlton; Habachy Steve Saad,4019386,12.418,2017-05-18,2017-05-31,2017-05-22 19:00:29,2017-06-02 19:01:07,2171074816.0,,,,
WSBC,Wesbanco Inc,2020-03-13,2020-03-10,2020-03-12,3,3,Knouse-Snyder Denise H; Nelson F Eric Jr; Owen Ronald W.,154332,23.25333333333333,2020-03-10,2020-03-12,2020-03-10 12:15:51,2020-03-13 14:13:26,3390224384.0,-0.012664046323016542,0.030126237509494835,-0.022665214440275694,-0.181971501755402
WSBC,Wesbanco Inc,2020-08-12,2020-08-04,2020-08-10,9,9,Callen Stephen J; Clossin Todd; Cornelsen James W; Nelson F Eric Jr; Perkins Michael L; Robinson Joseph R; Tanner Reed J; Young Robert H; Zatta Jayson M,1008880,24.743333333333332,2020-08-04,2020-08-10,2020-08-11 15:43:34,2020-08-12 15:12:27,3390224384.0,-0.02690501774353171,-0.04855980294876849,-0.08595909120633116,0.003333251917380986
WSBC,Wesbanco Inc,2023-05-19,2023-05-04,2023-05-19,4,4,Fitzsimmons Robert J; Jackson Jeffrey H; Knouse-Snyder Denise H; Love Scott A,363324,22.744999999999997,2023-05-04,2023-05-19,2023-05-05 11:05:02,2023-05-19 15:38:04,3390224384.0,0.00021782206006737415,0.014754568857505257,0.023864293029214778,0.053275834197674454
WSC,Willscot Corp,2019-03-25,2019-03-19,2019-03-22,5,5,Bartlett Mark S.; Holthaus Gerard E; Robertson Stephen; Sagansky Jeffrey; Soultz Bradley Lee,2470284,11.482,2019-03-19,2019-03-22,2019-03-21 18:59:28,2019-03-25 17:49:27,3808123392.0,-0.04454857958794034,-0.045570278709440415,0.18106469479759713,0.24015896165281858
WSC,Willscot Holdings Corp,2024-11-19,2024-11-04,2024-11-19,5,6,Boswell Timothy D; Holthaus Gerard E; Olsson Erik; Sagansky Jeffrey; Soultz Bradley Lee,1053437,35.115,2024-11-04,2024-11-19,2024-11-05 17:08:12,2024-11-19 17:33:59,3808123392.0,-0.01138381693584567,0.0733760776333019,,
WSR,Whitestone Reit,2015-05-28,2015-05-07,2015-05-28,4,5,Holeman David K; Lambert Paul T; Mastandrea Christine J; Mastandrea James C,92141,14.212,2015-05-07,2015-05-28,2015-05-11 16:31:54,2015-05-28 16:32:29,781663104.0,0.006261558766591735,0.006737530073195108,-0.01779200738756548,-0.046710647988145726
WSR,Whitestone Reit,2016-08-22,2016-08-19,2016-08-19,3,3,Holeman David K; Mastandrea Christine J; Mastandrea James C,67847,14.56,2016-08-19,2016-08-19,2016-08-22 17:00:13,2016-08-22 17:00:57,781663104.0,0.026153041052085158,0.004253192122736227,-0.0664504470416718,-0.05737282201352856
WTBA,West Bancorporation Inc,2016-03-02,2016-02-05,2016-02-29,5,5,Gulling Douglas R; Milligan David R; Nelson David D; Roberts Marie I; Worth Philip Jason,38001,17.238,2016-02-05,2016-02-29,2016-02-08 17:10:49,2016-03-02 17:18:07,416743296.0,0.017003929249615135,-0.020479701201265632,-0.050517093757994846,-0.04387135782546081
WTBA,West Bancorporation Inc,2019-05-23,2019-05-08,2019-05-23,3,3,McMurray Sean Patrick; Milligan George D; Vaughan Therese M,305612,21.116666666666667,2019-05-08,2019-05-23,2019-05-09 17:59:35,2019-05-23 16:36:14,416743296.0,0.005348551829408077,-0.0007658827610247387,-0.054415980107458406,-0.0567076055187129
WTBA,West Bancorporation Inc,2020-05-18,2020-05-01,2020-05-15,4,8,Gerdin Michael J; Milligan David R; Milligan George D; Schuler Steven T,392960,16.04875,2020-05-01,2020-05-15,2020-05-01 17:31:11,2020-05-18 16:37:06,416743296.0,0.003766458055333155,0.07286066754741616,0.035705149390449,-0.04815397108677866
WTBA,West Bancorporation Inc,2023-05-25,2023-05-08,2023-05-24,4,5,McMurray Sean Patrick; Milligan George D; Nelson David D; Peters Bradley P,226204,16.294000000000004,2023-05-08,2023-05-24,2023-05-09 16:30:50,2023-05-25 16:29:08,416743296.0,-0.022883613837289984,0.02870620597992013,-0.029814083480321107,0.016119354439374733
WTW,Weight Watchers International Inc,2016-03-03,2016-03-01,2016-03-02,7,7,Amouyal Philippe; Debbane Raymond; Elkins Cynthia; Fajgenbaum Jonas; Kelly Denis F; Lainovic Sacha; Sobecki Christopher J,3344622,12.19142857142857,2016-03-01,2016-03-02,2016-03-03 16:16:43,2016-03-03 16:20:23,29018533888.0,-0.0036750374663898633,-0.0023706466871171727,-0.031087527719045216,0.03782251735601028
WULF,Terawulf Inc.,2022-04-13,2022-03-15,2022-04-11,3,4,Pascual Bryan J.; Prager Paul B.; Revolve Capital LLC,8076424,7.85,2022-03-15,2022-04-11,2022-03-17 13:46:07,2022-04-13 17:18:10,6171371008.0,0.03199371121250649,-0.10292355076945703,-0.32765686430149266,-0.6221992439197468
WVE,Wave Life Sciences Ltd.,2015-11-18,2015-11-16,2015-11-16,3,3,"Ra Capital Management, LLC; Takanashi Ken; Tanaka Masaharu",33220000,16.0,2015-11-16,2015-11-16,2015-11-18 17:30:12,2015-11-18 19:55:39,2496613120.0,-0.02190848522391009,-0.007417082424850507,-0.03636639749874737,-0.3078346502233126
WWD,"Woodward, Inc.",2022-09-06,2022-08-03,2022-09-01,3,8,Blankenship Charles P; Donovan Paul; Hess David P,3257464,94.68875,2022-08-03,2022-09-01,2022-08-05 11:53:37,2022-09-06 15:13:18,23132360704.0,0.00576512093006909,0.015522789610922905,0.012979913771802742,-0.00035096797724043505
WWW,Wolverine World Wide Inc /de/,2022-12-13,2022-12-09,2022-12-09,3,3,Boromisa Jeffrey M; Hoffman Brendan; Stornant Michael D,1152125,10.413333333333334,2022-12-09,2022-12-09,2022-12-13 18:13:34,2022-12-13 18:19:22,1459028480.0,0.08212375615588785,0.0016091418057684326,0.4890397118531149,0.6173684826854532
XERS,Xeris Pharmaceuticals Inc,2018-06-27,2018-06-25,2018-06-25,3,3,"Flynn James E; Palmetto Partners, Ltd.; Redmile Group, LLC",23500020,15.0,2018-06-25,2018-06-25,2018-06-25 19:16:39,2018-06-27 16:58:59,985590272.0,-0.027198657367799584,-0.05154223165630567,-0.05111082609569684,-0.0647813013630445
XERS,Xeris Pharmaceuticals Inc,2019-03-12,2019-02-19,2019-03-11,5,5,"Deutsch Barry M.; Edick Paul R; Hecht Beth; Johnson Kenneth Erland; Redmile Group, LLC",6238585,9.824,2019-02-19,2019-03-11,2019-02-21 16:18:05,2019-03-12 19:15:03,985590272.0,0.04034077795568569,0.11522022402366616,-0.05522868547816551,-0.16341570645294112
XHR,"Xenia Hotels & Resorts, Inc.",2015-12-08,2015-11-20,2015-12-07,4,5,Bloom Barry A N; Gartland Thomas M; Verbaas Marcel; Welch Andrew J,471744,16.222,2015-11-20,2015-12-07,2015-11-24 18:00:20,2015-12-08 18:02:23,1530607872.0,-0.022773952901913308,-0.017564337459663126,-0.058588409980006584,0.05081898773869331
XHR,"Xenia Hotels & Resorts, Inc.",2017-03-08,2017-03-02,2017-03-07,3,3,Bloom Barry A N; Donahue Jeffrey H; Verbaas Marcel,636154,17.166666666666668,2017-03-02,2017-03-07,2017-03-06 17:14:21,2017-03-08 18:14:40,1530607872.0,-0.0294444373049626,-0.005283099167776806,0.052498467685283545,0.04681870218133288
XRAY,Dentsply Sirona Inc.,2019-06-07,2019-05-07,2019-06-06,4,4,Casey Donald M Jr.; Holden Betsy D; Key Daniel P; Lucier Gregory T,1425407,54.3175,2019-05-07,2019-06-06,2019-05-07 16:28:14,2019-06-07 16:21:53,2654041088.0,0.011782749186930008,0.004832439101277064,-0.038753078869017576,-0.09450533976520215
XRAY,Dentsply Sirona Inc.,2023-11-27,2023-11-20,2023-11-22,3,3,Campion Simon D; Coleman Glenn; Lucier Gregory T,908400,30.28,2023-11-20,2023-11-22,2023-11-20 16:08:23,2023-11-27 16:34:45,2654041088.0,0.005921056868985697,0.04196604598643772,0.1475771835477575,-0.032975092533311656
YEXT,"Yext, Inc.",2022-03-14,2022-03-10,2022-03-11,5,5,Battier Shane; Richardson Julie; Smith Hillary B; Walrath Michael; Yehoshua Tamar,621027,5.846,2022-03-10,2022-03-11,2022-03-10 16:51:39,2022-03-14 07:36:55,697030272.0,0.009167403471740165,0.05387779419206651,-0.010546942210798549,-0.0648834020990563
YORW,York Water Co,2015-03-19,2015-03-11,2015-03-18,3,3,Hand Joseph Thomas; Hines Jeffrey R; Rasmussen Steven R,7353,23.02333333333333,2015-03-11,2015-03-18,2015-03-13 09:05:18,2015-03-19 09:45:34,479880928.0,0.051686509543807935,0.03439112004915856,0.042523956778452776,-0.07612484109847362
YORW,York Water Co,2015-10-19,2015-09-16,2015-10-16,13,15,Bracey Vernon L; Dotzel Cynthia; Gang Michael W; Hand Joseph Thomas; Hines Jeffrey R; McIntosh Bruce C; Miller Kathleen M; Newcomer Robert P; Osman Jeffrey S; Rasmussen Steven R; Snyder Mark S; Strine John H; Waters Ernest J,38612,21.478666666666665,2015-09-16,2015-10-16,2015-09-18 09:00:15,2015-10-19 08:39:46,479880928.0,-0.00390390724297196,-0.04223139159659839,-0.021102157118084497,0.1128365932558103
YORW,York Water Co,2016-04-18,2016-03-16,2016-04-15,12,13,Bracey Vernon L; Gang Michael W; Hand Joseph Thomas; Hines Jeffrey R; Keller Jody L; McIntosh Bruce C; Miller Kathleen M; Newcomer Robert P; Rasmussen Steven R; Snyder Mark S; Strine John H; Waters Ernest J,33233,28.614615384615384,2016-03-16,2016-04-15,2016-03-17 10:00:05,2016-04-18 14:28:21,479880928.0,0.02655707617531511,-0.08031851688729152,-0.1687928202090332,-0.07605781593902339
YORW,York Water Co,2016-07-18,2016-06-15,2016-07-15,12,14,Bracey Vernon L; Gang Michael W; Hand Joseph Thomas; Hines Jeffrey R; Keller Jody L; McIntosh Bruce C; Miller Kathleen M; Newcomer Robert P; Rasmussen Steven R; Snyder Mark S; Strine John H; Waters Ernest J,32805,30.40571428571429,2016-06-15,2016-07-15,2016-06-17 08:47:37,2016-07-18 09:00:37,479880928.0,-0.013184571762612673,-0.000920333360977299,-0.08689798946105587,-0.06617524149910337
YORW,York Water Co,2016-10-17,2016-09-14,2016-10-14,13,15,Bracey Vernon L; Casey Erin C; Gang Michael W; Hand Joseph Thomas; Hines Jeffrey R; Keller Jody L; McIntosh Bruce C; Miller Kathleen M; Newcomer Robert P; Rasmussen Steven R; Snyder Mark S; Strine John H; Waters Ernest J,32887,29.475333333333335,2016-09-14,2016-10-14,2016-09-15 09:44:31,2016-10-17 13:05:05,479880928.0,0.06102457476750711,0.10893574469680445,0.2634475198707753,0.16690526817204354
YORW,York Water Co,2016-12-21,2016-11-21,2016-12-20,3,4,Hand Joseph Thomas; Hines Jeffrey R; Rasmussen Steven R,21424,33.182500000000005,2016-11-21,2016-12-20,2016-11-23 08:48:00,2016-12-21 10:12:39,479880928.0,0.017628988378042387,0.013163678548080093,-0.10853066739106976,-0.12497154868576066
YORW,York Water Co,2017-04-19,2017-03-20,2017-04-17,13,14,Bracey Vernon L; Casey Erin C; Gang Michael W; Hand Joseph Thomas; Hines Jeffrey R; Keller Jody L; McIntosh Bruce C; Miller Kathleen M; Newcomer Robert P; Rasmussen Steven R; Snyder Mark S; Strine John H; Waters Ernest J,32045,33.56785714285714,2017-03-20,2017-04-17,2017-03-21 09:15:18,2017-04-19 16:17:53,479880928.0,0.03614726266235424,0.09519879272654452,-0.08866880390012954,-0.07331136515203307
YORW,York Water Co,2017-06-21,2017-05-22,2017-06-20,3,4,Casey Erin C; Hines Jeffrey R; Rasmussen Steven R,3550,36.012499999999996,2017-05-22,2017-06-20,2017-05-23 08:23:02,2017-06-21 08:50:17,479880928.0,-0.03033962580210159,-0.0570963292086033,-0.0781535914866972,-0.1425778088685724
YORW,York Water Co,2017-10-18,2017-09-20,2017-10-17,13,20,Bracey Vernon L; Casey Erin C; Gang Michael W; Hand Joseph Thomas; Hines Jeffrey R; Keller Jody L; McIntosh Bruce C; Miller Kathleen M; Newcomer Robert P; Rasmussen Steven R; Snyder Mark S; Strine John H; Waters Ernest J,32327,32.727999999999994,2017-09-20,2017-10-17,2017-09-21 11:21:00,2017-10-18 11:13:56,479880928.0,0.015368678157654747,-0.031150982734134525,-0.008256316760236082,-0.20864118952210609
YORW,York Water Co,2017-12-21,2017-11-20,2017-12-20,3,5,Hines Jeffrey R; McGlaughlin Erin C; Rasmussen Steven R,4903,34.85,2017-11-20,2017-12-20,2017-11-21 14:04:38,2017-12-21 14:30:30,479880928.0,-0.0003294940917915046,0.001145596308493202,-0.09442021239812748,-0.08923086610658437
YORW,York Water Co,2018-04-17,2018-03-20,2018-04-16,14,16,Bracey Vernon L; Cawley James H; Gang Michael W; Hand Joseph Thomas; Hines Jeffrey R; Kain George Hay III Esq; Keller Jody L; McGlaughlin Erin C; Newcomer Robert P; Poff Matthew E; Rasmussen Steven R; Snyder Mark S; Strine John H; Waters Ernest J,29135,28.835625,2018-03-20,2018-04-16,2018-03-22 08:16:29,2018-04-17 16:00:55,479880928.0,-0.005283410405388933,0.020894517621378617,0.00027948896315721505,-0.038410352497074696
YORW,York Water Co,2018-10-23,2018-10-15,2018-10-22,14,16,Bracey Vernon L; Cawley James H; Gang Michael W; Hand Joseph Thomas; Hines Jeffrey R; Kain George Hay III Esq; Keller Jody L; McGlaughlin Erin C; Newcomer Robert P; Poff Matthew E; Rasmussen Steven R; Snyder Mark S; Strine John H; Waters Ernest J,30582,28.93625,2018-10-15,2018-10-22,2018-10-15 15:01:21,2018-10-23 14:40:40,479880928.0,0.019793494271796774,0.015208044643302165,0.02281410308462206,0.008726490619980654
YORW,York Water Co,2018-12-28,2018-12-21,2018-12-27,3,3,Hand Joseph Thomas; McGlaughlin Erin C; Rasmussen Steven R,2728,33.46666666666667,2018-12-21,2018-12-27,2018-12-26 09:58:38,2018-12-28 08:52:38,479880928.0,0.017249349552071136,-0.027897527839745195,-0.013102860489746515,-0.027744616443553083
YORW,York Water Co,2019-03-21,2019-02-20,2019-03-20,3,5,Hines Jeffrey R; McGlaughlin Erin C; Rasmussen Steven R,10686,34.012,2019-02-20,2019-03-20,2019-02-21 08:38:33,2019-03-21 08:45:15,479880928.0,-0.013709738462483578,-0.007810155937531316,-0.05307733594116282,-0.016689504391648846
YORW,York Water Co,2019-07-17,2019-06-20,2019-07-15,15,17,Bracey Vernon L; Cawley James H; Colon Natalee; Dotzel Cynthia; Gang Michael W; Hand Joseph Thomas; Hardman Mark J; Hines Jeffrey R; Keller Jody L; McGlaughlin Erin C; Newcomer Robert P; Poff Matthew E; Rasmussen Steven R; Snyder Mark S; Waters Ernest J,35136,33.56882352941176,2019-06-20,2019-07-15,2019-06-21 08:11:05,2019-07-17 14:21:39,479880928.0,0.0031692169865005226,0.0006636133304491754,0.09269696555428075,0.2567368205631466
YORW,York Water Co,2019-09-23,2019-08-20,2019-09-19,3,3,Hand Joseph Thomas; McGlaughlin Erin C; Rasmussen Steven R,13879,39.083333333333336,2019-08-20,2019-09-19,2019-08-21 08:30:32,2019-09-23 09:06:37,479880928.0,0.039821426694689355,0.06720626550542796,0.014639685356784948,0.06545376675226477
YORW,York Water Co,2020-04-20,2020-03-20,2020-04-15,16,17,Bracey Vernon L; Cawley James H; Colon Natalee; Dotzel Cynthia; Gang Michael W; Hand Joseph Thomas; Hardman Mark J; Hines Jeffrey R; Keller Jody L; McGlaughlin Erin C; Newcomer Robert P; Poff Matthew E; Rasmussen Steven R; Snyder Mark S; Waters Ernest J; Wheeler Mark A,35112,43.50705882352941,2020-03-20,2020-04-15,2020-03-24 08:15:02,2020-04-20 08:44:01,479880928.0,-0.011644196759167391,-0.03915755249607333,-0.06343319171198236,-0.04823516511865189
YORW,York Water Co,2020-07-21,2020-06-22,2020-07-20,16,19,Bracey Vernon L; Cawley James H; Colon Natalee; Dotzel Cynthia; Gang Michael W; Hand Joseph Thomas; Hardman Mark J; Hines Jeffrey R; Keller Jody L; McGlaughlin Erin C; Newcomer Robert P; Poff Matthew E; Rasmussen Steven R; Snyder Mark S; Waters Ernest J; Wheeler Mark A,41449,45.11368421052632,2020-06-22,2020-07-20,2020-06-22 16:05:39,2020-07-21 09:31:32,479880928.0,-0.020264389843568598,-0.025178277235915703,-0.1884615501103174,-0.18145882979269634
YORW,York Water Co,2020-10-20,2020-09-21,2020-10-20,15,17,Bracey Vernon L; Colon Natalee; Dotzel Cynthia; Gang Michael W; Hand Joseph Thomas; Hardman Mark J; Hines Jeffrey R; Keller Jody L; McGlaughlin Erin C; Newcomer Robert P; Poff Matthew E; Rasmussen Steven R; Snyder Mark S; Waters Ernest J; Wheeler Mark A,39615,40.611176470588234,2020-09-21,2020-10-20,2020-09-21 16:48:00,2020-10-20 14:15:40,479880928.0,0.006096721117735404,0.012854714738851247,-0.04917809668067896,-0.07672355422807331
YORW,York Water Co,2021-01-20,2020-12-21,2021-01-20,15,17,Bracey Vernon L; Colon Natalee; Dotzel Cynthia; Gang Michael W; Hand Joseph Thomas; Hardman Mark J; Hines Jeffrey R; Keller Jody L; McGlaughlin Erin C; Newcomer Robert P; Poff Matthew E; Rasmussen Steven R; Snyder Mark S; Waters Ernest J; Wheeler Mark A,39632,44.86588235294118,2020-12-21,2021-01-20,2020-12-21 14:40:43,2021-01-20 15:21:52,479880928.0,-0.03824170725796572,-0.04032408206509708,-0.08767341654319982,0.029103677654107596
YORW,York Water Co,2021-04-20,2021-03-22,2021-04-20,16,18,Bracey Vernon L; Chiaruttini Alexandra C; Colon Natalee; Dotzel Cynthia; Gang Michael W; Hand Joseph Thomas; Hardman Mark J; Hines Jeffrey R; Keller Jody L; McGlaughlin Erin C; Newcomer Robert P; Poff Matthew E; Rasmussen Steven R; Snyder Mark S; Waters Ernest J; Wheeler Mark A,42621,43.525000000000006,2021-03-22,2021-04-20,2021-03-23 08:40:35,2021-04-20 14:41:29,479880928.0,0.005980697619971664,-0.02775520004770171,-0.025685402244290723,-0.14346545687492918
YORW,York Water Co,2021-10-20,2021-09-20,2021-10-20,16,19,Bracey Vernon L; Chiaruttini Alexandra C; Colon Natalee; Dotzel Cynthia; Gang Michael W; Hand Joseph Thomas; Hardman Mark J; Hines Jeffrey R; Keller Jody L; McGlaughlin Erin C; Newcomer Robert P; Poff Matthew E; Rasmussen Steven R; Snyder Mark S; Waters Ernest J; Wheeler Mark A,45172,42.85999999999999,2021-09-20,2021-10-20,2021-09-20 14:36:49,2021-10-20 14:15:01,479880928.0,0.008334308279055236,0.004581687819974922,-0.002883615458621591,-0.05993777117398835
YORW,York Water Co,2022-01-19,2021-12-20,2022-01-14,16,17,Bracey Vernon L; Chiaruttini Alexandra C; Colon Natalee; Dotzel Cynthia; Gang Michael W; Hand Joseph Thomas; Hardman Mark J; Hines Jeffrey R; Keller Jody L; McGlaughlin Erin C; Newcomer Robert P; Poff Matthew E; Rasmussen Steven R; Snyder Mark S; Waters Ernest J; Wheeler Mark A,42921,46.66705882352942,2021-12-20,2022-01-14,2021-12-20 15:48:33,2022-01-19 15:25:49,479880928.0,0.017308171314131204,0.0687544927714967,0.07660739089677226,-0.028506396009610357
YORW,York Water Co,2022-04-20,2022-03-21,2022-04-20,16,21,Bracey Vernon L; Chiaruttini Alexandra C; Colon Natalee; Dotzel Cynthia; Gang Michael W; Hand Joseph Thomas; Hardman Mark J; Hines Jeffrey R; Keller Jody L; McGlaughlin Erin C; Newcomer Robert P; Poff Matthew E; Rasmussen Steven R; Snyder Mark S; Waters Ernest J; Wheeler Mark A,140881,41.64,2022-03-21,2022-04-20,2022-03-21 15:11:27,2022-04-20 13:46:44,479880928.0,0.010428309915518463,0.002914946771555016,0.05997930342188329,0.1295287847704205
YORW,York Water Co,2022-07-20,2022-06-21,2022-07-20,8,9,Bracey Vernon L; Chiaruttini Alexandra C; Colon Natalee; Hand Joseph Thomas; Poff Matthew E; Rasmussen Steven R; Snyder Mark S; Wheeler Mark A,19407,38.39222222222222,2022-06-21,2022-07-20,2022-06-21 15:09:44,2022-07-20 13:55:11,479880928.0,-0.021901763330979596,-0.012755102411124541,0.04803068222723361,-0.003811376040272485
YORW,York Water Co,2022-10-20,2022-09-20,2022-10-20,8,9,Bracey Vernon L; Chiaruttini Alexandra C; Colon Natalee; Hand Joseph Thomas; Poff Matthew E; Rasmussen Steven R; Snyder Mark S; Wheeler Mark A,19385,37.88666666666667,2022-09-20,2022-10-20,2022-09-20 16:07:14,2022-10-20 15:10:04,479880928.0,-0.01763386631459196,-0.0011268954498409034,-0.004545771412269639,0.040032185728646974
YORW,York Water Co,2023-01-19,2022-12-20,2023-01-18,8,8,Bracey Vernon L; Chiaruttini Alexandra C; Colon Natalee; Hand Joseph Thomas; Poff Matthew E; Rasmussen Steven R; Snyder Mark S; Wheeler Mark A,18407,43.25,2022-12-20,2023-01-18,2022-12-20 15:37:59,2023-01-19 09:32:04,479880928.0,-0.01840467181168237,-0.04127957977429908,-0.08198174014696746,-0.08596742937465207
YORW,York Water Co,2023-03-22,2023-02-21,2023-03-21,3,4,Hand Joseph Thomas; Rasmussen Steven R; Wheeler Mark A,12680,44.295,2023-02-21,2023-03-21,2023-02-21 16:38:05,2023-03-22 11:22:48,479880928.0,-0.016874916525742245,0.0015860182872933226,-0.05342666887763725,-0.11457945685619098
YORW,York Water Co,2023-07-21,2023-06-20,2023-07-20,8,9,Bracey Vernon L; Chiaruttini Alexandra C; Colon Natalee; Hand Joseph Thomas; Poff Matthew E; Rasmussen Steven R; Scarpato Matthew J; Snyder Mark S,15022,40.15111111111111,2023-06-20,2023-07-20,2023-06-21 09:27:54,2023-07-21 08:43:39,479880928.0,-0.017305746552898738,-0.049698149637468436,-0.055233528756151506,-0.10553658475627103
YORW,York Water Co,2023-10-23,2023-09-20,2023-10-20,7,8,Bracey Vernon L; Chiaruttini Alexandra C; Colon Natalee; Hand Joseph Thomas; Poff Matthew E; Rasmussen Steven R; Snyder Mark S,14922,36.2625,2023-09-20,2023-10-20,2023-09-21 08:26:29,2023-10-23 09:54:29,479880928.0,-0.006073680833639461,0.010208332798948172,0.01416061557804138,-0.13818936801216863
YORW,York Water Co,2024-01-19,2023-12-20,2024-01-17,7,7,Bracey Vernon L; Chiaruttini Alexandra C; Colon Natalee; Hand Joseph Thomas; Poff Matthew E; Rasmussen Steven R; Snyder Mark S,13922,37.107142857142854,2023-12-20,2024-01-17,2023-12-21 09:31:00,2024-01-19 09:33:44,479880928.0,0.00862293070671405,-0.026276076873267717,-0.06803479236258347,-0.1216119279080119
YORW,York Water Co,2024-03-21,2024-02-20,2024-03-20,3,4,Brossman Douglas S; Hand Joseph Thomas; Rasmussen Steven R,13022,36.0225,2024-02-20,2024-03-20,2024-02-21 09:56:02,2024-03-21 09:48:05,479880928.0,-0.0025300859717237723,0.017289767580002113,0.05767908253556375,-0.034234411364458595
YORW,York Water Co,2024-07-17,2024-06-20,2024-07-16,6,6,Bracey Vernon L; Chiaruttini Alexandra C; Hand Joseph Thomas; Poff Matthew E; Rasmussen Steven R; Snyder Mark S,13415,35.46666666666667,2024-06-20,2024-07-16,2024-06-20 14:43:49,2024-07-17 10:42:17,479880928.0,0.03576654516858635,0.06544735919326883,-0.030146767540035535,-0.13116433362766722
YORW,York Water Co,2024-10-17,2024-09-20,2024-10-16,6,6,Chiaruttini Alexandra C; Grimm Ashley M; Hand Joseph Thomas; Poff Matthew E; Rasmussen Steven R; Snyder Mark S,12835,36.07333333333334,2024-09-20,2024-10-16,2024-09-23 09:30:55,2024-10-17 08:49:04,479880928.0,-0.007087190854776271,-0.046795448476408374,-0.09260985572075509,
YUMC,"Yum China Holdings, Inc.",2024-08-19,2024-08-13,2024-08-16,5,5,Aiken Robert Blaine Jr; Kuai Jeff; Wang Warton; Wat Joey; Zhang Leila,619631,33.694,2024-08-13,2024-08-16,2024-08-14 06:36:42,2024-08-19 06:08:17,18494525440.0,-0.020140592746930475,-0.011094271343387696,0.38912255220733605,0.35412007594669115
ZBH,"Zimmer Biomet Holdings, Inc.",2023-09-29,2023-08-23,2023-08-30,5,5,Begley Christopher B; Hagemann Robert; Higgins Arthur J; Kolli Sreelakshmi; Michelson Michael W,736207,117.014,2023-08-23,2023-08-30,2023-08-25 16:31:39,2023-09-29 16:05:41,19415846912.0,-0.006424119948827189,-0.01616285922910765,-0.0908134446294433,-0.03265701359144857
ZBIO,"Zenas Biopharma, Inc.",2024-09-20,2024-09-13,2024-09-18,7,7,"Enavate Sciences Gp, LLC; Enright Patrick G; Fairmount Funds Management LLC; Lu Hongbo; Moulder Leon O Jr; Nunn Jason Raleigh; Sr One Capital Management, LLC",81940794,17.148571428571426,2024-09-13,2024-09-18,2024-09-16 20:51:38,2024-09-20 18:34:18,1351641472.0,0.06030718887533526,-0.02561743136485717,0.16520645456970562,-0.5654055298188208
ZBRA,Zebra Technologies Corp,2015-12-16,2015-11-12,2015-12-11,3,3,Heel Joachim; Modruson Frank Blaise; Smiley Michael C,358321,74.27666666666666,2015-11-12,2015-12-11,2015-11-13 16:41:57,2015-12-16 12:23:17,11417804800.0,-0.049885241013805315,0.00376284639405422,-0.09268850226668923,-0.0859190210690034
ZBRA,Zebra Technologies Corp,2023-08-11,2023-08-03,2023-08-10,4,4,Burns Bill; Gustafsson Anders; Keyser Richard L; Modruson Frank Blaise,1763043,249.8075,2023-08-03,2023-08-10,2023-08-07 16:32:18,2023-08-11 16:05:22,11417804800.0,0.028109911837418622,0.08593737907956323,-0.07950556988665869,-0.17393390061386493
ZD,"Ziff Davis, Inc.",2023-06-02,2023-05-12,2023-05-31,4,4,Fay Sarah Ann; Richter Bret; Rossen Jeremy; Shah Vivek,814850,60.0625,2023-05-12,2023-05-31,2023-05-15 08:10:39,2023-06-02 08:29:15,1638662016.0,0.03963494784521404,0.07190444782683181,0.15287065498884211,0.05093209482491057
ZETA,Zeta Global Holdings Corp.,2024-11-19,2024-11-18,2024-11-18,7,7,Elzie Jene; Gerber Steven H.; Greiner Christopher E; Khan Imran; Landman William; Niehaus Robert H; Steinberg David,3203020,18.921428571428574,2024-11-18,2024-11-18,2024-11-18 11:43:24,2024-11-19 09:11:47,4436331008.0,0.17629055285097595,0.0022402160174710417,,
ZEUS,Olympic Steel Inc,2015-05-07,2015-05-04,2015-05-05,3,3,Anton Arthur F; Della Ratta Ralph M Jr; Siegal Michael D,119247,15.88,2015-05-04,2015-05-05,2015-05-06 09:19:14,2015-05-07 13:13:31,538983936.0,0.020334740774037074,0.06016070306904431,0.015802017024546755,-0.32774927106664187
ZEUS,Olympic Steel Inc,2017-05-18,2017-05-03,2017-05-16,4,5,Anton Arthur F; Della Ratta Ralph M Jr; Marabito Richard T; Rippey Michael G,174464,18.502,2017-05-03,2017-05-16,2017-05-05 14:59:22,2017-05-18 09:56:15,538983936.0,0.00044892518847139407,-0.02750606455771798,0.09960829780382574,-0.05632511374483706
ZION,"Zions Bancorporation, National Association /ut/",2023-05-08,2023-04-28,2023-05-04,5,5,Burdiss Paul E.; Huang Claire A; McLean Scott J; Robinson Rebecca K; Simmons Harris H,2730977,23.882,2023-04-28,2023-05-04,2023-05-02 16:39:07,2023-05-08 18:07:59,8525791232.0,0.0318975190128824,0.023068566106313027,0.13901886433057764,0.5103461983356097
ZS,"Zscaler, Inc.",2018-03-20,2018-03-20,2018-03-20,4,4,Bess Lane; Blasing Karen; Darling Scott C; Giancarlo Charles H,5000000,16.0,2018-03-20,2018-03-20,2018-03-20 21:02:25,2018-03-20 21:05:22,24665409536.0,0.11420043472640118,0.03118703840738557,0.10042808884589982,0.3813646662145178
ZUMZ,Zumiez Inc,2023-06-13,2023-06-05,2023-06-09,3,3,Brooks Richard Miles; Ellis Adam Christopher; Murphy James P.,1237850,14.37,2023-06-05,2023-06-09,2023-06-06 16:00:37,2023-06-13 16:01:41,425942880.0,-0.01594391570628817,0.09283248861713056,0.22749743197299743,0.1077550282660531
ZVRA,"Zevra Therapeutics, Inc.",2023-06-30,2023-05-18,2023-06-09,3,4,Bode John B; Schafer Joshua; Watton Corey Michael,59670,5.2725,2023-05-18,2023-06-09,2023-05-19 17:53:37,2023-06-30 16:14:13,501611040.0,0.007115580080596873,-0.0015299824291383768,0.06151205442536378,0.016454361126340245
ZVRA,"Zevra Therapeutics, Inc.",2024-07-17,2024-07-12,2024-07-17,3,3,Anderson Thomas; Bode John B; Clifton R. Laduane,140266,6.483333333333333,2024-07-12,2024-07-17,2024-07-15 16:10:52,2024-07-17 17:54:06,501611040.0,-0.004395834019427669,-0.0040383691693492985,0.12170501449075,0.18792862892017648
